,gene_0,gene_1,gene_2,gene_3,gene_4,gene_5,gene_6,gene_7,gene_8,gene_9,gene_10,gene_11,gene_12,gene_13,gene_14,gene_15,gene_16,gene_17,gene_18,gene_19,gene_20,gene_21,gene_22,gene_23,gene_24,gene_25,gene_26,gene_27,gene_28,gene_29,gene_30,gene_31,gene_32,gene_33,gene_34,gene_35,gene_36,gene_37,gene_38,gene_39,gene_40,gene_41,gene_42,gene_43,gene_44,gene_45,gene_46,gene_47,gene_48,gene_49,gene_50,gene_51,gene_52,gene_53,gene_54,gene_55,gene_56,gene_57,gene_58,gene_59,gene_60,gene_61,gene_62,gene_63,gene_64,gene_65,gene_66,gene_67,gene_68,gene_69,gene_70,gene_71,gene_72,gene_73,gene_74,gene_75,gene_76,gene_77,gene_78,gene_79,gene_80,gene_81,gene_82,gene_83,gene_84,gene_85,gene_86,gene_87,gene_88,gene_89,gene_90,gene_91,gene_92,gene_93,gene_94,gene_95,gene_96,gene_97,gene_98,gene_99,gene_100,gene_101,gene_102,gene_103,gene_104,gene_105,gene_106,gene_107,gene_108,gene_109,gene_110,gene_111,gene_112,gene_113,gene_114,gene_115,gene_116,gene_117,gene_118,gene_119,gene_120,gene_121,gene_122,gene_123,gene_124,gene_125,gene_126,gene_127,gene_128,gene_129,gene_130,gene_131,gene_132,gene_133,gene_134,gene_135,gene_136,gene_137,gene_138,gene_139,gene_140,gene_141,gene_142,gene_143,gene_144,gene_145,gene_146,gene_147,gene_148,gene_149,gene_150,gene_151,gene_152,gene_153,gene_154,gene_155,gene_156,gene_157,gene_158,gene_159,gene_160,gene_161,gene_162,gene_163,gene_164,gene_165,gene_166,gene_167,gene_168,gene_169,gene_170,gene_171,gene_172,gene_173,gene_174,gene_175,gene_176,gene_177,gene_178,gene_179,gene_180,gene_181,gene_182,gene_183,gene_184,gene_185,gene_186,gene_187,gene_188,gene_189,gene_190,gene_191,gene_192,gene_193,gene_194,gene_195,gene_196,gene_197,gene_198,gene_199
WT,0.20285070697773763,0.25095562004356253,0.3685564001250946,0.23052361388236037,0.0979168908557081,0.20806987296328378,0.05890961536083091,0.16453678029857424,0.20238642952897026,0.09326592606671853,0.09646142383992441,0.6489287644230286,0.026882489525548857,0.2936425204819285,0.024040702183676044,0.17761111223415027,0.015383680256558244,0.18128910881797655,0.049497821439227985,0.06859177379441411,0.1491424203855462,0.2032198300217129,0.45210083380689986,0.0012732749587581627,0.19928656259157132,0.041088592289164935,0.034225302584316976,0.11653443337873652,0.676240087380464,0.15892059594205468,0.04138442787756226,0.5521777213642688,0.12760182881255375,0.21362012354602017,0.017889367141727352,0.2296221974612029,0.6260537874365775,0.2678963012273267,0.567021376849936,0.3920311257254977,0.48963467309129516,0.014751029858434125,0.3418191965798745,0.0487258159677488,0.1675055166252541,0.7376116812114082,0.6945984036697617,0.26803117559465345,0.492709327667401,0.5794976249123942,0.1409196559447046,0.09489265251026682,0.1822932168385524,0.7165209650036529,0.7098601778433589,0.1083717061255687,0.16027851276505728,0.02327927928905704,0.051585190579858595,0.18452968607193657,0.09702220486840078,0.08256983685771437,0.40724109494635297,0.1857032208858533,0.19433294968544074,0.6938951005825489,0.6957082665293893,0.018732332919950107,0.16301366896924102,0.21261170479509864,0.24711829283453787,0.22815284131020405,0.09991171969298106,0.35222162987703864,0.43910107840833856,0.6361412592168827,0.05961293087784709,0.7701231621673627,0.49967857014969186,0.4129068852114869,0.3756645051541044,0.6629635462240958,0.14523453807094083,0.13344518998402272,0.4606045232198312,0.24663316695236842,0.431111835986909,0.26357285350701326,0.11721337078246596,0.07053342631726726,0.38882143700990274,1.0925887078180525,0.04497498593362125,0.2341145895934511,0.0049221849708784605,0.21140171003387873,0.3006561920372213,0.49872190336197303,0.8939270225027209,0.6416937042996401,0.7359476385125419,0.27891363872421027,0.6159217076063926,0.6748091973950712,0.02977239662573553,0.8278063446286382,0.3304376488424078,0.08014519747736439,0.37495501531972353,0.7501504279316663,0.07542060857767113,0.5222489673613889,0.1500459134765697,0.07090085926227768,0.040991841921846614,0.15825927106342072,0.14050553887003372,0.1778386020405778,0.03019592645702342,0.10042769727915724,0.29754355306680863,0.039680355208343114,0.09499029213583562,0.10097486589240307,0.030797858353902984,0.2288840460059647,0.6390767617844937,0.13953684693018825,0.16428098263576718,0.5263026436385423,1.1879711120471996,0.12356389615306008,0.04456101955341047,0.7350338545857664,0.08312034938070435,0.5679434819026942,0.34183698829909304,0.0796379830785916,0.29676284077227766,0.2280068659466095,0.00476300819431261,0.2347761742874621,0.11468771515990296,0.04511936383735304,0.0074897478395027995,0.7127513669388236,0.07078138885430861,0.3343115526608982,0.33638384530074317,0.12667582134491334,0.47226983815635937,0.021472460503139175,0.158940844484438,0.15544681764208648,0.33683338967754833,0.0923775676480734,0.18012068909242582,0.08788008910127956,0.09197626143355521,0.3533549597316331,0.17586884472941608,0.43365284574137,0.1571515815053771,0.12649288751125812,0.7498760273893674,0.1774885501086064,0.023209757095407922,1.000241682610712,0.1546871923840009,0.36024707388868304,0.09802713102931221,0.1686499231916556,0.2625040236526498,0.058934676619449775,0.07256119643309643,0.16024969132674127,0.07754624427319014,0.016554220566855356,0.17219553688286485,0.023845747007278508,0.10049533828454693,0.44839568270419666,0.5226831414322097,0.14275171491260943,0.41437126047244854,0.3077979729698497,0.2675340687697919,0.3892381303388936,0.6047482667436874,0.32146239494409107,0.13341362587295674,0.06449298639729618,0.0354592699785017,0.4399951079153896,0.11595529804921194,0.08679145129271504,0.4868327355534537,0.41534463980702685,0.13704862041624155,0.29417746358009056
KO_0,0.15452543090659623,0.39124764806078627,0.2940310461123416,0.1019666840514716,0.1297091692731718,0.3648942778080562,0.12565669489960782,0.13515506683797465,0.18735285433978596,0.08818807660413443,0.1394105578238294,0.5314485675548234,0.02396762028597812,0.33085531092871046,0.01834239293285455,0.08356021463495422,0.019734612566781586,0.2282136423834144,0.037991804709997565,0.13599529229934243,0.14557123941445058,0.17045654254514858,0.4109671987999357,0.0021270412898478654,0.15533364916044304,0.0297116022834815,0.019923720177953293,0.16728386196480935,0.5068447281175725,0.1600448044796378,0.046156934921115604,0.44830216350309526,0.18203736033063514,0.16952111216696775,0.015608322964184254,0.18244645485652095,0.624700556195429,0.13996555904858082,0.49244485413692357,0.34873393258760893,0.5147517515238914,0.02028795628447683,0.3136177530867027,0.09851704450964839,0.21697735651709726,0.8741031519344612,0.6089765649619796,0.3263949770846184,0.5263655453050813,0.5574933792239993,0.14922067540415412,0.06328614549667061,0.2577844370592384,0.5044569682292077,0.46994362627664554,0.08594016205100102,0.24059670790620274,0.018962097529546067,0.09090644457343626,0.13653287303339837,0.11750307811018697,0.11308367382149989,0.34575520967268414,0.2392060453201567,0.2567325243260751,0.8388766414939813,0.5416216018407576,0.023214034116644848,0.11342743011749067,0.21868986493407308,0.18934205009932714,0.36807779161420234,0.11175084320245715,0.5864474846840491,0.3817559253481618,0.5816558551101025,0.048114520470509785,0.6705057161579238,0.35071404093868874,0.23676949258872115,0.4749069657326543,0.6598042381507002,0.18175272387918484,0.09087210448551657,0.5396721617829702,0.27145563768409076,0.32181678165045374,0.25424503136818105,0.19725784064090499,0.10981900440132149,0.5311504991630343,0.9297556807720875,0.04007522205430109,0.29489718357581,0.006580035182595672,0.23177744506099382,0.2740651211686281,0.3478435996473319,0.8787873303572593,0.5308392382130819,0.7508232718303213,0.2272703264525431,0.5904308363926599,0.6689571351332947,0.02306423392761459,0.8116425410064461,0.2904875383802596,0.06696741621179633,0.24370275634435262,0.7566080779891274,0.11012071472986493,0.6034342620221784,0.23230433731044478,0.09633963949762324,0.037289222979654264,0.12669681986549994,0.14138398927702747,0.17329573331617745,0.047660493240918034,0.06434894029545186,0.3075613190551016,0.027343216171442898,0.11987738544368882,0.08659648062308074,0.06299436503360559,0.2612242013107357,0.8398610684458484,0.2243855622470158,0.259720213828318,0.49335801666940166,1.2309002300086058,0.1282527224551266,0.029824565072463272,0.6154691529548888,0.14963107941043155,0.4365681284027016,0.37920434971665073,0.0820197646233206,0.31403126382217383,0.19897601702895337,0.006214315649558997,0.1592479251539591,0.24006342243705076,0.04370967736370667,0.014968438566477813,0.6693106587730279,0.07006618275939837,0.2668649142364638,0.3625745000728822,0.1728013537787209,0.5174625354828186,0.014594477127749226,0.17887748844430781,0.14797117348621888,0.3743173973874632,0.09371392882268559,0.1282223030043339,0.08733973588791466,0.09338179799755376,0.3548882761524902,0.19104343863425768,0.42822999340334306,0.13258448012356056,0.17002576303546726,0.726419742791053,0.18509616596994344,0.028994225028809075,0.9664782341768459,0.18834273585531322,0.3494462755170739,0.07010013547718044,0.16119750325785923,0.18024876289997493,0.09710930145664003,0.04918889666076542,0.17215886152813933,0.08600615845237737,0.01856235113457037,0.17081580635710983,0.03031557247980633,0.10520474705163295,0.41412032544437805,0.39581144835088056,0.12583693479643634,0.38032075434416396,0.35473911534794145,0.38898540641258655,0.3936992768955882,0.6234857321868367,0.367942354080053,0.1447860315773296,0.07407882793138562,0.01999753982066226,0.39766424025491587,0.11890407534749944,0.0891842491304755,0.49536539169107435,0.4794941061984869,0.13726901547536857,0.2635663338543825
KO_1,0.3486339416323815,0.1574302873462805,0.5093224601998365,0.3707930265984126,0.09309173950599249,0.08617293330794572,0.020506673331103027,0.226761635660818,0.1955675801120755,0.09988971351170794,0.04051528709893787,0.7988192796160863,0.019544511257840267,0.32156534504255446,0.024327389143899064,0.39128527101415805,0.014937917453744759,0.1718692740080745,0.048508773243784775,0.02405589125604617,0.1847403243078616,0.19014736081448996,0.5345517254208116,0.0008490828354254489,0.27238199181398587,0.054270549747368814,0.04043856784967567,0.08555473132478474,0.8611987874132813,0.1599395514137417,0.03485385736856311,0.6389277295648583,0.1067305397396606,0.35739735533375255,0.02975956400561973,0.34431834547241913,0.5252992420402544,0.4451831300016196,0.6733430823377164,0.4339942341813933,0.47619505295682507,0.011782418461931262,0.3169667332314258,0.025577895973744946,0.15113685195497154,0.66520512391309,0.7118462232356998,0.2050615174331904,0.5028103668770578,0.564442845379842,0.13857120699827988,0.12572935990605594,0.14941245755102006,0.9949165352839219,0.8702423740428079,0.11987442455110982,0.07631338206628216,0.021518921288560984,0.045222839990284563,0.2658761482856222,0.09929713916129047,0.08276804563189545,0.5313797003428632,0.13888592678777525,0.1539617144171243,0.3978618679498032,0.8091968334607553,0.012329274095595007,0.20788897057013273,0.21170526953878016,0.3253295787732609,0.15134299658749947,0.1124078371530526,0.16092701139566482,0.4670715029235092,0.6203613224673434,0.06439689239503578,0.8656607567137491,0.6579914226241914,0.5642027414677917,0.3133078703822223,0.6754300076346803,0.12230603727332842,0.22270634603263692,0.39227268281965466,0.2497283481761647,0.6903783733937173,0.24177250936861572,0.07269884778917737,0.0523341025335884,0.299892737597599,1.2569503605568046,0.046521583397785185,0.16675654361050285,0.0027715965904823695,0.18117294658247937,0.32858576129362904,0.6954227331216498,0.9807007163382573,0.7689765152809502,0.6926184246982581,0.30549861114172605,0.6147856080467584,0.708585542233868,0.048517619391635576,0.8523222636120077,0.3320560133486887,0.09312055169304378,0.4881081377413048,0.8412119455049427,0.05606388419303889,0.3970068504011118,0.10473276057412746,0.054342598028675214,0.04357794553485777,0.22857879617483753,0.13834123512085728,0.17044521298044632,0.016699388492885114,0.1718453951162127,0.2279860845286523,0.051679184600906716,0.08009804114802914,0.1321382969382177,0.016117335246940232,0.21852864003759875,0.4244522269862052,0.1108739721233445,0.10071863776031845,0.5047019159183898,1.0650220422874634,0.12061131874452925,0.05849461946050779,0.8426015038155955,0.05223106083981707,0.6615077489360724,0.3395669771656988,0.07983646030576466,0.30550652282091467,0.23769002210337184,0.003251974518773268,0.3069685694890707,0.04181228086047842,0.045740452164899005,0.004402528043424373,0.8116407306818791,0.0760036198240242,0.42934074942727013,0.32184105847630257,0.08298567134340262,0.47939725751098067,0.0280075528917125,0.13182813734135151,0.1551758817197471,0.2732711345598183,0.09181259134898657,0.22673715961213395,0.08820151708230699,0.09208607118451183,0.3531969264130589,0.1356860887273877,0.4359776647221769,0.1732691899136848,0.10155284763499622,0.8018727971409751,0.162198778585738,0.01660041950282851,1.0110607179690194,0.1337619834580671,0.40999762669581846,0.1239498512701621,0.18442761689061857,0.3370763204512469,0.04073559544974631,0.09530529861082587,0.16971238261781313,0.06364595374834808,0.011495332429923904,0.17232034822893466,0.02005317806881804,0.08346939964320196,0.4383843488774061,0.6172990005422625,0.13539829812515716,0.4826877771643244,0.2848743334364411,0.19728841809282485,0.38734505268371755,0.6018948482538536,0.24971964539915523,0.11188635565034648,0.049496321471453955,0.05495909833602008,0.4797856311866649,0.11262442693097661,0.08526428707522188,0.47426795988850246,0.3726430595730323,0.1367598078131284,0.322323075749154
KO_2,0.05570172088199085,0.5072022179855528,0.23379280941578517,0.20108418921773438,0.06535973398103409,0.627607126696849,0.3658303904114999,0.0677373929637374,0.15126491650515733,0.1430184299254402,0.23938100568456847,0.533371432431509,0.03633498123818871,0.24161363387702633,0.023828175059978435,0.07522471240920765,0.03455471965140659,0.14044088466842486,0.055444136536199555,0.3324748703296054,0.08137439321443152,0.22813534275618794,0.3300731876713708,0.002648290052539242,0.1581972881519218,0.0616118478196368,0.04726144408498558,0.2502827872954841,0.28870038705848344,0.12395575737712834,0.09547605373569414,0.6213105384160003,0.12529794126827476,0.10623601942361185,0.016190324304931336,0.12348160363051464,0.7596470367595013,0.09247638962829494,0.2355455328014732,0.3353903628273226,0.36289490047053213,0.025482301497746246,0.499573556401652,0.09047027208418781,0.15826812299883947,0.6524849253916765,0.5840832804417686,0.350231588108382,0.5117064449558409,0.6764359628301606,0.16977621972161255,0.07082459334766746,0.24527493658102448,0.27903813445865194,0.549792816929543,0.10311350179291826,0.4327625262518121,0.04495817646611176,0.10810601717089242,0.07100984538150482,0.07362249027574676,0.08200818133745094,0.29994531273131125,0.5319444964349374,0.25056830440048433,0.903178489938458,0.560368396935061,0.041019159984755096,0.1288338643833753,0.2065526822404893,0.13665840732783338,0.3254035721833427,0.03575718972787746,0.8788965252280103,0.6013922186338024,0.6392522000233009,0.04536752853092861,0.5721264111616251,0.1305550964070511,0.3410655535529837,0.4462559736590431,0.5519921971765752,0.2550666168845798,0.04354967866236137,0.5154957625733183,0.19554605719591148,0.10096210814819741,0.1605008204846254,0.2304750600196047,0.09269017749779483,0.4905606082965957,0.6443672779764883,0.02225233164016619,0.3615331143825168,0.018285822378473177,0.3204652191256212,0.2844594878112884,0.2637073455531328,0.8147189994988734,0.4237635192142035,0.619707406135454,0.24352209533478275,0.5184992869486262,0.6439953108687214,0.020881630808522154,0.7373531575440243,0.3889156731100209,0.06495211311506596,0.27611914223327305,0.6262057633302932,0.07648477871381154,0.6958576491229562,0.2227625567059468,0.05348331470575797,0.03764966929282771,0.10427684967663653,0.12950273311589716,0.22406638342106794,0.10608585742210223,0.05633107266381955,0.42025097617242807,0.030303474067550032,0.112524928585199,0.07616144137352585,0.07935808925084982,0.19450503998257399,1.0190055327018714,0.10496082362683405,0.3117506058919523,0.5556874343682838,1.2712948048141965,0.12044730752698027,0.03231652998583221,0.6253766030528923,0.09638768594573881,0.47200227206224665,0.32691317201410397,0.0784397645689254,0.24004537795599795,0.19220680363222106,0.013248602305454932,0.12617395730591247,0.3801736198516716,0.04629814114147762,0.00860123534474906,0.5807538648020817,0.08281060219719728,0.1379266040681523,0.4647715494159257,0.23675964722045853,0.3215753122897332,0.009232081436281545,0.20390508088438283,0.16307933871843197,0.545063835495316,0.09117804340367945,0.14104165834826463,0.08821438824583541,0.09124043863091265,0.36006954007684217,0.2677303164344416,0.4385645027309765,0.2770789786356129,0.15697290854480572,0.6777524409823182,0.20352065577041292,0.02691805904471001,0.9673773077790773,0.17855289536230864,0.2410243391824425,0.07693625260217912,0.14732381355882843,0.2028904065106897,0.0848529345413062,0.054789270271990834,0.12884224863443658,0.12799058152618972,0.024986859516068365,0.16614087914673076,0.028394053616062842,0.16469337975899528,0.45040900977329346,0.42946814997578087,0.13878541665920818,0.2629861545361054,0.44037646214415294,0.35323100089848464,0.3852746716432339,0.585690423372937,0.39729020738252846,0.1740314553007979,0.12607847456784244,0.007558155165892105,0.37591859227734375,0.11080238749701278,0.08519658051270437,0.5331712843416011,0.46134882744043365,0.13883980784128147,0.27269669390039003
KO_3,0.21083285286769363,0.24521356193077348,0.37515266546484155,0.23527931072879377,0.09440807145656203,0.1794157481435236,0.054539092772491096,0.16737844555987214,0.20425968906965894,0.0895877444865342,0.09428492972496688,0.6498386764120628,0.02686309705886337,0.2936843251740666,0.024228196454926132,0.16756319322409258,0.01053512589846623,0.18058932687549215,0.051143434590021346,0.035326224501775076,0.15026062881352947,0.2052290738131004,0.4566437751577749,0.001251211946907767,0.19982728045118592,0.04052715166372441,0.03640123162580799,0.1140056434498658,0.6862856950832402,0.16142071887306897,0.02928700830461923,0.3859471457452872,0.12621901075622038,0.2132028839602214,0.018027162341885537,0.23311940109739965,0.625076489567291,0.2766445187857628,0.6588328327871703,0.3917634293999845,0.4886344054450044,0.01452598470043191,0.3411364911805617,0.047121262541435456,0.16606923862183146,0.7342295047398362,0.6970142025499662,0.25452055770983617,0.484616537994223,0.5798479985504859,0.1391930672090938,0.09639498484349145,0.1792954052076974,0.7282143078951048,0.6284187121139319,0.10907523620189251,0.15662545153404042,0.023245547150915,0.05013008448726602,0.18822920335206336,0.09937873431568016,0.08157549622112416,0.409861321832399,0.1821301928419854,0.1929585250520681,0.6869834203765073,0.7007894725696941,0.018435231452986124,0.16191383633607428,0.21196491704924178,0.2507325204799608,0.22174931636037054,0.12179000705268121,0.31264568768119266,0.35622769971652657,0.6293292060191324,0.0599576834683404,0.7750715002818636,0.5095120133604243,0.3873251232913438,0.37201928418606034,0.6642134692108848,0.14454460830834712,0.13658626595784476,0.46965834461958245,0.24654368917752623,0.44807357459818314,0.2746764259992299,0.11411957473384121,0.06920001703388746,0.383604316503426,1.099594253682562,0.04526257140710624,0.23747404423975685,0.004798978306923927,0.2093164290632002,0.3019168712952126,0.5086630657995558,0.8951716870855982,0.6452900173633145,0.7235965629743593,0.28149846335849665,0.6168962681594649,0.6753059701586204,0.03126557310211199,0.8284858337323934,0.3302480782583901,0.0826981292612028,0.38084575565064005,0.7497104623823231,0.07453933397352117,0.5134286346928696,0.1478490986552555,0.07048663059123812,0.041079145196483736,0.15973131734520185,0.1415673470808205,0.1773598366090295,0.02937985752082559,0.10221285394023605,0.2975023020409279,0.04026667029934105,0.09412587390889879,0.10161389108772372,0.029780699150732788,0.22858928390232122,0.6314490518475175,0.16127989058720363,0.16095719117635013,0.5261632518151095,1.1856337414261378,0.12350062596103312,0.04512646938142941,0.7402608698357691,0.11365404462688998,0.5731644873972316,0.3417187130449898,0.07930382759826697,0.29693641331547166,0.23002835176761946,0.004674495098667304,0.24378747658235414,0.10974886854399475,0.045313988355909586,0.01121817650834562,0.7193724859920376,0.07135588507709925,0.3448134595830631,0.33474470926017624,0.12447173036948743,0.4721720901465588,0.022941750781135035,0.1568861865365145,0.1551489900153069,0.33364147016523754,0.09217498635902073,0.18246475138516546,0.08788091581098219,0.09175602023677552,0.3516583290542662,0.17428552663534966,0.4344447089050993,0.1573314924253898,0.12499884902099138,0.7534467317851233,0.17675404256394261,0.02305053426944244,1.0015858468077024,0.1534621048336141,0.3625381930947989,0.09933691368417685,0.16949300035682605,0.2663394663136359,0.05776988121168118,0.07366347151043659,0.1603775634797893,0.07683036995527609,0.016298328945563705,0.1737488825570444,0.02361929389952122,0.09968025958923041,0.4440770084920819,0.5278427105874721,0.14791848731037738,0.41746951841322555,0.30561865214391354,0.26329165367009877,0.3886169398976829,0.6026687714966905,0.320025812925453,0.13235769475430234,0.06370656751894661,0.03934030307068763,0.45102896634409995,0.11610388862617586,0.08676078951187279,0.48594357224738544,0.4129337123497235,0.1370266467453985,0.29056225072835873
KO_4,0.19888764107893003,0.2552992181199155,0.3639967896658817,0.20601559417789764,0.10429290165661947,0.22927070308452036,0.052422474114942864,0.1662155764436503,0.17777567521706908,0.08181493168969023,0.09369223389664383,0.6522673932772615,0.034880162937600885,0.28971068441474934,0.024378527001693153,0.18548792924565452,0.015323769089259835,0.18051024049871145,0.04055841188941474,0.05821463436348065,0.1341619070754507,0.22510579581199675,0.4813687910455109,0.001290852770824262,0.19565118291592776,0.03894022236423968,0.03626518878341038,0.11618067651956716,0.6762232687179363,0.17414682389293437,0.04007132419816762,0.5250251467034922,0.1281456207646792,0.21517937919812072,0.018267114636770023,0.23053413448656512,0.6192761030222551,0.3093395420716983,0.5783257016310129,0.38238796841425193,0.45427406020661726,0.014721025933789367,0.33659912713703366,0.046346531867181795,0.16739152346674804,0.737683970725786,0.7572853019890766,0.266855485622291,0.49390118247597803,0.5721316523472613,0.13938254126930225,0.09415415105990632,0.1855412174038876,0.7088811371966707,0.6926756441784907,0.10751720568053187,0.16104636359946445,0.02337125979059563,0.053938321186221834,0.18292341482242594,0.0937297227057981,0.08287258732556925,0.40520981032500897,0.18404913630198064,0.1990564583464332,0.6979657268976935,0.6519750608320513,0.018126081672447978,0.19194762320601563,0.19477332833569708,0.24499313958796087,0.2105241039580811,0.10414042551423408,0.38054566645348886,0.4945989736878065,0.568623369410348,0.06111237610930479,0.7646067076016467,0.5013460305680453,0.43606797604437775,0.37744138099570823,0.6607847026251539,0.1341324406092333,0.13632689939660694,0.46177060593062286,0.2463816045289943,0.4173481166646643,0.2553835649101937,0.12035534634531081,0.06574765553242728,0.3914324520130317,1.0125633676295385,0.046203861462729826,0.23132085533046193,0.00507269371661664,0.21185856572789996,0.2980750330012422,0.5136978111246774,0.8928095598612944,0.6378103718401731,0.7320039293557666,0.278753058661889,0.5612118476300632,0.6743748138842478,0.03438773390023828,0.807437652369903,0.33235508151476817,0.08021912021320181,0.372064088399701,0.7413126364655439,0.07603484476462116,0.5298123727963922,0.17390644052284093,0.0809104568481658,0.04070716004115944,0.14908264780033015,0.14387232105299352,0.1875798961068282,0.032681980506641714,0.09933005617465249,0.2948682291538992,0.039397424006067105,0.09543157538090584,0.10049863643106091,0.031372178406258645,0.23051738771160368,0.6403298096500358,0.10149585213297158,0.165093579231305,0.47761357586137454,1.1696702179796477,0.12541369723287832,0.04379344179204609,0.7341198107697886,0.08843283084155189,0.5653468434849274,0.35621522748917933,0.08147967593663029,0.2970310978262082,0.21772198090890305,0.004806365398809956,0.22872052389265463,0.09225500549218452,0.04530378696826097,0.008092438648780023,0.7073031757363422,0.07023806102043746,0.3268057015426245,0.3339049115659046,0.1281286212681666,0.46912877221631677,0.024043591948492725,0.1607112336799988,0.15219253409099315,0.33902258902073334,0.09218510678747499,0.17895692645580813,0.08767886495446561,0.09304701317617795,0.3533434151624161,0.17887163981924814,0.43442060625313095,0.1544324486235033,0.12724184014117773,0.7469727940621274,0.17705329455389435,0.023527447170747666,0.9981464545366128,0.1552895753191533,0.36447106189142253,0.0974065140704537,0.17412357625078137,0.26055669688256605,0.05952485485782093,0.07202131523566271,0.1602796194390925,0.07803926926063462,0.016766890728815757,0.17220293071223358,0.023962549628928256,0.10151327380339127,0.40606429315034503,0.52012354068109,0.13897032560751055,0.41226483363369376,0.3045418251100126,0.2696714858232836,0.38863718461017693,0.5480647825158683,0.3234700594165879,0.13278837337458996,0.06504623439118881,0.03284213053097379,0.4282102765143458,0.11650112737035348,0.08773058102845013,0.48701538631244284,0.4165198964975623,0.13707027201181793,0.29370148730780443
KO_5,0.23355493896824162,0.2359289600526594,0.3756781383083565,0.25174276305447485,0.06797844630331666,0.19711302780263618,0.039025765694522166,0.17217059979152594,0.1990466616400251,0.06354113637584649,0.09297179706691888,0.6682212467820982,0.031154185087717105,0.2824946142090548,0.025776749048082807,0.1682468008627447,0.014913423718735674,0.1751458972722165,0.06769197169411093,0.06510788138297295,0.15084996239725576,0.21635302623991007,0.46679193043761014,0.001229295122726609,0.20962093616559024,0.03738293670253881,0.03876281898333727,0.11211243198333856,0.6969244146265443,0.17740461965148996,0.04053264720021393,0.5567777685544035,0.12037860764513893,0.18794705980162515,0.018996568629691984,0.23513551764248658,0.6287414774483624,0.3010020093665897,0.5807209102941725,0.3757812457553997,0.4800918345128167,0.014029850064156737,0.34276968662378937,0.04282041209742816,0.15891966497911877,0.7171832590237327,0.7284493515882664,0.2669208059663519,0.4204566603597676,0.5887361840703365,0.12501196060203926,0.10076851938893816,0.17002573364436535,0.7427241261811418,0.7368426458418122,0.11164414022539579,0.15107176559531438,0.024268305162421618,0.047321571020745246,0.1923520499015516,0.11824603071230692,0.07792669960429269,0.4141626709502704,0.1754695167675209,0.19520677692829827,0.6719608920923632,0.7081601714113495,0.018012355578697816,0.13887845059502923,0.20702183334275653,0.25567518880962803,0.1988445122109849,0.09867373925007468,0.25639409808700336,0.4620008271251678,0.630115576918473,0.06382110541547927,0.7798414441732016,0.5297265644123773,0.44047157838971296,0.36183802257521114,0.6621885395294971,0.14870254882904044,0.14109266534305737,0.4419473103240157,0.24208545654841554,0.5123969637564162,0.28781551012658113,0.10596168300829199,0.06452164037398293,0.3689689189364265,1.0940212249103576,0.04658550791339542,0.28663716474762246,0.004805139449728834,0.2040360484762595,0.3057788602881934,0.5280470541735289,0.8898158634584682,0.6568359230462054,0.7335961510782707,0.2860998350233561,0.6070862373314078,0.673220102754836,0.03503548364441413,0.8224521715763348,0.3237169351064064,0.08238369554202479,0.3977428894592348,0.7282151345857357,0.0719575924888516,0.4810288178253827,0.1451746207092793,0.07107448888856524,0.04093948213646406,0.16351554908665805,0.14951385529414385,0.16964629757707825,0.029127275723527375,0.10621793907935725,0.31003956670941,0.04196886373096173,0.09166039082196445,0.10263239258097237,0.027747964651017816,0.22592213103878234,0.6218984646882304,0.11962761454717138,0.15252965963611384,0.5211844944062317,1.1786722034413202,0.12360567826400713,0.04600988712099713,0.7536723235959983,0.0775594545537728,0.5879835328554398,0.34014376746980807,0.07598659271759022,0.29404446526064537,0.22995428999514608,0.004602368303235741,0.29819867102055453,0.09764300252451186,0.04555132862184188,0.006931545941536819,0.7444576001345031,0.0759818258489369,0.3966218309347839,0.3288061460348285,0.12181074846051392,0.460019139856362,0.034946375539309626,0.14955827644758804,0.15268860360594408,0.33338070858952373,0.09196484454574978,0.18926911888676107,0.08787269012439256,0.08977731124202128,0.3531926738748432,0.17713572459429197,0.4353571320148624,0.15838275491723042,0.12082835963935284,0.7667545404408225,0.17555802354515548,0.022812904062688735,1.0045915717679668,0.15007842383530207,0.3620501679214197,0.10306913328722095,0.17138231891644962,0.27816679095961977,0.05455681108226528,0.07688546525761836,0.15795365682766835,0.07677406060706424,0.0156752746916334,0.17234161999441833,0.02299323683545897,0.1002033502227706,0.44455869926596925,0.5425812260016685,0.19712131878067635,0.4177573827207731,0.29853252633503696,0.2514726890732668,0.38788510746902694,0.5871919024367812,0.31775831166547475,0.13059701487036726,0.06365432380387216,0.07444704666113716,0.527804380931078,0.11690551581409765,0.08681435216384113,0.483728491574675,0.4060940622231805,0.13704699053401156,0.30170808543641486
KO_6,0.20737333107583375,0.2566475818774946,0.349159865393286,0.24935336369098007,0.1192898024472934,0.21133290108321154,0.06642421231100716,0.16253529466777064,0.2057971604606252,0.10846988211112202,0.111500242753308,0.6095902661938388,0.030637588637103627,0.26096832319247765,0.027177870052694314,0.17427099792803283,0.016759662034472753,0.17481998316271266,0.0499542637441919,0.07740669513044136,0.14715834039530773,0.2012606179045562,0.44207741532331324,0.001194895324281273,0.22201853148506076,0.04278056311195948,0.03127041715977295,0.12024768138530859,0.659049796613842,0.1486696320536033,0.04087380603898977,0.5793357265390697,0.12420755359767503,0.2065891268511221,0.01764407489218387,0.20772134738426434,0.6279808965794605,0.24572373417063764,0.5515466415255738,0.3992433859058635,0.526282903256141,0.013825314124273298,0.3307187157783408,0.049702212467726006,0.16362183905932212,0.7345349481782595,0.7193124677909895,0.28929229499834985,0.48736921083652185,0.5731399798779064,0.1206960270809872,0.09573827120836471,0.1844542433594879,0.6991408251799234,0.7289302808756003,0.10938899499242609,0.1663714169427567,0.02469177494439056,0.05134830685652219,0.1768652848009038,0.08667077385925064,0.08087646731899407,0.4046191385766794,0.16596489078796403,0.19059283743591243,0.7286456670324771,0.7082782466308152,0.01750250263960083,0.1749923976112174,0.21668086415218937,0.2425026849275312,0.2320346655851536,0.08980483794949143,0.36412835295929774,0.44594159136201555,0.6715025598666213,0.07512727677614255,0.7549432319663609,0.5395188039011859,0.41951515701610803,0.3735750112398286,0.648265899044614,0.12781657502840646,0.12869335175341745,0.43825939220792115,0.2412704081847616,0.40649239255957936,0.2605304235349371,0.11843936367930934,0.07068078402784804,0.38585988506790947,1.0956820761314376,0.052316095539625164,0.21952927226529348,0.0053479172555797394,0.20823162812843615,0.30250285001487764,0.4801413721566835,0.8786939463315483,0.634466772970135,0.7297154544514266,0.272914684187532,0.6246521018082747,0.6688795184629851,0.02808887307765662,0.8287393819805202,0.32300171061928834,0.07960558918858564,0.37828880815556937,0.7296364862570018,0.0735198520766791,0.534200391870558,0.14390133253694076,0.07789720587863651,0.04123105035530428,0.15556859488868244,0.1363429461648449,0.1842975132441649,0.032759433266759425,0.10000184852856882,0.2966274627779391,0.04001239224808432,0.09448571273232037,0.1003504369716871,0.031209470224336722,0.23653088453771545,0.6223520921470462,0.14262644823463091,0.15739635447212055,0.5423389591823506,1.1955261777025783,0.12485059923469041,0.04524177569292734,0.7355052527469812,0.07801857945760372,0.5708866430254207,0.3361274440337031,0.07954112761283705,0.289188244385479,0.22663430440490856,0.004852381589224065,0.2350720694885365,0.12600058862440822,0.04483033350420794,0.006925746060132938,0.7030059045560041,0.07086182948641734,0.32582181634265706,0.31425523658392285,0.1299960880935537,0.4566824643711874,0.02059841090931518,0.1617667535216488,0.15801636828795915,0.3463195822843249,0.09265090570707905,0.18143592637234549,0.08773009020006847,0.09190459251100995,0.3538488396855221,0.1954306326298055,0.43251213018764956,0.14204893821065026,0.12563834373064897,0.7446534090232785,0.1779946509189343,0.023986158903843303,0.9991395575193709,0.15398824089989727,0.3512749806052081,0.09876597646230524,0.16681682052358568,0.2646056600895188,0.05827154497257993,0.07318612915813745,0.15567007349409306,0.07967014585070631,0.017383337534360402,0.1717554618932252,0.02372459068098547,0.10338003343229639,0.47118981876918503,0.5255962931350956,0.14705429415110247,0.4053694544754741,0.2889828871521579,0.2651475063348555,0.39016263619190267,0.6173315109709052,0.32308829058946137,0.13416269908948336,0.06686833651682322,0.03505691772856537,0.4161780843998229,0.11551368121779897,0.08744131149098956,0.48547841864073615,0.413972517250278,0.13711008965221863,0.3032084547317715
KO_7,0.2256611649492494,0.18919655959943707,0.39411325159859395,0.2467905470992738,0.06788888968993423,0.13941918133224956,0.04198639068173636,0.17845902951852605,0.18857111709620322,0.08415103121016274,0.08027085451524775,0.6590882971418619,0.037951959732500096,0.29586321229979834,0.024400956160208244,0.19420088520526432,0.015848312707893022,0.18252889454248708,0.07200842779770787,0.051619108343973145,0.15165289581694938,0.20056950272662857,0.4735479821323143,0.001186579733504178,0.21082245512658798,0.04000112014706057,0.03668858909176273,0.11498659729195373,0.7118823819845904,0.15736748229336053,0.039196792508196326,0.5610339725961307,0.12446263760893309,0.1815714309280191,0.022372488563767657,0.2505894855196744,0.5911659316972754,0.36862778857982,0.59919325094263,0.38995652554540994,0.4807950477584283,0.015138365875101333,0.33107258475528567,0.03812427320422877,0.1646064967448443,0.7044141076425582,0.7203275745081293,0.2516521648532816,0.4762187406170608,0.5839337196952901,0.13130808806686148,0.09922720200866669,0.1364159399679822,0.7767820229126617,0.7416310201445889,0.14342576403706314,0.13347400775359589,0.02278513473719937,0.05325938277072291,0.198147167545378,0.10360981404155832,0.08551444506453491,0.436196144469154,0.17221068138480297,0.1909154777938494,0.617694925541011,0.7019588552636318,0.016554095890679098,0.1692198069613565,0.2069924173224062,0.2594448854138276,0.2533739166149185,0.10438366024421458,0.2926096792730392,0.4593377524223522,0.5786897546019122,0.06263971058408062,0.8557246183294982,0.5354701623725592,0.4295812552949684,0.36539235885879606,0.6595674719766869,0.13910930127383872,0.15161521841721062,0.44956278393991356,0.24796037450644973,0.5134508969345003,0.2589725955382164,0.1049907319934262,0.06570925065863158,0.37402608643033736,1.1035174837069779,0.047183492281008245,0.23414326340099945,0.00673379470114942,0.20231192016564617,0.3006917375610984,0.40473135170265645,0.8916920789157479,0.663632437049521,0.7167487754188414,0.28295607782803267,0.5920207849680189,0.6739574713881772,0.026997213544675845,0.8269364396346011,0.3292352328228632,0.08228117821481233,0.3918347675311371,0.7626055587256754,0.07198248038345643,0.4667373869455718,0.1480640756846322,0.07197633135832597,0.04121234899480925,0.17614792929843373,0.14309225073497256,0.175801920852069,0.027543341372840285,0.11348152436615862,0.3085483582561615,0.04136332656485585,0.09250003235673451,0.10796594154504274,0.02771078146758561,0.2297492230761782,0.5905621905571408,0.09312285415189502,0.14814027333876312,0.5007086796275674,1.1533339914191683,0.1237710590694793,0.04613978639224213,0.7537029924611238,0.07810058256911559,0.5828188136557978,0.3453408570355465,0.07515326883929967,0.30168868289838574,0.22410382101474766,0.004432445594010432,0.2577614715615904,0.08707470075626739,0.04535580165920847,0.006976863750592709,0.7448756780036861,0.07423245861746477,0.36381282072186055,0.329919660750728,0.11574459986113221,0.5994265984997151,0.026065674449272838,0.146393868120705,0.1550474213801183,0.32458170846913664,0.09214846204182933,0.18687394844094576,0.08785254165644105,0.08926319025413244,0.35352405564035144,0.16978992884027003,0.4345606507628817,0.15561458785124183,0.12227473416994648,0.7670357353499159,0.22342238782125848,0.021860821721799695,0.9988667850084028,0.1512224667349462,0.3706393077973187,0.10175614184710884,0.17265203524503892,0.27399355823674065,0.05564712914300308,0.07574766394463352,0.16235589501892211,0.07482798041922202,0.01561349559174673,0.17204348940282135,0.023207017150292285,0.09801625996307635,0.4122653537340553,0.5374714668585475,0.15268280337641874,0.42644263749332534,0.2973586987776155,0.2555591454028282,0.3884967653146774,0.5872052138074767,0.263488807949863,0.20823339047340247,0.061484479907343244,0.04542762773232883,0.4641264384217257,0.11623077151204345,0.086899333621312,0.483011819277048,0.40844246297051384,0.13730664623521202,0.29863109794317083
KO_8,0.20289254333123238,0.25091099646168513,0.36863370191346195,0.23055796262181727,0.09791485275709531,0.20803490247601075,0.058892913269803046,0.16457831308111315,0.20240720199533677,0.09326905205533044,0.09643350735031156,0.6489881349056589,0.026875416292084862,0.29367389187265586,0.02404003566622898,0.1776626244664918,0.015375040649836589,0.18130813311489716,0.04948741191518494,0.06857096792101428,0.14915098103428467,0.20319877709158546,0.45209210756605933,0.0012723509436063693,0.19930240820475706,0.04107618523454945,0.03421672541664595,0.11652544996953992,0.676393704851071,0.15890210305687788,0.041374841110671155,0.5521915257793378,0.12757991877357486,0.21368782903355976,0.01788798092837398,0.2296224911709356,0.6260753467850481,0.267945642142585,0.5671008050013635,0.39203590409998285,0.48967492425425496,0.01474591993553163,0.34186739699092555,0.04871301291344355,0.16749265014843912,0.7376307733347821,0.6946508382639494,0.2680180419610215,0.49271628362991027,0.5794510047243842,0.1409335628021662,0.09490403420946711,0.1822544790552192,0.7166492262441054,0.7099575198913669,0.10839014533894296,0.16027067321283675,0.023275752131048093,0.06897833719463999,0.1845922086546332,0.09701763490444933,0.08256917642889414,0.4072624386535723,0.18569666492812917,0.1943392620913446,0.6938543696007042,0.6957614729583709,0.01872356614897709,0.16301364756773268,0.21262475252078436,0.24715878748625453,0.22812412177511984,0.09994293453816733,0.35212668760367316,0.43911415339668924,0.6362119594523784,0.05960191015630144,0.770181120294482,0.4997580403814973,0.41298620793343543,0.3756622472641957,0.6630214106014155,0.1452148907474163,0.1334584492081208,0.46064105780809883,0.2466639076694299,0.4312117514785746,0.26360102896239035,0.11721138143893227,0.07052682411022562,0.3888032785581317,1.0926654989330893,0.04497665146934332,0.234140425693637,0.004916813652612825,0.211403507485127,0.3006481732582263,0.49876977396487393,0.8939547237676557,0.6417557868933828,0.7359668008078654,0.27890136722061853,0.615949330667759,0.674770565069118,0.02978047505267531,0.8279071609568506,0.33048510707602313,0.08015543284333893,0.37495694491686554,0.750174066368415,0.07542030501855596,0.5222200702395717,0.15004108475419775,0.07089875586151309,0.04099644243477039,0.1583018242403839,0.14049892785973103,0.17784791084678378,0.030184034396313338,0.10044724172157597,0.2975378326397992,0.039691017798274025,0.09497394237046866,0.10098568660189672,0.030798019397049785,0.22890085998199572,0.638981575984422,0.139537638676632,0.16425148144454652,0.5262910427897832,1.187965166009919,0.12357331358624284,0.04456263013892736,0.7350874463447723,0.08310348050567909,0.5679975103459995,0.34181144740472685,0.0796334993564613,0.2968035837583449,0.15410706261354096,0.004764680127764675,0.23477866955305035,0.11465006004596681,0.045112452568804466,0.007486376489391828,0.7127673777693907,0.07077481654206137,0.33435028979198905,0.33638863577723205,0.12663749906075986,0.47225625880057404,0.021466850386503398,0.15893169205235191,0.15543561771043282,0.3367972609324255,0.09237668234664526,0.18012509690111306,0.08787864038751979,0.09196144288234666,0.3533297625306545,0.17585896133522053,0.43361281468936524,0.15713888534965867,0.1264917273529633,0.7498749170202937,0.17748924256688628,0.023213564490542026,1.0002508372723766,0.15468152199816876,0.3602614241497549,0.09805421065643026,0.1686460574829836,0.2625259756143872,0.05892391445354719,0.07257615115124771,0.1602427355817156,0.07753743364513174,0.01655139579610863,0.17218612608374997,0.02384849464665213,0.10047883181235562,0.44844869288285455,0.5226865461753584,0.14274717830826267,0.41440971577715807,0.30779971124393013,0.2675135810224417,0.38926153248159284,0.6047284593354965,0.321467111967561,0.1334040261629109,0.0644825320946517,0.03547249682526133,0.4400033802408851,0.11596143808944538,0.08679982931675699,0.4868874439214997,0.41533883854211573,0.1370530708798026,0.29415498809449225
KO_9,0.18854788369280828,0.2621601660022462,0.361680356106217,0.21968197077813326,0.10051406749270661,0.21158359241987848,0.06189906110655228,0.16909606827647355,0.201401482680865,0.09194995947970215,0.0989971498739924,0.6773781619884037,0.0314352100437892,0.2945908428378559,0.02373150977739291,0.16343577346767219,0.015627915780071423,0.18391745086435546,0.04876203402848249,0.08519467081698595,0.15015214604006394,0.201045114630131,0.44965057904176525,0.0015233544427174811,0.19527888582032418,0.04003222434156386,0.027458611264322703,0.11989944195006523,0.6620749303570393,0.2101099985377674,0.04167343633552929,0.48953325895895117,0.1306839544386582,0.21007852351457373,0.020242312098657574,0.22480571215039985,0.6292637337218734,0.25417611350856156,0.5600432775770517,0.32467716648940903,0.49044818269556456,0.015038291879964982,0.33995463845094936,0.051680422903641464,0.17034987679333177,0.7468224788614442,0.689764063362318,0.27730655774462615,0.4922643296497904,0.5779993682846676,0.14109690709649145,0.09226076110528753,0.18869795230862726,0.6992450365658232,0.6644754788900794,0.10555488586980487,0.16554426500645547,0.023041296294716712,0.05359971764669171,0.1850890767197006,0.09886409413607161,0.08427291919100292,0.4020865876308718,0.1888040252408057,0.2264098095237631,0.6746987219359467,0.6839733725057603,0.019044584405469994,0.1576121263723501,0.21309871881577916,0.24221342409147975,0.23602014140936714,0.10603646761878859,0.35827463221751127,0.40714437268118187,0.6368046347965116,0.05913192139732156,0.7594026823180572,0.4890543613609118,0.38801729062436774,0.3821729191477732,0.6620464394031702,0.1478359779887794,0.13432410126392763,0.4553033700618991,0.24796242500094062,0.4187958033355028,0.26673500933847333,0.12193314914833565,0.0729164874188243,0.39824573116441886,1.0808662907404418,0.04469967494694382,0.27445793427705756,0.005046039742309094,0.21299402223235475,0.2983907066589618,0.49212728979498566,0.8922997858372828,0.6328522747316655,0.7330054070263649,0.27532287947808365,0.6142485318115585,0.6741944338074876,0.029550181352156035,0.8253541864829537,0.32705290406300036,0.07960994340602642,0.36457994141343475,0.707729771709183,0.08030055517783768,0.5304728588983013,0.15481742172234955,0.07270364777511308,0.039055800600869155,0.15301461505319522,0.16987383538886758,0.1772143744909861,0.031361109510951404,0.09716504871816019,0.2985132792834998,0.03865785115159596,0.09658087515612294,0.09975403132704172,0.03249179015112266,0.23104144839605023,0.6539277990603976,0.1542170384350338,0.16987148545329858,0.5252606938283187,1.1913730832858214,0.12389791636660125,0.04013944663603162,0.7280802514403432,0.09679200123077432,0.5586077474541998,0.34458094983747645,0.07977922868857891,0.29770088099473746,0.22591776555617774,0.004868419797913657,0.23044899281815978,0.12193403774830072,0.04444899860328563,0.00905037238871738,0.707899250494218,0.07056014209129419,0.33066575794814634,0.337547724943893,0.12996460220690065,0.46952331750371135,0.021221849045059936,0.1608783103567821,0.1445915531394251,0.34015049991114693,0.09301643912738988,0.17595589909959186,0.08784524050961327,0.09203308140847048,0.3534245691348632,0.17787687828591311,0.4310663525800822,0.15488510990186521,0.12923033432318817,0.7473078443731465,0.17633804060273928,0.023622816959743984,0.9986296941725501,0.15687452612495686,0.3589472211778209,0.0958051177645587,0.16819374727530959,0.25589862931050844,0.0610785773323827,0.07063013711255751,0.1607310106973254,0.07828740030977534,0.016769457606167524,0.1721191542387027,0.024254391372889424,0.10112703758121659,0.44885198714453456,0.5134163549510901,0.14370997827236529,0.4111986558780521,0.31017087637548835,0.27523422732975905,0.3913664917730944,0.606224690189028,0.3266720913584841,0.1317280600442357,0.06532282305102055,0.035020114656442815,0.4396077541527875,0.11622295259642425,0.08696187103146544,0.48747777181635427,0.41968513591861406,0.13707540099157384,0.29630293791603496
KO_10,0.20583584749886102,0.25063116087873394,0.3661378419817307,0.2200699401744636,0.10112611031072455,0.19729193468559797,0.048675722019605225,0.16462209680025486,0.20326925612066427,0.09393865532659484,0.11060263478922398,0.6419448608892341,0.02798721047967377,0.2877064229262146,0.02447861615135789,0.1716449633380966,0.015339759565332926,0.17976865028889238,0.049949663972723546,0.06647530899754885,0.1374097240865089,0.20344898531204098,0.39735562999737184,0.0012541055978267971,0.1417076092052767,0.04509282151105182,0.04318931619684029,0.11740821766947995,0.680211613255539,0.15024604726353694,0.040400510704005035,0.545876448550967,0.12652237296803065,0.21123858161155099,0.017932177527488477,0.22564203519831008,0.6195946176767755,0.33641721850229134,0.577357395454075,0.3923507719499825,0.49531200055020735,0.014547495606221095,0.34095156942434085,0.043720005241039264,0.1672897556223512,0.701537078455592,0.6997068551332515,0.2697307043643248,0.4840057765273185,0.5791809360750054,0.13565203772100534,0.09544348264575651,0.1816391369784336,0.7158701588772302,0.7094017846438871,0.10880683175094631,0.13022145063252952,0.0235618422627723,0.04879259492622653,0.18390567098867333,0.09629590763214974,0.08195647211660317,0.40732057571146657,0.18187311466682984,0.19362568847808387,0.6976597524213014,0.6994927654236945,0.018065707642219046,0.16332494473310813,0.21321532882756017,0.24707892750748559,0.22512917461080362,0.1071567176064535,0.33914926345027074,0.40547604596739995,0.6036427166558034,0.05983937815557107,0.7686351198244112,0.5077794998550855,0.40236170262629717,0.37432465016978633,0.660608630319683,0.14265576873001987,0.13643012600648494,0.4546516379533759,0.24546374600497195,0.4382150818856751,0.26007596797594756,0.11669508118725185,0.07024043331565497,0.3868474731526825,1.0946604040213792,0.046686208209202607,0.23470203437220657,0.004380468604342408,0.20997709766113892,0.29847550309626747,0.46497116668358024,0.891301476833299,0.6416180522483713,0.7289467662658226,0.2996953910333281,0.6177536018414085,0.6737830280594923,0.030191677354906462,0.8317495017194979,0.32992478809060416,0.08100502609403741,0.3771613615666452,0.7456311619706283,0.0748217354529891,0.5187785836862663,0.14824353318351843,0.07173313128689215,0.04105004815170487,0.15777447602419178,0.1403513513786577,0.17830372369923203,0.030464356727471727,0.10080448440923141,0.29831900652210297,0.039904384511922124,0.0946548108769178,0.10102330427055317,0.03062826999271099,0.22976729191491144,0.6347619915655692,0.14934429615661912,0.1622425110383828,0.5301567901876878,1.1888596776517733,0.12372672576903095,0.04479604934476347,0.7377374588626529,0.08367123970500107,0.5698719020046383,0.3170457822514675,0.07954209478253249,0.320968017599138,0.2382457474140937,0.004764084201335123,0.23812115093212047,0.11556770751327562,0.045979779719154346,0.00756319721589891,0.7155527426545004,0.07150190375993473,0.3363231532897241,0.3324653138653219,0.12678232716459753,0.4690718574059572,0.02184736148555464,0.15814952724664047,0.15742851832828786,0.33802726267770367,0.09154063760147534,0.18099099318285483,0.08786382400102515,0.09191603693855233,0.3533116386075631,0.17880344544338966,0.4370358891757424,0.15490191054725494,0.12592459304765288,0.7514180070257528,0.17745615218775343,0.023266552613737498,0.9991947305063317,0.15422645921530326,0.3495334133232077,0.09852028760754988,0.15879292487685293,0.26405241678171476,0.05849577573300906,0.07296872905547348,0.15924924903071186,0.07780949761963389,0.016544433441358447,0.17219314146890427,0.023767101400782073,0.1015555787911891,0.4278208483677757,0.5245914483322192,0.14597001372813145,0.413249969156992,0.30211622296095453,0.26594707451203675,0.386518710691412,0.6066093056994699,0.32135509262552164,0.1333801361204437,0.06477818528229626,0.03687939238664925,0.44080874287662064,0.11493227513562526,0.08686720455510522,0.4862159928756229,0.41443855688712844,0.13697104054237777,0.29656198876585266
KO_11,0.8684763014157094,0.04428578653033887,0.6359713744318736,0.8841476110013359,0.03418836357740158,0.0487664398520933,0.012551212802582602,0.3144588347216021,0.3719615187639737,0.1316856735798311,0.02861238530217004,1.1718480616342157,0.015611456918554858,0.2573257069464482,0.04361752461098909,0.7895612611732052,0.006701161986184091,0.08177154582377763,0.07059144871396235,0.03345264573542831,0.19740597717132233,0.4232498763839404,0.6607613105648577,0.00027275065464517606,0.38752296205370307,0.08046117192055531,0.06826386652261199,0.028912623705110097,1.0884829558223348,0.10839557461232122,0.046361420909869715,0.9392183017603664,0.04046864259917875,0.41478630297496094,0.011476545144105687,0.4576127108015557,0.8266990290201215,0.9127068834700679,0.49747791530871555,0.5426262338245315,0.3638852770400099,0.0052272945301136756,0.48268743765010685,0.0029606205831396366,0.06817747281270344,0.4753781359897968,0.8355375678650406,0.20318743763686853,0.531624630590182,0.6737053574720491,0.2347630617081793,0.3082481798931654,0.05452574926471932,1.191084115724114,1.0419085597384412,0.2055425912074755,0.07998216623252746,0.042665840260361285,0.004020842289622538,0.36816167924312554,0.04410378018073615,0.018672760936149526,0.5083120004516811,0.11325314199038365,0.0700142637229921,0.46228899494023806,1.0873488676127077,0.01790213939117638,0.4390321526866334,0.2008650615738098,0.5207388821860015,0.03264135871540284,0.06042699519695418,0.06398376831199083,0.6689521958150355,0.6447814345479124,0.05999958444145401,1.0208598215933145,0.8713281483257036,0.9708062840361155,0.1533673819078851,0.7661450408087792,0.068007301153981,0.3168502710353708,0.20910395402253362,0.18134168156896427,0.5927567376963641,0.24560640807818057,0.01809610003998617,0.018856043536338532,0.09993259034715017,1.4395437461995273,0.04318229800237694,0.07619843823952209,0.0016370289766702737,0.18787103684442058,0.4812984203880308,0.9734495776532486,0.9373961558453019,1.0061848455049665,0.8528542417006479,0.4726866036388431,0.8187169415514506,0.6917397970324367,0.043551837556309335,0.8078296867262083,0.46507696505378876,0.14140981577390868,0.8815035006956844,0.7007773847828985,0.023044721743818438,0.40046304160988894,0.028666531662486013,0.01603632377939585,0.0494482917758249,0.2274201370795915,0.13229927030997637,0.22796453816954482,0.008708519439278663,0.26129887422882364,0.25899259710845396,0.12775988839855465,0.0429084867536613,0.1260872270678733,0.0026412739867925023,0.1270455830364903,0.2533162306229436,0.027232787136065188,0.044801243499556664,0.7266879237739592,1.094820065238339,0.11395805877709034,0.12721722623962284,1.0979286428778965,0.00959030653690988,0.9180323561616137,0.26282798743737584,0.07542881668414252,0.2567814761547247,0.4291508553528052,0.002066640645609107,0.4987093191471058,0.013102069488523663,0.048559617316371366,0.0006734850980298714,0.7752686606210517,0.058366924611682504,0.49921401889028105,0.31889886876802503,0.06111529806398685,0.31615200175725205,0.033296345785335496,0.13253295248479602,0.18343315055428774,0.22422575894443877,0.08928286318368824,0.4524431992475887,0.08895334648717007,0.08943567659503547,0.35034111417921143,0.1033651739003158,0.4466093542941422,0.3591701664732928,0.0449007579336746,0.7830179683105112,0.1425504288602924,0.014291512186090252,1.07195942116271,0.07809038733569491,0.42423729235831564,0.2672079713711749,0.21073893896832294,0.6511238242692498,0.010522000768756834,0.23425536802979124,0.1336230983175394,0.0531674497200473,0.013447336071221843,0.17499935542746883,0.010759446090284548,0.07063418686269798,0.4539313928623124,0.9024934127698574,0.11417147049303362,0.5474738340719705,0.27252582802034675,0.05700186798721491,0.37886120868386675,0.5676497696242984,0.28247844451670406,0.08685156372022504,0.038891138956722485,0.06273284784661838,0.4939244015667929,0.1062464145485631,0.08184584229019604,0.477027726834495,0.24521976673534188,0.1366191617332113,0.40464671739351277
KO_12,0.20346686945881412,0.24934700285373487,0.36917220489373503,0.2310219789284855,0.09712426599651416,0.20615984012046726,0.05838959861342717,0.16086107597495095,0.20200765453609063,0.09300241920036381,0.09602117386607495,0.6491502558292187,0.02710811022848691,0.2936178938364454,0.024058548120536847,0.17809492828099216,0.01539580585448278,0.1812710491472096,0.04993373275858005,0.06809025367354389,0.14917691085060403,0.20313961830034688,0.45261679608539557,0.0013181678583749437,0.19959536287842797,0.04105590681141618,0.034302736083211036,0.1164852484412062,0.6771760009073616,0.1589105179749905,0.04133325477404792,0.5524106778447673,0.12749582251855718,0.21289386182096742,0.017985388794414348,0.23008313043905995,0.6251736601274988,0.2700888647594977,0.5678352339040583,0.39194506566078546,0.48943591224652294,0.0147608131959903,0.34160030756588117,0.048447724800109976,0.16741483668920962,0.736645564129186,0.6953999248217001,0.2675958113940696,0.4921754420594121,0.5795257868062822,0.1406388160804815,0.09500774879010658,0.18106933804322758,0.718055514703975,0.7107795406811348,0.1090853021132546,0.1595341142766474,0.02326849991817419,0.051631240989435716,0.18488640367997547,0.09718796868213345,0.08265751476499393,0.40796327216479694,0.18532959805930113,0.19427897365818728,0.6919299100643869,0.6959188776116666,0.018663971421545404,0.16315199890991072,0.2124612900933297,0.24744586019549883,0.22863746868499493,0.10000905427113922,0.3505498673095931,0.4396710633547456,0.634953551840663,0.05970116520507811,0.7721815166854523,0.5006485613251779,0.41347673659214473,0.3753394676474716,0.6628772143048228,0.14507499202629406,0.13387221905573002,0.460359800755068,0.24665558038483187,0.43310540772451706,0.263479687845033,0.11690730248950054,0.07041269975535025,0.3884360566932245,1.0927959876325997,0.04503777501474864,0.23419006760592243,0.004525840848409284,0.21115846922134937,0.3006270304931567,0.49662895799542656,0.8938540464022258,0.6422363221551733,0.7354362776928932,0.2790449070648922,0.6152527154938452,0.6747874341163014,0.029727122137440345,0.8277901875341988,0.3305437727508907,0.08019690812580701,0.3754278657482365,0.750442727299345,0.0753141315541644,0.5208476756754834,0.14997769336612662,0.07093450655251961,0.0410024689101197,0.17362655630348123,0.14057776096146543,0.17779516211745916,0.03012348559541461,0.10076063749822292,0.29781134541285015,0.03972702850010171,0.0949240919419171,0.10116089042794098,0.030719533434762292,0.2289022212275411,0.6377269090567856,0.13820866322650596,0.16381767754244206,0.5255917362908378,1.1870879138813932,0.12358116151216314,0.044605370886488256,0.735528876145609,0.08297755193947758,0.5683472313689979,0.34191603954710453,0.0795572132962626,0.2969028448905485,0.22790579939082253,0.004759144624986097,0.23537545697073467,0.11389022653603577,0.045114275319967534,0.007474402632849545,0.7135211170702728,0.07086253393308828,0.3350884526032321,0.33620948565233133,0.12637096726236594,0.47505683777488106,0.021583511516316472,0.158599292819956,0.15540649226996034,0.3365408669309979,0.0923659773084477,0.1803057880730765,0.08787756778368788,0.09190653514978062,0.3533324815793891,0.17578060490797387,0.433666214528968,0.15710310679444625,0.12637629775993972,0.750293924090017,0.17842436494289943,0.023168889878590684,1.0002285936495732,0.15459723239462372,0.36051726227065334,0.09814368926807558,0.1687517223548811,0.2627979445618933,0.05883855655374342,0.07264740526186543,0.16029351364386193,0.07747316613185558,0.016533272246529052,0.17218466050673134,0.023830275579001508,0.10041067731478887,0.4476451626905042,0.5230748593411149,0.14305106775800538,0.41473565942910157,0.30749758576257175,0.26722091018571703,0.3892446060904417,0.6042492746619809,0.32001119201001854,0.13479994883540103,0.06441793722267918,0.03571097975964385,0.4406357822785454,0.11596781519462344,0.08678819716942493,0.48675095054929685,0.41514904129286745,0.13701150014460653,0.29426807892947127
KO_13,0.12608003115169522,0.36639102929534495,0.18302570272580226,0.36125108612353785,0.13928894877802125,0.3200200509921121,0.1501537911122554,0.11021720063049067,0.18336862007647275,0.11568295333516816,0.16832535420080996,0.5494817434681889,0.03306372314533137,0.24578599733161136,0.026083673806754342,0.11000756325868995,0.03145027484354399,0.16129384984041867,0.06826826878947041,0.2411142493846227,0.11905204330619303,0.19843701397131913,0.37334374502967344,0.0010879809681334667,0.19460087897553113,0.04918998198168922,0.033874124658413454,0.1835318635607146,0.46283931955366886,0.13743801095887181,0.07741184326611086,0.6928886841050172,0.12707285404366106,0.14113985090886833,0.025293051915548072,0.15873439946163415,0.67878670089775,0.1444186868681588,0.3641600697057619,0.359498404953579,0.47799233384052286,0.027429071315100938,0.3966637736534935,0.07062148752685561,0.1630051465365818,0.6987642039348084,0.6395152673721629,0.3429498846075669,0.46752041768225977,0.620982691302906,0.07099501024202486,0.08153509657118509,0.2129773248691195,0.47721066498789816,0.7487624326720934,0.10622098789351067,0.24783814625203565,0.03231040535444787,0.07218995762507495,0.1158668559550498,0.08961036233760986,0.0846344696001872,0.35618090918181883,0.29074438036080796,0.22361093812627808,0.8102485516977642,0.6493234493800377,0.027476129933077832,0.12735259365885893,0.2205069721797157,0.1845322058831279,0.2883855424576176,0.05179945726321812,0.5982286484724458,0.5372488100373984,0.6949057388424454,0.08961126099905897,0.5795124573332446,0.3126216004867133,0.37138159035703505,0.4115709123652464,0.5259759939571088,0.1831718101504634,0.0938295521490798,0.42419082951121867,0.2202705777066424,0.24613567129223163,0.20969859288083073,0.16356451726270857,0.08486360856154535,0.44069857432260356,0.9221573985916192,0.03731953584817912,0.30608104321331797,0.009710995640907166,0.2271660948554848,0.2921989113957815,0.26382825672585464,0.7181589605170007,0.530251951112958,0.6804848400448196,0.2547232246905028,0.5919037588030178,0.6066096882041296,0.02192833238428376,0.7967633828158412,0.33402076773090617,0.07070323939229763,0.32113424250561495,0.5004621627571552,0.07939911693666617,0.6185466165375262,0.17063858546056662,0.06678364786112592,0.03922143010202283,0.13578362826403564,0.13534862185749422,0.19274545163838763,0.0833599888200552,0.07677719990028009,0.3553641797261204,0.03449005558866993,0.1038057697639685,0.0889922288658725,0.050273074032300476,0.21155158484348413,0.7977706098680806,0.1324719209878831,0.13418649923364145,0.5629926483953395,1.2372097372077089,0.1228327485921877,0.03770388807161124,0.6804463385362948,0.07282891924158161,0.5177104132652779,0.32735238641869013,0.07588014251359805,0.2675717518964547,0.20925953295551192,0.005763766708769369,0.19222844936383449,0.24330916961539162,0.04509645813631846,0.006173683062176933,0.6389929784259614,0.07521794844480714,0.24034892783646153,0.37244567518745475,0.17967981587489942,0.3981797515868858,0.015814838513341315,0.1827676544603334,0.15950386564062322,0.4348072812791842,0.09239921612625608,0.1587652305409764,0.08795363409881532,0.08971069946981575,0.35896087437949614,0.23344571452555143,0.43348172137661223,0.18557466623735627,0.14167863260093508,0.7098677191888134,0.19174527630732313,0.027886456404341127,0.9814842623602817,0.16678265585476792,0.2938526878583035,0.08644810376381024,0.15463269156410425,0.2296018061042646,0.07135589461302244,0.06269844028598313,0.10522273083392975,0.10013507380937782,0.026928571936517764,0.1670999677486719,0.02612042423379325,0.1291843216173227,0.4864701489353673,0.47345116403057047,0.16560488933478248,0.33271186997684293,0.3497073238980438,0.3105211654555586,0.3893515005032695,0.6291531546572882,0.3518954354594963,0.15508728034095812,0.09084771327812638,0.023580511976563478,0.4258894810373765,0.1138865491266948,0.08640888165877424,0.4934563582330219,0.43901738975893007,0.13769956069052947,0.30901202373001124
KO_14,0.19962255245593372,0.2551235721237898,0.3606646333687004,0.23479679844066328,0.10315733238988511,0.2113327997166036,0.061546831144603284,0.1618214713204863,0.20230883057463425,0.09473314072181709,0.09921026764229697,0.6431174947031848,0.02698316829077693,0.28385492306926924,0.02417179897995719,0.17370910070207393,0.01585047498728913,0.18434945013911183,0.05061102475230736,0.06923852557576395,0.14810433030526013,0.20205590629561473,0.44702781471987696,0.0012702320925586821,0.19928611321130443,0.04127117770127226,0.03421770628604113,0.11900395130631439,0.6670340896414181,0.15731783514376174,0.0424232823522217,0.5576495954748997,0.12755034756189146,0.20988946767757444,0.018078999874930217,0.2258965234612261,0.6278180600582304,0.260245080815101,0.5581884511670708,0.3909124744354709,0.4911780394522061,0.015050736121223249,0.3439944123989419,0.04967273849371688,0.1672625951716007,0.7355582168110962,0.6908346183373318,0.2684662588138884,0.4911426310927605,0.5812822630090045,0.1377821901973151,0.09429952052469341,0.18337754055137964,0.7064155495027431,0.7107388958639327,0.10835862993956329,0.1630641490011467,0.023604765985599522,0.052297263310909316,0.18104742969414162,0.09673622701867327,0.08273653309080245,0.40527244411648095,0.18888629531908416,0.19541614652154393,0.6987018431501202,0.6952587596945224,0.019029492804857877,0.16061695058558165,0.2135999325437952,0.24419995981742879,0.23129285969680236,0.09731139716219014,0.3601438454735185,0.4402186998903588,0.6400443140414163,0.06058778353918352,0.7636369835962393,0.49204535652452375,0.40981011766110775,0.37712695957927544,0.6579559691153969,0.1467022952510707,0.13119825632657411,0.4621138708133352,0.24546790287300815,0.42289020225456553,0.261653216651854,0.1188648616212037,0.07456166041384459,0.390952931716313,1.0883711922635388,0.04476460004066855,0.23700370144714045,0.0050660257140151075,0.21201243750275936,0.3002549737755987,0.4874234594742188,0.8881165863847322,0.6367633618106366,0.7335873072633675,0.277805234249523,0.6165289176101878,0.6725532641964869,0.029196955340846428,0.8273146948547674,0.3303768707332508,0.07967795696941825,0.3726042957205667,0.7423232859148615,0.07560992654296537,0.5263953861615698,0.15010025586594833,0.07064670592998633,0.04093268572732161,0.15769885866599975,0.14011078691617124,0.17822898422902236,0.0313372689279116,0.0994258339860522,0.30013014457558423,0.03944456672188929,0.09534146758965431,0.10051203547035213,0.03144853559492035,0.22820066062027738,0.6446132840535391,0.14102364171110107,0.1636384953532643,0.5291949264132002,1.1906064454127636,0.12351852857237645,0.044262006702537625,0.7325020216421952,0.08273482062043407,0.5658655826929334,0.3404269472090102,0.07940370973653807,0.29790868807724485,0.22748792749405536,0.004817993650497111,0.23318833260801247,0.11944478573628886,0.04510616732108484,0.007439159283779944,0.7094985923456675,0.0709313958354271,0.3303369333196728,0.33738843610258157,0.1286006353428033,0.46930747692033364,0.02114178495282768,0.15990046398336863,0.15571756704211231,0.34065672392954904,0.09238372241596292,0.17917745089153195,0.0878712887938853,0.09181906206930732,0.35352854356928476,0.17832287215041132,0.43358434592065065,0.15782099544122666,0.12710376274363255,0.7481409765103795,0.1781837385806494,0.023350718291533564,0.9994516014581385,0.15518894694411478,0.3569411864445106,0.09752267092308445,0.16770560181932384,0.2610586468769464,0.059425352748399496,0.07212244653205581,0.15803094927897693,0.07840525526167422,0.016846743306152785,0.1720369305489159,0.023939851748620122,0.10158928913816412,0.45092134235896186,0.5205688582958757,0.14402674763740278,0.41070605172090635,0.3091231986762896,0.2692636869260175,0.3892651902031624,0.6077874570613849,0.3223862431237369,0.13443141486003687,0.06543764890274746,0.03505398768326875,0.4396024540364514,0.11590832102025796,0.0867789457276871,0.4870978270860287,0.4163438955471208,0.13708291661504157,0.29356882914374116
KO_15,0.2445494967277753,0.22675844102961845,0.38600767663831503,0.2654669734300514,0.09129649714428666,0.18625712914987436,0.051113849281564386,0.17169149651036966,0.20735568245756086,0.09457493060743248,0.08859251711514693,0.5786416567153198,0.026786802310846465,0.2897690152664244,0.025109697427626032,0.2063920331392446,0.01453975462818555,0.1731295055895179,0.05116279283991319,0.06115643872377455,0.15063146696602553,0.21169116545382458,0.4630495942415644,0.0011487435924779068,0.2086696074969061,0.04349498657773295,0.037303654224042596,0.10696660513323239,0.7126417746202437,0.15783462194033215,0.04096429758499017,0.5793742704722926,0.11873970281600459,0.22493769428216548,0.018046709619580114,0.24179757023865067,0.6301101561394418,0.303769148171037,0.579190815640161,0.401608322607681,0.4819124983884968,0.013812367682311102,0.3490060846527925,0.04139769695904306,0.15888892034657653,0.7131498508329293,0.7082293351675113,0.2594835106065618,0.4905190548703287,0.5844623435434557,0.1424063713592595,0.10295031349814696,0.1692193012383194,0.7604549931632695,0.7559494551854332,0.11340411889479661,0.14863344834622577,0.024144521297057627,0.045366189941061445,0.1961943434956388,0.09297138952530085,0.0767715944649848,0.4184468406415781,0.17798215776118503,0.1829144737467052,0.6662947175581658,0.7268894477137423,0.018079923847378793,0.1756703962926554,0.21137429729962504,0.26113330874342905,0.204617664923816,0.09729764252557682,0.3150266393297023,0.45481743214755366,0.643343182582341,0.06080641556851162,0.7910908426903662,0.5287732255464448,0.45724692339719875,0.356997704887489,0.6670472935720859,0.13912359458506562,0.1436996043933704,0.4439409236893973,0.24224463443302757,0.4518177309824407,0.26393571325944387,0.10474351208140575,0.06433910411448812,0.3620205168473999,1.1243810654292625,0.045355057539573265,0.22100143016796975,0.004595803928379442,0.20808142509741018,0.3080383379569208,0.5354052189528694,0.8985998515977637,0.6661115984801125,0.7376482222588115,0.2902840810433466,0.6236805192225967,0.6766410087650372,0.031154813866340024,0.8311161853879243,0.3392402717170585,0.08311941322838018,0.40603879215983474,0.7502389395811424,0.06954332355911873,0.507526716052646,0.13662278646896386,0.06565330842603452,0.04171730236498726,0.16451719788421276,0.14023592657904246,0.179211361065177,0.027407816940972964,0.10902716398630168,0.29502189005122154,0.042811764592649126,0.09048863384062705,0.10366386459447521,0.02644774481566994,0.22229217589034275,0.6019948575743215,0.12518827327213433,0.15007775300819773,0.5345440079874502,1.1804320316526935,0.12261546080835944,0.048168971040667675,0.7602786620574522,0.07252455796238368,0.5951085202268657,0.3355558268684064,0.0792869133141125,0.29396574635640926,0.23550207477363275,0.004505272901505577,0.250640690243548,0.09797174342319612,0.04541617908827852,0.0063951797848286656,0.7208483854732557,0.07060004557613214,0.347327323559555,0.3334046463764761,0.11861613451999481,0.46391800840510494,0.022733470099311353,0.15554074694382566,0.1570791622564382,0.32844776138752135,0.09208359952390831,0.19263879396545935,0.08797557941457523,0.0917650957493485,0.35305151112834543,0.17099711744615054,0.43481314476218963,0.1644434791446654,0.11886165808253292,0.7542444540183255,0.17568136395035192,0.022228004928528756,1.006932788926184,0.14841975672352753,0.3638319699292468,0.10491414474392773,0.17068141285629973,0.28221114586458607,0.05306518240504715,0.07849808415214757,0.15839544966708333,0.0756827262325814,0.016143232495596353,0.17246309761198117,0.022694289574086556,0.09881019998112305,0.45301450697519674,0.5497154571778642,0.1434113021248461,0.42259195291072615,0.30184966420301573,0.24588225072654155,0.3883030763532355,0.6008125351351192,0.3143049636339639,0.13077091740302269,0.062425075920372525,0.038379355176860204,0.4466727808153548,0.1153456091315339,0.08630388248555905,0.48542844424682313,0.402833242388807,0.13700941765775151,0.3009046528412343
KO_16,0.2106722933616364,0.24172975652358136,0.38516355242662137,0.23288921142171765,0.10015169738752604,0.19589534255337504,0.054576956508255135,0.16977623735761468,0.20948704107332916,0.0939829414832736,0.09136156849433814,0.659809402624948,0.025069829814210624,0.2993986956542216,0.023776136254648292,0.18455154204557156,0.014624812941600411,0.18299272314782036,0.048895230456936015,0.0634368932405824,0.15332320945380246,0.2029842207903703,0.4591786543305213,0.0012340575620632323,0.19524335411240337,0.04040754990731747,0.034841550464076894,0.11161453630760386,0.6951568509992198,0.15932928843846111,0.03994679784478856,0.5425134673874921,0.1274010911034038,0.2207266129947313,0.017785863647219367,0.2374287868765364,0.6233035441897832,0.27885399401939714,0.5748651346625566,0.39720740573879576,0.49109815499982185,0.014467193661659931,0.3384126895965847,0.04700572623068199,0.1676352622919344,0.7384087683350865,0.6858038353247146,0.2650704643634451,0.4946727503660151,0.5771917619747268,0.14206510683807314,0.096360098089123,0.17931100838605635,0.7383749513103849,0.7135996838451876,0.10865191597485549,0.1537195786925831,0.022641639624438093,0.049448458368631064,0.19195918977704166,0.09827382646838537,0.08204698833356432,0.4114957769576939,0.1796634635262694,0.19077971645223368,0.6840069874701772,0.7031016056497732,0.018217100473598445,0.16651307361607967,0.21304760075904827,0.25363571319113826,0.22351789410438735,0.10496691112784506,0.33112990336475195,0.42910039467839,0.6360579955963652,0.05874811175331026,0.7796299729698699,0.5151772725444715,0.4165405349951866,0.37212357554743886,0.6671713976153233,0.14299602959751143,0.13891089556038863,0.4484490872638159,0.2489134435938853,0.451570215678349,0.2682630396475338,0.11329850951611667,0.06958063936564407,0.38373506879929714,1.1112721809679298,0.045195220350988344,0.22847290393939065,0.004615243319762014,0.20815431602231288,0.30180264497255693,0.5143564519876435,0.8989355073277492,0.644119940009716,0.7410014331346757,0.28300469486690166,0.6220690867448054,0.6767091336787898,0.030478872657952037,0.8314877373600574,0.3303074591403294,0.08118951069510179,0.3807253794129748,0.7582638710157495,0.07481037579198965,0.5118792439948574,0.14669533673252644,0.07006362957861821,0.0412252544959221,0.16116366406211904,0.1402085494006775,0.17903957122963307,0.02834595969202178,0.10276684717759736,0.293004135776179,0.0402584311982157,0.09412914402323917,0.10199679796406265,0.02938085824369627,0.22989163865867196,0.6274434221620571,0.142199769651394,0.160476447540036,0.5272613601768787,1.1850056974909615,0.12341035716064062,0.04539579535107853,0.7411584191461953,0.08347083792512441,0.573068649973415,0.34288344340443816,0.07975636398838948,0.2991043441432766,0.23295781736354312,0.0045684571409770475,0.239672908232729,0.10839235533527182,0.04517709035271042,0.007551767942984207,0.7207563059108334,0.07066972934514251,0.34429236330850443,0.33471714478172837,0.1226110173330811,0.4784108169697869,0.021952352602422304,0.15653115412592736,0.15548302891188343,0.3288077473887813,0.09230764295824759,0.18240879899207027,0.08789153959084474,0.09203152184249502,0.3480109879455943,0.170643236774132,0.43386323153265133,0.15638770596575646,0.12502797412253477,0.7541831466448103,0.17614840895279532,0.022977784931725764,1.0022448950551461,0.15349283751239035,0.36653468870217815,0.09930052375003676,0.16998640024716827,0.2660972757159698,0.05779182031883409,0.07363880157063152,0.16190617857613782,0.07576892859771356,0.01613556152702396,0.17718169197227474,0.02363058313023927,0.09819158658832922,0.4483451378070826,0.5277583574628427,0.1413567011880087,0.4221929370644674,0.3055469305102414,0.26338027178355133,0.3890698488162849,0.6060373659893393,0.3193180368579452,0.13148475641200597,0.06252742794398,0.03705950133095825,0.4437199532606192,0.11611909479519097,0.08671711039419693,0.48548058492929885,0.4129495097192306,0.137002349267437,0.2990787058099322
KO_17,0.2029262281308916,0.251011843594124,0.367995791895216,0.23192900690221466,0.09841682529218525,0.20812670241807635,0.05754237676074509,0.16404778487879818,0.20242438471068852,0.09361676006215873,0.09679881289625632,0.647934952807331,0.026989810823867817,0.2926727984211744,0.023683784222897134,0.17755960829139716,0.015408508753180972,0.18117835691626594,0.04956648777206463,0.06890160147232542,0.1490409134285247,0.20312592478274594,0.4517268874587561,0.0012721282966601341,0.19981090429838005,0.054277025202379446,0.034168271566296045,0.1193456024684068,0.6757456596744441,0.15862661461666883,0.04143748686181704,0.5535297676533966,0.12751164577114804,0.21332958502090693,0.017893521183961855,0.22612218308199086,0.6266702409415221,0.26741245752381076,0.5662390626692085,0.39214203970557004,0.4905080609463969,0.014706556118109958,0.3434543951779417,0.048746839320579556,0.1708052339416363,0.7373362196537268,0.6962911404887377,0.2685318899418029,0.49252600862129103,0.5804457513741581,0.14034853887672022,0.0948914404435293,0.18201831505672683,0.7160334427321287,0.7107526472579551,0.10847214826166342,0.1604019579503425,0.02331691571338949,0.0516149010369422,0.18431935597640667,0.09676330108113297,0.08254400136345674,0.40718229815101054,0.18526472450453818,0.19428012704396466,0.6946043624926388,0.6960010161217772,0.01869884714327873,0.16326366160163633,0.21272087764613645,0.24697987532629623,0.22838201044424242,0.09954965218688827,0.35260455105380556,0.43966567560440745,0.6369497409026549,0.05996308520678622,0.7698703848250138,0.5005332798556436,0.41318423889169315,0.37560776375161603,0.662526449444853,0.14481579651069956,0.13331476010910123,0.4600799124427048,0.24650527959475127,0.4305502905191586,0.26340990455940394,0.11725593711298456,0.07061153811237413,0.3887837231776932,1.0924718336652428,0.045141191151174334,0.2352251231778946,0.004936180193133506,0.21131810013652944,0.3006716855452604,0.49775784005235624,0.8933588919854504,0.6414652188010743,0.7357641725168499,0.27877164630459544,0.6160362725755931,0.6745984203958643,0.029715172253138866,0.8278450839364329,0.33142209881470686,0.08011938962085495,0.3750202586153335,0.7495286766445661,0.0753805696303026,0.5224107373721422,0.1498964844246175,0.07106050359492495,0.040996986339517566,0.15824473454121876,0.14040851410184052,0.17799271945071352,0.030269990334564126,0.10042225391663302,0.2982972106578275,0.03968822377640785,0.09498209766175539,0.10098001082485764,0.03082342208822873,0.22906486828384584,0.6386319048657243,0.13940604175561414,0.16404390268666325,0.5265935622218685,1.188206732752168,0.12359522009541049,0.044569094757232995,0.7350273870477574,0.08288641551861417,0.568020759116304,0.3416324390276447,0.07962122468589095,0.20146122577971373,0.22795482880734574,0.004769854304305589,0.23477526803928844,0.11494151493356235,0.0451070459904356,0.007464583304446925,0.7125148522229047,0.07078985598734108,0.3340763248233375,0.33587893564575017,0.12676451254398688,0.4721532287191296,0.02144732122544646,0.158968981239251,0.1555154996742104,0.33711704504228285,0.09238798904283888,0.1801300532608702,0.08787588537860264,0.09194246567132082,0.3533449977204069,0.1763600296430347,0.4335987941268471,0.15677824804256332,0.1264924348821994,0.7497884218932248,0.17759856890308676,0.023170022073433525,1.0003413075953285,0.15467266073766509,0.359998010914576,0.09806294593406496,0.16858402944221923,0.26254575413546394,0.05893358144112426,0.07257209358847432,0.1598014451127716,0.0776003958475529,0.016575854533974515,0.17217659927644804,0.023840907480447253,0.10057128659560817,0.4489383044138684,0.5227270794602216,0.14289444990938502,0.41413128314815395,0.30734337056354544,0.2674945146638175,0.3892739622234072,0.6049822047742933,0.3213779816628512,0.1335902972750806,0.06456219914212699,0.03546226089255054,0.4394567233354546,0.112615560595816,0.08681639350149112,0.486794736716177,0.41532905498010464,0.13705789719705289,0.29441477792801984
KO_18,0.20374375934383024,0.2504636790042134,0.3688269059979121,0.23123024462544017,0.09733327428022218,0.2052894139033764,0.05849461420986853,0.16473028988594968,0.202371374413377,0.09284968636780162,0.09657126112180761,0.6480677231542753,0.02696143107696134,0.29341442477575647,0.02407586822237146,0.17657618904569541,0.015372714309014981,0.17650158757021303,0.049669507775683484,0.06841130980066079,0.14869187618733634,0.2033675475249624,0.4525380458884077,0.0012702073078678935,0.1997368839403072,0.04133001328373746,0.03647760784925499,0.10847131873124738,0.6771834299402268,0.1555329439769369,0.041369351395524404,0.5364299424854923,0.12739701138263473,0.21343486641729675,0.01788303911211883,0.22970185253294179,0.6252251757571817,0.268554718740308,0.5654464682258076,0.39188789629170756,0.4894326466011262,0.014487795564220925,0.34196393049868,0.04857333156392555,0.16736087489017734,0.7371172879520053,0.6953846029243181,0.26788840009335657,0.4916070246556526,0.5560021006962954,0.144387305913988,0.0950503150050267,0.1819445343634175,0.7173733804690982,0.7025097161323685,0.10847331438053158,0.16076157166163935,0.02330311754855739,0.051527433734364844,0.1847909319001771,0.09718087571976439,0.0824619695479548,0.40743319913420195,0.18547420288482117,0.19422502727188984,0.6932463465880508,0.6962772709044817,0.018696034229611247,0.1629271642667627,0.2125215287600686,0.24739262702797887,0.2445762131813003,0.10198017827508966,0.34843254685582237,0.4313227959016749,0.6363016367997605,0.059745046320987254,0.770492824802904,0.5004503519485066,0.43806889148393735,0.37527264343900263,0.662995434394287,0.1451632184008658,0.1336509448367578,0.46018044725992474,0.2465374723626141,0.4107521197598776,0.2646065423926291,0.12555892260033782,0.0703784097405733,0.388221465210337,1.092839270001639,0.04507918987428007,0.23460235556310902,0.004919725992503295,0.21261675474077038,0.30080308395712335,0.49959158492174766,0.8993479600713826,0.6421508992919134,0.7345476223704689,0.27908283946879286,0.6158016533402458,0.6768956356671892,0.029130491795721657,0.8279627762313974,0.36679381135336575,0.0804008155006128,0.375624575860842,0.7508139872057398,0.07421731746913922,0.5312394447380071,0.14984311064222372,0.07086495058821529,0.04100529525191289,0.14451975015583188,0.14060265458597251,0.17777777591460775,0.030663676389840588,0.10061217600059161,0.2977151735262609,0.03974203444034665,0.09488456502869402,0.10102097727136053,0.030699856441480888,0.22879258610495898,0.6383591520398798,0.14133526116045156,0.16392927048682937,0.5262397895085255,1.1877231902884704,0.123573903712577,0.04462114559365387,0.7355844611465969,0.08561985522994822,0.5685528931083985,0.34177326144588777,0.09037310233103797,0.29393860615446915,0.22807151641274728,0.004759915668151377,0.23566174848643484,0.11421908337184733,0.04532973565116908,0.0077801703629098275,0.7047016413612945,0.06934103221318408,0.3351907216026441,0.33622335800906505,0.1265094193760409,0.47196699674242704,0.02161368472302004,0.16106884364854282,0.15618015321215326,0.3367218156124993,0.09216263251014477,0.1803720290113455,0.08786019273696904,0.0981499385181312,0.353332766905906,0.17586474557341772,0.4344745393070784,0.15722748285034416,0.12633563297103517,0.7455909863812645,0.17742627158686763,0.02311938498325332,1.0001947915682285,0.1545508883261171,0.3603152610623627,0.09818082303756011,0.16873729665713896,0.26259804771965944,0.058812725121980804,0.07268750697487349,0.16020097743977293,0.07751096835049531,0.016639443555213206,0.17219776252920468,0.023821319219654667,0.10046313671654433,0.44850389908611266,0.5232460989618462,0.14333380232473145,0.41451985375667977,0.30758434143365,0.26706929726778306,0.38854826619019733,0.6043601534095869,0.3213075086379925,0.13333907934428377,0.06446616042376035,0.03582996345553485,0.4410920955172508,0.11589209827154184,0.08678558021311095,0.4873528366010454,0.4150736382365006,0.1370572690524284,0.29434490908701616
KO_19,0.20281270339428317,0.25100589560005776,0.3685346022058103,0.2305073128213317,0.09792700694855505,0.20812075897558438,0.05893355130271683,0.1645320061115082,0.20239437494073817,0.0932595191160395,0.09647608705980117,0.648905328715346,0.02688148475590365,0.29364451351987697,0.024039531551028618,0.1776018570358912,0.015374048276711941,0.18127867704619197,0.04948389935115076,0.06859712886344956,0.14912764434537693,0.20320684752429088,0.45205426599157594,0.0012726063141798092,0.19928007388485636,0.04108172497195588,0.034214200933501034,0.11654704281655485,0.6762000213400479,0.1589053395979153,0.041386363904744004,0.5521352691011884,0.12760286381415395,0.2136113210596426,0.01787939824315748,0.22957443747130288,0.6261018895037445,0.2678592272106953,0.5669467107630609,0.3920161580315663,0.48967519296255624,0.014755610081627795,0.34187304805206387,0.04873959161099743,0.16750278229042287,0.7376136568574426,0.6945974932483449,0.24152949974282104,0.492715053678108,0.5794935653567241,0.14093034338816193,0.09489048798051455,0.18225605588273727,0.7164183885018679,0.709837994176637,0.10838649386278262,0.1602925501595856,0.023273915360069643,0.05160011499673234,0.18454932967123816,0.09701751666650212,0.08256866781948262,0.4071837672794813,0.18571836724439109,0.19435547771003336,0.6940122386270637,0.6957555721036077,0.018734153873413917,0.16298924618975547,0.21262093389318074,0.24710491163600265,0.22818144383869574,0.09990851062352077,0.35227935828600276,0.4391044142274646,0.6221524547049038,0.05960274924232253,0.7701064100954136,0.4996230190524343,0.41294144599770277,0.37567227121402186,0.6629934377993354,0.14526214503265278,0.1334427315733066,0.4967226591066136,0.24665076660718827,0.43104051824431633,0.2635682082322502,0.11724034663047976,0.07052461550900813,0.38884696969763755,1.0925264169217892,0.04497355441863598,0.23414146691887203,0.004924576630138053,0.2114152971880248,0.3006001081562786,0.4986523480783877,0.8939408862230523,0.6416651511442573,0.7359404536824088,0.2789113159225385,0.6159334873301217,0.6748206656221928,0.029777591416898733,0.8278511333650617,0.33050846036107057,0.08014089587219997,0.3749325030142363,0.7501481968063699,0.07542427851094578,0.5222491798648825,0.1500581719735007,0.07091571238321022,0.04100022063356311,0.15824773715584303,0.14051018627392492,0.17785999819042622,0.03019107938878265,0.10041530576101534,0.29759347146285897,0.039691798215204334,0.09498602298910794,0.10096426672504964,0.030803056822741082,0.2288993684887696,0.6390976502410523,0.13956971672000526,0.16427205099435008,0.5262741250125887,1.188015625395182,0.12358736940982097,0.044550808537227114,0.7350694902938991,0.08314506592069221,0.5679204767348836,0.3418011254997037,0.0796442340114398,0.29679431030750947,0.22799983261431103,0.004767064750268542,0.2347773352574642,0.11472248284815846,0.045107791099412924,0.00749333309736981,0.7126733758583762,0.07077237982518345,0.3343120991397444,0.3364093772493303,0.12669315608561318,0.4722540918941376,0.021465814697998194,0.15893225664511684,0.15544125883996396,0.3368610345213007,0.09236906358488536,0.1800992122699096,0.08786376383258605,0.09197450701819518,0.35330795566198964,0.1759028456124035,0.43362097322138027,0.1571587743014377,0.12649304308833248,0.7498527212757115,0.17748725862428877,0.023210423671049533,1.0002994291600917,0.15468394902695715,0.36022276183108676,0.09802125304077863,0.1686438930146447,0.26245393826001673,0.058950172829764065,0.0725576243650305,0.1602299344733234,0.0775493018264053,0.016548360508080298,0.1721896665473922,0.023842741067265895,0.10046948818496515,0.4394858998772811,0.5226215119366816,0.14275692366776307,0.41439718488950106,0.3078072519060854,0.26755592800058,0.38925631075612854,0.604741660324717,0.32146505460975217,0.13342040193971844,0.06448789905985454,0.03546414863473484,0.4399670629814314,0.11594790728068889,0.08680149646997898,0.48684723734466284,0.41533499146354425,0.13703080849578514,0.27993101897557415
KO_20,0.20035874712013155,0.25357412219178527,0.3653378240698189,0.23276310053976498,0.0890864103471759,0.2161230095171372,0.05963118025978031,0.16468665891244227,0.1990178643677407,0.09262465185776753,0.09369059380816203,0.6479244201451146,0.03357648157345415,0.29277651346364697,0.024199444202442764,0.17893895383434055,0.017803186463241864,0.18049177755719917,0.04140074950022697,0.06267584910537598,0.15048735826940565,0.2049470268216021,0.4721227611889338,0.0012719717985744943,0.19681722897126852,0.03708337082647601,0.03458143109147186,0.11550095946047068,0.7359105892425852,0.16247945488446755,0.04184007139679933,0.5525727242488754,0.12791398683404892,0.213325674460361,0.017883809185672322,0.22917086774112738,0.5732551102630719,0.2710372319852364,0.6355898044478596,0.39058560907692796,0.48626111959411167,0.014788179792839367,0.3413696988508109,0.04883460528689822,0.16669026932666053,0.7369919617301763,0.7008268359463635,0.26614524272021284,0.443558206628871,0.5753082653798541,0.1415050731042407,0.09442944374260423,0.18369064382527878,0.7114734719809357,0.707672890045882,0.10798497168192657,0.16072182914173033,0.02335498355860846,0.05217638327872005,0.18303308516883288,0.09619724378921998,0.08278308138902014,0.4059875038621326,0.18686331059603947,0.19540732857928045,0.6967200530673962,0.6900702890493333,0.01391677998205341,0.16534846989770938,0.21095926906212262,0.24570345957835718,0.22998159598394877,0.09715779396059811,0.3633465586835365,0.456573721328732,0.627816529090662,0.059647063886251774,0.7674360603200328,0.49649632687508616,0.4219129461328716,0.37674966906172874,0.6622767440385484,0.14461500637999877,0.17801224726184323,0.42853852690685357,0.24640321493532882,0.42199543495347186,0.2604436612836591,0.11963718759337243,0.07038019834607698,0.39044310055068415,1.0822130341097393,0.0527883575669227,0.2335719074493419,0.005049201811444962,0.2123556949355441,0.2999969412525293,0.5091018611274253,0.8939383603379332,0.6405170125216877,0.7366590187897878,0.278880179215634,0.6100883972338277,0.6748123924169837,0.02983134229065515,0.8704916790380948,0.33528423711354405,0.07972304392713177,0.3731249557349649,0.7486249970157636,0.07554352128369127,0.5269333068241571,0.15286789211765933,0.07191906885114631,0.04093294515791487,0.1517978941588413,0.14070075202283944,0.1786143801937357,0.030821358990375674,0.09973988528941238,0.2975008846553571,0.03950392620345321,0.09527114112239017,0.10070396657002291,0.03117292513919407,0.2289415617255582,0.6418377878696092,0.13283799047313832,0.16537558756746806,0.5276501264663437,1.1871629194868143,0.1237750810572017,0.044308126703907894,0.7510499743595953,0.08346698842727487,0.5662996875258857,0.35159131930212423,0.08131777033176105,0.29702512140505366,0.2265722549285726,0.004805826802679881,0.23222319951406697,0.11392356211346538,0.04514948349045536,0.007524661153936794,0.709126067803214,0.07043211160636817,0.3308869389662965,0.336698063540649,0.12764377453450398,0.4706357681887344,0.021412977410097723,0.1600339128122925,0.1546375963163673,0.3383736405599803,0.09234543384947212,0.1793881017115205,0.08786723054136147,0.09293870434444117,0.35417458273529134,0.17693868452704495,0.43375149548328096,0.15699363225274357,0.12697401807376513,0.7479523418881335,0.17745103699020995,0.023298480864827418,0.9895781457044986,0.1550656018259608,0.36306513978971133,0.0976506711084871,0.17239014883637188,0.2612814312418921,0.05930846242178018,0.07222731469918622,0.1601456914056537,0.07789209946387413,0.01667088002761524,0.17139403888560859,0.023915865727488266,0.10095992721338214,0.44310688737775006,0.5210735807990344,0.14168868331339876,0.4128964185436611,0.308101757140817,0.2688785267072591,0.3891527156336415,0.599517610517252,0.32247591859996544,0.13337238004375765,0.0648738103903761,0.034439725548146644,0.4367121149983443,0.11697994468530483,0.08688170561336256,0.4872337595911203,0.416129686580104,0.13709445883446464,0.30718707926907546
KO_21,0.2034716881948471,0.2487728728059992,0.369475305678655,0.2435638032321849,0.09709329094518966,0.20674926946773517,0.05825204847694741,0.1593343548835687,0.2019426541360535,0.0931751350587742,0.09585757687246546,0.6494952839142798,0.027150299669574406,0.2937300333934897,0.0240320551872986,0.179047926388927,0.015268622282273278,0.1813576837999915,0.04999336905341281,0.07016876075961398,0.1492489965567006,0.20302874195194295,0.4526941448521903,0.0012697469034396505,0.19962407762736212,0.041718889869004926,0.034232445140132815,0.11663249417518358,0.6774455949404851,0.15873859333877888,0.04203646171433039,0.5613469459621209,0.12754706577337302,0.2128245453606912,0.01801624582647293,0.189791952514022,0.634229304005357,0.2707357494594173,0.5633734383138176,0.3920781254425247,0.4894781625910357,0.014354456884565868,0.3673265068706495,0.04838501055858738,0.16762791691546888,0.7354986837221149,0.7101095360929084,0.2683336256190954,0.4925378826976503,0.5947420100732413,0.14062479121497914,0.0950017038266941,0.177740662887836,0.7185695976868922,0.7154634318135124,0.10933045818399646,0.15925177360889853,0.023251255998560004,0.05167278654204925,0.1850037018786999,0.09713123081529099,0.08271702464680475,0.40824841762450237,0.1851832700249579,0.19418732928330137,0.6913005097551858,0.6959055401301479,0.01864590490244059,0.22193330937619565,0.21245121102305164,0.24754628975668905,0.22908896205001864,0.09904637628672408,0.3516343953665753,0.4442755314922364,0.634995543750801,0.05971237190853745,0.7729497278029713,0.5009413487040286,0.4152462809403123,0.37537061463238874,0.6628466708119406,0.1261140537151009,0.1340477107550262,0.4590926964664901,0.2467280058115854,0.43351048559915084,0.2627035606195549,0.11687173277155968,0.070408308961199,0.38842793458169067,1.0929616191106348,0.04505788381691594,0.25408777772265956,0.004967650450660359,0.211108655682415,0.30062229879765306,0.49556763398773435,0.8925646707574946,0.6423409396770965,0.7359833002529884,0.27900137316736745,0.6151158489617304,0.6743004463152585,0.029651249558602353,0.8278516237059612,0.3466638823477134,0.08011314231739404,0.3753975191427981,0.7505049120742674,0.07531039658420012,0.5192591379197097,0.1499881929814237,0.0709501073485833,0.04100502066177735,0.15886620441481494,0.1405252012449647,0.19641104715653265,0.03010213191042999,0.10084288156807669,0.3076932775259519,0.039736587111034595,0.09493422888856223,0.10121332832866617,0.030701570195361384,0.22896064347274792,0.6372880871659767,0.13662919586474565,0.1636913498027328,0.5253860760372535,1.1868316274808453,0.1235900994282035,0.04460811438629753,0.7355780326086161,0.0815151768362987,0.5683410046945964,0.3418949084437419,0.07952841810643065,0.2969959892435213,0.22784346014730003,0.0047531944946654185,0.2352263204182981,0.11368104361718086,0.045105231990293204,0.0073058971639582025,0.7136713246701416,0.0708560208305276,0.33503182227016265,0.3361503388894787,0.1262839982459675,0.4763869132415228,0.021553881541269873,0.15824345913612872,0.15542458086528432,0.3363625286460851,0.09237712947714251,0.18031817273132836,0.08787348550347934,0.09189989959992341,0.35333029860529475,0.17568741797075424,0.43361805074052895,0.15703632863650527,0.12638791939506064,0.7503984918093858,0.17881913075162978,0.02235105351684566,1.001937600540554,0.1545770476602864,0.3606030677095064,0.09813475572185114,0.1687555719227247,0.26280977843532793,0.058839626513688285,0.07264684330547841,0.15639160681152148,0.0774578296946117,0.016566083779702413,0.172240344736206,0.023833340360911608,0.10038257535960646,0.4476951119701125,0.523063148774193,0.14284262983327803,0.4148310396819345,0.30742418520766435,0.2672005624912142,0.3892652177299899,0.6042546278429823,0.3194392113789908,0.13537746852680407,0.06438489320028587,0.03564363958932412,0.4403840286846844,0.1157897830716105,0.0868023348885902,0.4867323458186735,0.41516638124303273,0.1370676504255587,0.294784539564504
KO_22,0.21920529291810265,0.24076503163279148,0.3768940171876312,0.12262246648714184,0.07796135038487852,0.13879546953787647,0.056208425004075406,0.16789869210152875,0.20043476780806133,0.08094793374240569,0.21694933975335406,0.6473795530117741,0.030828856755850342,0.2926595106825169,0.022915072952512015,0.14517001101380553,0.013152839601461826,0.17865202654770582,0.05047527823302958,0.04468135146528854,0.08208067288967245,0.21067261567740098,0.5467103141932993,0.0012406324077598575,0.30542263921647533,0.08678923168326286,0.02810600013246975,0.1214354027895539,0.7212178929009277,0.1036530557199255,0.03466975914847582,0.4668487463115406,0.124218836541176,0.2082628714000102,0.018414760930040224,0.2260017841389214,0.6074867143485854,0.21175979357685754,0.6514465214998766,0.3868591878269237,0.47922757191263665,0.014322625853238383,0.3501469237312947,0.050671171901558384,0.17593943726067787,0.7837246867699484,0.7127955420225618,0.25617515194713775,0.4470960869532573,0.58483700463902,0.13936482193852895,0.09796654711592132,0.17495229258899647,0.7353299587393807,0.6791329123417247,0.11022568495807024,0.19921533658873888,0.023519533525358315,0.052846110083523086,0.19033152516383947,0.1036563051560087,0.08033560652500168,0.41189633270502335,0.18243019021824955,0.19338275722548076,0.6775821591443696,0.7007928501532482,0.016065110384710334,0.15816816682882887,0.20889631185070737,0.2529805504847436,0.21635641915063858,0.17262105882717643,0.25800442089920894,0.19902523085825652,0.6649700850940014,0.06311523248829777,0.7789190844719419,0.5116016768393198,0.33706163819656115,0.36824758981608935,0.6648337772199312,0.14624521545092525,0.15901599523973392,0.4458864550599099,0.24527283272579295,0.454682597034875,0.30426898365265737,0.11195631386915127,0.06731178331610582,0.37819310127372796,1.0939859574269009,0.04829278036234522,0.25390738560337994,0.005678197388385944,0.20897973640972445,0.3064443008620442,0.26267777978069434,0.8951580697785915,0.6508875856096477,0.6881851195658124,0.2500506792696674,0.6097510448742826,0.6752580352167065,0.03401927420285705,0.8464486727298255,0.3377467621216826,0.08805054958217066,0.3870178475766103,0.7448928132981146,0.0734790681696169,0.5086275721457014,0.148277547961901,0.07008274741779519,0.04105704561779038,0.1576336494084519,0.1441395469430738,0.17551360275762357,0.029193472225261183,0.10383965188621534,0.3032483841474241,0.04088428577192792,0.09320359625093841,0.10210369987864905,0.028957135333294512,0.22638918118588205,0.6279144626207714,0.20708710541935035,0.15837690309324315,0.5227761960356202,1.1812629371723729,0.12343077540427683,0.04549475813365678,0.7532916811794221,0.09543434089282585,0.5786287491763223,0.17492071922207325,0.07944991138240692,0.26566722761498013,0.21401340313171008,0.004647571917061088,0.25626202173064216,0.10291456486321578,0.04453144673743981,0.008980931936859076,0.721980936351417,0.07165909176070917,0.3568854080574051,0.3353745279736051,0.12315837764427941,0.46975365259433355,0.025680711871461783,0.15578032024618615,0.1680338307966426,0.33275768009047213,0.09293565071389209,0.18495328207470127,0.08789906568826567,0.09183926901473895,0.3525657371474455,0.17333002779567974,0.43126643362552153,0.15996613317024844,0.12344821730414154,0.7548959941392582,0.17662892929853774,0.022637962262490343,0.999465734015871,0.15219176917058375,0.2993327085375092,0.10069073113400484,0.10072591552103027,0.27033463748961956,0.05657285591581426,0.0748502862512297,0.15878707073025378,0.07666338124078782,0.016219798212795893,0.17292033261915046,0.02339354320900854,0.09894483331359337,0.4669697693175214,0.533296327481424,0.15758752540084214,0.41829220232570674,0.3077780781046469,0.2588918458202069,0.39116073352896596,0.5930388517671155,0.31850282034527927,0.13216971025190075,0.06350559886430869,0.04553735901917858,0.4700476363867334,0.10476106155005256,0.0867260710495336,0.48581379666235386,0.41041803420677464,0.13716416768408274,0.3001078138151219
KO_23,0.2028502790367677,0.25094797171195427,0.3685834063391363,0.2305182655200807,0.09789690551005764,0.20807417170812928,0.058996774048498034,0.16456006084926963,0.2023874176275565,0.09324228391991407,0.09644256635135365,0.6490349919939097,0.026878299726531284,0.29369128679906403,0.024034944065779867,0.1776388776809648,0.01538404487740037,0.18129152682465133,0.04947531622429714,0.06855636639443852,0.14913470118155417,0.20319901166197876,0.4520768306438842,0.0012738762647044337,0.1992773090675214,0.04107945653714892,0.03423523648940227,0.11653366267246937,0.6763053867967661,0.15910249830199905,0.04137887090075318,0.552176072875657,0.12759419700923594,0.21366548310640207,0.017881046000575142,0.22963774418767688,0.6260956273553244,0.2679261817081004,0.5670406807253858,0.39202029316266646,0.4896190767678488,0.014750255875992263,0.34186455686332634,0.0487298581880872,0.16750251656759052,0.7376207984266754,0.6946192015044569,0.26796833042710155,0.49267878490187866,0.579444656586216,0.14095395134146124,0.09489250802436242,0.18227862378871793,0.7165307775493679,0.7098994011042494,0.10838826789001642,0.16027784953385224,0.023272762165786928,0.05158694317663154,0.18456126127366243,0.09703072843679782,0.08256302429122261,0.4072161346526436,0.18574303299230177,0.19436247337656828,0.6938168156410578,0.6957335091537374,0.018728525959141387,0.16299467364307466,0.21259132143982495,0.2471368939247259,0.22815959365911317,0.09993187200663302,0.3521865886594034,0.43913905331133113,0.6361355447983315,0.05958540076864129,0.7701422557920479,0.49965834472258,0.41297137311188653,0.3756241848515435,0.6623201748097353,0.14526414993542464,0.13345007546726126,0.46072187400530995,0.24664192796074177,0.4312046286617495,0.2635973402178322,0.11722181856269524,0.07054451111500878,0.3888204085187525,1.0925375861042512,0.044964743867062826,0.23414483959589788,0.004919615797945709,0.21139298052694921,0.3006449165422353,0.4987408793083737,0.8939672573006597,0.6417169873146372,0.7359793326786075,0.2789047953231204,0.6159248958769963,0.6748596351527537,0.029780342101330907,0.827849489510929,0.33046295875517234,0.08015684084516718,0.3749574695218039,0.7502033224429159,0.07543079036789138,0.5222011038631201,0.15003715867956774,0.07090210261493128,0.04099752058632946,0.1582720235131731,0.14051756435373047,0.17783092253819338,0.03018694253024225,0.10043791812751698,0.2975282465958881,0.039688058759547874,0.0950017342951007,0.1009825777745315,0.03079781585299664,0.22886664465603795,0.639040593860673,0.13952833398931128,0.1642804892627828,0.5262544444349575,1.1879350714963781,0.12357097683700745,0.04454957973509683,0.735064323789275,0.08311899030894003,0.5679753697300228,0.3418382728646886,0.07964074244476341,0.29680863675479374,0.2280156055909892,0.004766425229700668,0.23478233993560182,0.11467792428002527,0.04518405975506555,0.0074878502061125835,0.7127872207257873,0.07078035036921586,0.3343594977199633,0.33640596450106713,0.1266776054219751,0.47225516417001645,0.02147164962940388,0.1589325116365555,0.15539513944972305,0.3368093046898868,0.09237209386744111,0.1801200347610617,0.0878689350507898,0.09195316598914864,0.3533671371180337,0.17585840509566628,0.43363353492325396,0.15717247769756987,0.12649258635504954,0.749907845658049,0.1774860592494297,0.023212349619598567,1.0002559347800382,0.15467831801579077,0.3602814733561934,0.09803569820295499,0.16866298143789854,0.26249546077527464,0.05893783718579039,0.07255249149876718,0.16026999384617083,0.07753825532468005,0.01655513173209194,0.17220622372199484,0.02384632448750948,0.10047252607053443,0.44843066621459043,0.522669746929081,0.14275737063020755,0.41442842641824534,0.3078234325477324,0.26755858791812104,0.3892587828350479,0.6047013205160924,0.32142053249823416,0.1334099085112382,0.06448465817279087,0.03547432163027125,0.44000230494296716,0.1159467474962121,0.08679180691601712,0.4868263493704589,0.4153068318350868,0.13706015605337554,0.2941061017981971
KO_24,0.2022438783882902,0.25130744339982425,0.36839505462400834,0.23078738272484967,0.09742894661909045,0.20910527979431937,0.05949272547268477,0.16450062809052066,0.2021606317009966,0.09317923666176732,0.10042252669998679,0.6499834001589697,0.027131475480292266,0.2939245058731525,0.024024559820514144,0.17769887271267332,0.015497680370040704,0.1814010331200504,0.049025707661684396,0.06842528501157173,0.14215494979360974,0.20340325066081713,0.45520813638416213,0.0012747728192157633,0.20186985045501918,0.04068036482689367,0.06947096875920591,0.11653815226168045,0.6788397747812603,0.16128485602946088,0.0414559025079667,0.5521697336812379,0.12774294228498068,0.2136542016632126,0.01790859220043965,0.229718262196213,0.6116582964077548,0.2650996920743901,0.5726292980849915,0.39183545923936375,0.48932424912944844,0.014764356709609934,0.341789103186332,0.049010314750781166,0.16755851236679448,0.6278036052310482,0.6945600281594028,0.26790845026630217,0.4905834662126884,0.5792041698452505,0.13664212004511395,0.09477800572315817,0.18248849742591855,0.7159256338185237,0.7093589328224963,0.10830223851617793,0.16098506256123934,0.023258151734018493,0.051731112762483565,0.184434617276986,0.0970628226637671,0.08266248248782378,0.40703274651914123,0.18601289841754456,0.194562506362384,0.6940973654990493,0.6950292424425082,0.018492780431440967,0.16293665001909782,0.21252136288063722,0.24695576317424736,0.22011395620502497,0.10348046129279723,0.3535720584623015,0.4411615652729476,0.6368969179985672,0.059517355470294075,0.769924595486862,0.49891198068208253,0.4134514827801094,0.3759066051584887,0.6630225195950763,0.14540674588109045,0.13520409808977077,0.45963138047077,0.24673090467937134,0.45732607928893737,0.24023835144886782,0.11746604146288399,0.07060344236966244,0.38920765413628927,1.0917332277363108,0.045187675420623435,0.23421921123643022,0.004952554609177981,0.2098555075333728,0.3006444874678999,0.5003252647095133,0.8940486262211949,0.6414018898390678,0.7337395837599247,0.35035866219978046,0.615499534851877,0.6748226203647617,0.03087465036963844,0.829871240461299,0.33065957488935077,0.08042418237562646,0.3745237294484146,0.7502838298227423,0.0755098803912632,0.5106211328018935,0.15037527684523727,0.07095835715506989,0.04098483796821915,0.15757217598090292,0.14052773516362949,0.17782902656617727,0.030233169764083537,0.10031722778348764,0.2975455188492315,0.03964067225703022,0.09505429994382707,0.10093151813358489,0.030857331787986816,0.22891620194080667,0.6396861097200529,0.13897609282732537,0.16453114187725262,0.5260521391046982,1.1880285813656704,0.12359069632643606,0.04450026876449317,0.7353801877043308,0.08321956541044186,0.567563669691156,0.34338043070801777,0.07971918271156854,0.2958742712417585,0.26309306719974024,0.004769623630180018,0.2343529439052898,0.11476573907307654,0.04861979974553152,0.007501664346535198,0.7230367383907451,0.07264758729285685,0.3339664327369385,0.3366186991251296,0.12678883786481285,0.4724098806182409,0.021437295625998037,0.1562361715904818,0.15492184906795997,0.33691922579767236,0.08916135231525811,0.17993087227006602,0.08786573691396123,0.09201634815861436,0.35336586368654577,0.17581684986594076,0.44708597707245756,0.15718814224742553,0.1266030491248841,0.7554127757715282,0.17750624828842418,0.023221112236303465,0.9975321799921995,0.1547923420973048,0.36081553990265897,0.09794965609515004,0.16922659614426533,0.26265954710720857,0.05901688004465088,0.07248104323502279,0.16031499829012047,0.07756622876373767,0.016219583999166075,0.172139575270651,0.023869274526637525,0.10046409625057198,0.4489056047164373,0.5222701082261844,0.14256700996499921,0.41432995157045616,0.30810773264190733,0.2678551631489861,0.37851625472502176,0.6044141254879762,0.3215696899322129,0.13344505371318993,0.06451725097033965,0.03533112475652621,0.43977898320767866,0.11605912613436863,0.0867997574296333,0.48620061130497566,0.41553628696030515,0.13706856774206025,0.29456042201997273
KO_25,0.20264914727591476,0.2506895708270801,0.3704496679639977,0.2260686351720497,0.09631671266215827,0.2078805367824435,0.06333410885575946,0.16610486963469007,0.20231666525356753,0.09213876453191909,0.09532581982932029,0.6522472125397342,0.026522017932962223,0.29683005341280666,0.025193425140994655,0.17788502502997858,0.015274447075803152,0.18160182725718907,0.04927765578672877,0.06753600651257634,0.1493849811153552,0.20344674592227677,0.4530333402797599,0.0012797974108776367,0.19764710268564797,0.040797682204309786,0.03444697879706405,0.10818028655062852,0.6779914043882425,0.15980680236727662,0.04120881449016076,0.5478958887011548,0.1278624698318421,0.21467255784886785,0.01785703039731562,0.24081063908592135,0.623952556359265,0.26944541006381495,0.5695122988993889,0.39165654126818783,0.48689234825201827,0.014895558972641157,0.3367985040055946,0.048655846695395376,0.15754671200770093,0.7385312180337452,0.6893417828692487,0.26635575092061003,0.49327702821550173,0.576419101878798,0.14285718910255157,0.0948533515335662,0.18303960779169887,0.7181415290432395,0.707280876747936,0.10809412947701368,0.1599000619696264,0.023152742976501127,0.05152437040440065,0.18531263067396983,0.09783832189176242,0.08264461276737221,0.4073427657489448,0.18715385599683254,0.1945426456330621,0.6914950596901471,0.6949290048851458,0.018825472628187498,0.16217461374176312,0.21229657126609178,0.2476300547749104,0.2274277091308921,0.10108146468516571,0.35080833704239306,0.43736416050155785,0.6336787628186855,0.05846542090742011,0.7711184105630586,0.49702083204450587,0.41217785667643514,0.3757274123227448,0.664496612436801,0.14660170864041866,0.13382484937172034,0.46263459290417247,0.24713872762878078,0.4331503062526951,0.2641872710501345,0.11707961973897181,0.07033187835760156,0.3889523478543192,1.092711404788883,0.04444769833116186,0.23066013452926873,0.004867237040580659,0.21170146934850695,0.3005272607854294,0.5016885413619546,0.8958119154540819,0.642494347484813,0.7366193528490594,0.27939065667177426,0.6155268617274504,0.6755277908810604,0.02998014290407146,0.827884475187882,0.32746679618379493,0.08023211496135968,0.3748118463696139,0.7522326542989546,0.07556456467708703,0.5216499261815708,0.15044919889633138,0.0703773000446184,0.04097792686808647,0.15840528747890426,0.14082662224639905,0.17732848528421452,0.029939070209589285,0.10046531415133374,0.29516874606067545,0.03967155966410531,0.09501652323841722,0.1010136958556101,0.030737116148613224,0.22835321497479696,0.6403155769177341,0.1399065257351659,0.16496674383258061,0.5251589842069662,1.1875618565488366,0.12347019206198294,0.04452486949478197,0.7350878839538726,0.08386341728116183,0.5677857525453426,0.3423131899017874,0.07968288064738142,0.2972550572534206,0.22820195091456144,0.0047575702465853294,0.23475144917481125,0.11379911987977347,0.045134661121429435,0.007575174054473756,0.7135443545192967,0.07074084786949662,0.33512795962916014,0.3381031022662757,0.1263823825239177,0.47271897378684447,0.021530755069518966,0.15879201504745008,0.1552360882598123,0.33590989251162134,0.09234973186833934,0.1800549180526401,0.08788389240398625,0.09199031784483634,0.35328816510527267,0.1743351857611994,0.43373656478999334,0.15833923781260595,0.12653899567233992,0.7503425555495111,0.17708727090521692,0.02333849777245216,1.0000520036123186,0.1547210143601754,0.3611038961316244,0.0980070127522537,0.16883405947002592,0.2624071834630618,0.05896275307636632,0.07252941808187664,0.16165421628478538,0.07735456070839833,0.016466614984941643,0.17222645457127347,0.023855816466921975,0.10020190716277196,0.4468256238150521,0.5225242866875685,0.1423281759625405,0.41525934155986993,0.30924596565441465,0.2676570964160937,0.38918283805929826,0.6037959954570794,0.3217428123121708,0.13282573160102784,0.06426931842811122,0.03549172108510966,0.44178826914914865,0.12690317705902388,0.08674836728738952,0.48693356409008914,0.41540549525933984,0.1370443582456559,0.2933660852164352
KO_26,0.20344147308874386,0.2506252128451355,0.3687496697225341,0.23028038941504314,0.09840280338646981,0.20710239941748584,0.05838613412662198,0.1646099000076057,0.20261581720530009,0.09334459300749819,0.09276203110944804,0.6479887622048257,0.02662738476410953,0.29341451895209875,0.02406234974012378,0.17755109964450355,0.015263271821362506,0.18119802645587088,0.04996490662234105,0.06874707046715725,0.15619548294597918,0.20301792361354556,0.449046049984664,0.0012724516851476235,0.1969525603898798,0.041458108592144036,0.03459185815642424,0.11657068708824496,0.6736608431776205,0.1566049214774107,0.041317498399956014,0.552165656369783,0.12747996702516798,0.21363537927290185,0.01786389561591701,0.2295142003708831,0.6401489616325516,0.2704819995602257,0.5614392149528156,0.39220421761277136,0.48999543495153536,0.01473169708086348,0.34190253778229507,0.04846591652825247,0.1674545661484992,0.7358940239048638,0.6946788577462162,0.26811836910107595,0.4948391628100914,0.57975283879036,0.14505243243573776,0.09498739758419911,0.18206621425157718,0.7170597869314748,0.7103817102042627,0.1084423331801675,0.15967353329062323,0.023298711806463753,0.0514524540440445,0.18468076953337204,0.09700600198092699,0.08248388716352682,0.40735998350053665,0.18542733323840305,0.19414883725185286,0.6937002110111803,0.6964299125631996,0.018977826305530448,0.16306587689775634,0.21272624690472086,0.24729615135818026,0.23614457247240594,0.0966015590740662,0.35084248895864234,0.4370717342880082,0.6355117637342047,0.05967660950110758,0.7703871900812755,0.5003859424219984,0.4124188873354991,0.375411801004807,0.6629696922189731,0.14509727449781884,0.13166616794961136,0.4616715742396952,0.24656087658418813,0.4064889643588246,0.263583898696104,0.11699141698852458,0.0704831565511725,0.3884447488360062,1.0933748942938617,0.04474208800082397,0.23408496691420916,0.004888032075672433,0.21289853094047576,0.300650007524078,0.4971964268066515,0.8938109925493696,0.6419343639111833,0.7380847219657157,0.2798951449470149,0.6163286158131578,0.6747560092911292,0.028775188832493727,0.8258006126851445,0.3302399034038594,0.0798998153125918,0.3754019908769028,0.7500474089974434,0.07533190885510993,0.533200942277517,0.1497162217431664,0.07084116473466946,0.0410099624242137,0.1589554380549263,0.14049312092021546,0.17785124015389936,0.03015354652892366,0.10055345721530123,0.2975846597487896,0.039731132813716596,0.09493116517008515,0.10100562006454417,0.030736226389265722,0.22885881112527792,0.6384218923637502,0.14011609121995974,0.16402471198707044,0.5264539585829053,1.1880671597736225,0.123568141876821,0.04460839063913407,0.7346563219506423,0.08302333264483694,0.5683284533003378,0.3403154326231373,0.079541378297935,0.2976885152081969,0.22854848919494455,0.004759982882507933,0.2351329526505416,0.11461806645017734,0.04193961668809633,0.007481363684142353,0.7030353061525547,0.06905127721402585,0.3346561941356713,0.3361986272467883,0.12656704290457493,0.4721112402419998,0.021497372417112744,0.16152313832319712,0.1559412375120241,0.3367479338563087,0.09559018978577465,0.1802943032045178,0.087865005360786,0.09190182685180105,0.3532947079434776,0.175906683917336,0.4207588537276815,0.1571278016348851,0.12638733764787713,0.7446490822775643,0.17745318427688733,0.023204172506053434,1.0028881671357115,0.15458734367834623,0.3597148854459954,0.09813425840226661,0.16807012195493257,0.2624061450290371,0.058858574553477545,0.07263907299222476,0.16018862443678866,0.07752916850906194,0.016869472661505822,0.17222752879882922,0.02383871385592871,0.10049197511938811,0.4480157631845939,0.5230533628049392,0.14294249157111777,0.4144592649139522,0.3074949302058285,0.26723315843941053,0.39987413943916755,0.6050291663822331,0.32137467924560803,0.133388580712211,0.06446481893558027,0.035591624201403264,0.44021910612151965,0.11585487684862801,0.08678659991976698,0.48746980372472754,0.4151588986414405,0.13705985679883737,0.2937243496536621
KO_27,0.20287346910209822,0.2509187709761962,0.36859340167934396,0.23055250903600027,0.09790579182965184,0.20805289338000213,0.058899704879311295,0.16455351285181954,0.2023750358728204,0.09325813030327869,0.09645026881597084,0.6489612875278037,0.02688013831269522,0.29366356464506627,0.02404418259903235,0.17764089174440728,0.015380019835793818,0.18128331572120251,0.04949289479141103,0.06856855823999211,0.14913402592074743,0.20322029635322283,0.4520896964472977,0.001274106440442601,0.19930090380713097,0.04107956003975685,0.03423314862751644,0.11653945840395985,0.676326784413844,0.15892812116274044,0.04138186898556079,0.5521981129596468,0.1275884101918874,0.2136548423502691,0.01788259095479026,0.22962024373640036,0.6260483388763032,0.2679186596860752,0.5670487267476007,0.392030942049117,0.4896553293177022,0.014750148071901406,0.3418681429842524,0.048722724071678256,0.16748797015815575,0.7375963955699679,0.6946942617236022,0.26800871101885204,0.49268846939372396,0.5794909702014028,0.14092011325728984,0.0948907327357565,0.18226161583665765,0.7165632261428663,0.70993908464004,0.10837608238896468,0.1602802352898399,0.023275545780156486,0.05159626616442012,0.18455100503434868,0.09701531027612276,0.08257523021851416,0.407235576278631,0.1856965938689368,0.19434642818293124,0.6938625943432949,0.6957401605330217,0.0187297153132614,0.1630034405500081,0.21261043297762852,0.24715137330927966,0.22812364424444653,0.09992969719431694,0.3521726799489076,0.4391140155646113,0.6361375412308214,0.059598434408952114,0.7701590948736301,0.4997336623735372,0.4129641834787168,0.37564235622807046,0.6629806164065792,0.1452233743245378,0.13346392524075024,0.4606343277272679,0.24665383163835963,0.43118097310139714,0.26358501478844126,0.11721298212724772,0.07054983213468524,0.3888074635900612,1.0925999992604793,0.04497649541590444,0.23414614669858175,0.004920477504906072,0.21139828363540472,0.3006355877088303,0.49875888328593004,0.8939580914462069,0.6416956619805186,0.7359476347572507,0.27891147111346054,0.615930558623904,0.6748094375145711,0.029785678964580488,0.8278172574768831,0.3305013130180159,0.08015209734867798,0.37495832132708107,0.7501817614355832,0.07541383004510685,0.5222074683083024,0.1500397616282326,0.07089813184419899,0.04100021308785092,0.15827049580057126,0.1405020315256794,0.17784465584958276,0.03018470207720125,0.10044427802505072,0.29758051420054443,0.03968431453936521,0.09498725842390657,0.1009808284605085,0.030796016113057476,0.22890040205794493,0.639003473445937,0.13953263665818857,0.1642522440251098,0.5262486966726172,1.1879741388588225,0.12356818240008488,0.04456877476550746,0.7350574327726614,0.08311458421276545,0.5679909963259718,0.34181760789759874,0.07963958206997894,0.2967972668205878,0.22800890345381347,0.004765641501222418,0.23476448885525408,0.11465320800262735,0.04510608826724184,0.007491060833663594,0.7127904180634961,0.07077209308157893,0.33434144478472294,0.3363683424144538,0.1266573475503407,0.47224071261705325,0.02147161093246019,0.15893292960104613,0.1554207565356082,0.33681490103381606,0.09237409951054043,0.1801191336687053,0.08788233384311929,0.09196600727682411,0.35334347725807735,0.17587191693082851,0.43361599439518167,0.15714017861213206,0.12649278337770758,0.7498889434123303,0.1774793036422412,0.023207116031131035,1.000272186162442,0.15468735378762202,0.36024900042557517,0.09805511071092371,0.16865290243656234,0.2624966096934546,0.0589444952561116,0.07256482826023446,0.16023740561386213,0.07753651415574934,0.016549217394067863,0.172166618900446,0.023849911748864645,0.10046383061537148,0.4484217190730446,0.5226888740360889,0.14276214269029694,0.41439069783667243,0.3077921273953233,0.26754650727063545,0.38927279176772656,0.6047493594873327,0.3214534599460893,0.1334106130704036,0.06448591388928439,0.035471215188598144,0.4399961695869997,0.11595094747696563,0.086795137421391,0.48683993297609285,0.4153330805385014,0.1370521936418255,0.2941695701969571
KO_28,0.18662401474744938,0.27108615418309007,0.3306656558298103,0.25929014058479927,0.22371084531385171,0.21729150767584363,0.08494780135440173,0.14914642998229855,0.21821732852596418,0.1077207650179766,0.11433759155404354,0.6194138730918796,0.022458660461210648,0.286196221206941,0.024072335712851806,0.15181929896820653,0.061195035606008225,0.1783796975593173,0.06632616634128266,0.2647764554146171,0.16008695749042973,0.1772639615354188,0.3965220351576174,0.0013594610970739877,0.21599896025894172,0.04590501040030409,0.02974783479469455,0.13188854024315283,0.6243396877235526,0.1389552941764548,0.04789108059317326,0.6200336689604633,0.12762604204920114,0.19444164659298713,0.01755923809456434,0.21004579740562382,0.644174220708961,0.19396630685916952,0.07822455360504614,0.39197625385395074,0.5312111587307637,0.015690849345651615,0.3591626933171746,0.056493890705530424,0.16753597137757978,0.737302597999051,0.6295901050073817,0.35095882764017466,0.48846724477621856,0.5977353716350227,0.1417945767543926,0.09189311975266642,0.18620865128893277,0.667590716741741,0.7243820643043795,0.10858618585338393,0.17880298993712695,0.02486564394876412,0.054390064831055594,0.16784066716096985,0.09840639185642414,0.0835531186307597,0.39801852261728743,0.20772822077048597,0.19740696012644965,0.7146107251626213,0.7337775877922907,0.021335383397429124,0.12079469935821331,0.23737034771441498,0.23310078189573757,0.2661238498979353,0.08161087594452703,0.3766989021396147,0.3975640688768882,0.75194433696028,0.05876988828901956,0.7521681829141865,0.45221034271118465,0.37341302740110904,0.38306500776737223,0.6567597155726154,0.16730977285869503,0.11550457401968843,0.4117907702709258,0.24117038955380615,0.396456547981094,0.2609943633900878,0.12346617092760945,0.08058463113195367,0.39953528091688634,1.1431443305061573,0.04202833550314649,0.25309746203202654,0.005623249709125183,0.22031061049613468,0.3007106592384334,0.44056894230576105,0.882845765498373,0.6429456971875359,0.7283373301350893,0.26786279699130755,0.6729497063063146,0.6704499387213468,0.023084948633754442,0.8438637841916609,0.3264807368962904,0.07736022954425774,0.3631966500766645,0.7420455053712746,0.07641778069675077,0.5394542333825058,0.13034567841228106,0.060515719055096645,0.04080861403105105,0.16277131531169287,0.13658378524036272,0.16332530521631533,0.03200549059376484,0.09559375840560921,0.3133034732448298,0.03852145914926435,0.09678827820910067,0.09878996370501213,0.03412302192514302,0.22336423431889282,0.6718499931709264,0.19812001921472872,0.174780094031377,0.5902879476703184,1.2185033848417315,0.12170225531266356,0.043390178171632675,0.7198248209830301,0.07487718737277439,0.5573263952642896,0.32160750310271546,0.07626353835494543,0.2905453262846876,0.22951061045727741,0.005280817074090225,0.22861342100428356,0.1763271412966034,0.044672147289225896,0.00653106821804006,0.6990533347045633,0.07188880766480815,0.317071671072854,0.3464670696453897,0.13622355393402924,0.4600325912468735,0.017169742391888804,0.16300018711935682,0.15944970782468332,0.35557237695281363,0.09279631521344155,0.1754172175757548,0.08808649143839396,0.08993751749707377,0.3695389839447811,0.18507635778768264,0.43191315439491557,0.16467200335919333,0.12958141906523968,0.742546964575546,0.18143346989087814,0.02339889034911218,0.997971273334985,0.15717812861128705,0.3393004378809997,0.09547030988184559,0.1586343389143232,0.2553213924368062,0.06137002007506784,0.07034737940861842,0.15618998782499582,0.0817567311307565,0.017370248933298606,0.15801655779114349,0.024310933619621163,0.10535383210100786,0.5240561787901832,0.512174839139779,0.15055058396624474,0.39686400609413447,0.32017125533050295,0.2762750183628514,0.3906228285480376,0.6796523642769714,0.32527278278532423,0.1392715249902066,0.0692192123436389,0.03429930362573271,0.4460024682575294,0.1147340012816899,0.08583845632422393,0.4905455567357814,0.4202980176530225,0.1371685507166816,0.31415371002305487
KO_29,0.202882320647544,0.25094369684651496,0.3686130226753923,0.23052158051823765,0.09792032302251456,0.20803433985388858,0.058893099731800604,0.16458064356364177,0.2023981113627406,0.09326118139799285,0.09643541487090854,0.6489871148368038,0.02687928426199427,0.293665347676919,0.024044605997016476,0.1776422590834959,0.015367645176455806,0.18128091276440272,0.04949722804091533,0.06857037781206986,0.14915076626680407,0.20320381977516166,0.45208106768494644,0.0012721576133233451,0.19929094858216448,0.04108044719735849,0.03422100163256076,0.11653054079559083,0.6763424638400605,0.1589301012476415,0.041387201925096116,0.5521636017928844,0.1275996645832525,0.2136655851729146,0.017882440956320963,0.2296213977727942,0.6260759808495407,0.26792780557316676,0.5670605843412562,0.392067328910104,0.4896443620023543,0.014749123667683115,0.3418377615058369,0.04872477246755879,0.16747193467279264,0.7375653319249759,0.6946555749215573,0.26800622454014916,0.4926855949554537,0.579434016141166,0.14093611296812503,0.0948851172500676,0.1822680660145103,0.7165388253986327,0.7099169177887604,0.10837116221742077,0.16027676320404907,0.023273079959562685,0.05157733401817954,0.18457709906702818,0.09702606908957387,0.08256703373809486,0.40721898311316107,0.18568007944512244,0.1943213269187394,0.6938792109144846,0.6958103088684081,0.01873390386268604,0.16301435146958035,0.2126349481245854,0.24717755440382286,0.22811103880614078,0.09993984684945097,0.3521305622769926,0.43909200423259437,0.63620714469795,0.05960656497595015,0.7701927723607979,0.4996879736256758,0.41294580007503934,0.3756308452104903,0.663030401414031,0.14524038879932724,0.13344500193787073,0.4606040285822586,0.2466430802767159,0.43117528421306506,0.2635833604702275,0.11721040757007882,0.07052886323929825,0.38882080889023735,1.0926956294783405,0.04497879736047951,0.2341270748793157,0.004917701211961855,0.211397045147434,0.3006510305867929,0.498758384356734,0.893955117145312,0.6417847559303368,0.7359266168124841,0.278912349403325,0.615972870059439,0.6748271800835376,0.029778534151131537,0.8279026531829228,0.3304360904351188,0.08015131483790393,0.37497091977690195,0.7502459374776996,0.0754278912416487,0.5222012417874428,0.1500062550663768,0.07089074057059176,0.041006935859956344,0.1582700926380767,0.14050268309847455,0.17783567964571878,0.030185446893686903,0.10044051969723658,0.2975238654152623,0.03969078426920292,0.09497664224683193,0.10097514542052446,0.030789828984695938,0.2288856095641982,0.6389908995166622,0.13954943674662787,0.1642734870112786,0.5262683255031042,1.1881069276167853,0.12357243373061877,0.04456006997442234,0.7350629450187617,0.08312382395376525,0.5679854088052573,0.34180454237203534,0.07964084400358704,0.29679046501529566,0.2280140943028474,0.004766382769351,0.23477264226046426,0.11467099628892828,0.04511134494503666,0.007492231073965624,0.7127227938171778,0.07078152480662953,0.3343351562666471,0.3363825330297953,0.12664803082936157,0.47226247970516977,0.02146852087446598,0.1589227098597388,0.19208105501763564,0.3367879070569214,0.09237271013025464,0.18013120484842413,0.08786300084365,0.09196405776043491,0.3533366201726334,0.17588861137735887,0.43359540784252476,0.15714441338113855,0.12649749007997432,0.7498451801912863,0.17746478390234438,0.02320861608705791,1.000276021043271,0.15466809799256068,0.3602702044553436,0.09806186432576397,0.16865069332668342,0.2625436292677424,0.05893319897908567,0.07257409645427362,0.16025429198665955,0.07753987618221624,0.016557351643149306,0.1721887380589498,0.023850594916377324,0.10047433200914758,0.448430126203232,0.5227267599939052,0.14275851737546913,0.4144225254167279,0.30778960239996084,0.2675219672188245,0.38924453780470186,0.604698488542717,0.3214894392691638,0.1333987922554605,0.06448739889406775,0.035458476696626204,0.43999825202562015,0.11596225662713777,0.08679178643481215,0.486822430520194,0.4153516512896688,0.1370632165329548,0.29418167018952995
KO_30,0.20285644046845852,0.25095507007663603,0.3686172576579972,0.2305040296674304,0.09790357322697375,0.20806224684287788,0.058911201044262784,0.16457021630557098,0.20239204720526305,0.0932505535993843,0.09644759066765923,0.6489994483229247,0.026875900859517098,0.2936992034658571,0.02404514273597436,0.17763902031746376,0.015374597726971086,0.1812755848444424,0.04948327649974613,0.06856326779231127,0.1491315318452011,0.20321597953020765,0.45209195050527246,0.0012722315107287095,0.19928585230522963,0.04106274208754585,0.034219975842386965,0.11653067359131544,0.6763411780593048,0.15892901120881298,0.04137774887891969,0.5521437922419231,0.1276130175170552,0.21366658666436641,0.01788219435774002,0.22963245324840825,0.6260570781206518,0.2679133708082176,0.5670962458990474,0.39203142026508475,0.48964320433522734,0.014749493733039045,0.3418302355745646,0.04872706530970314,0.16750641955052728,0.7376356142759873,0.6946153975291041,0.26800950647624205,0.49272093225880764,0.5794787804850845,0.14093688184098976,0.09488963152525792,0.18226624853190435,0.716547405098166,0.7098687888612675,0.10837436855220879,0.16028751613983638,0.02327813515295694,0.05158861824767695,0.18456868958711253,0.09701547745621976,0.08256796390091159,0.40721636352223345,0.1857023955980888,0.19434668695179266,0.6939113802189923,0.6957201736533886,0.018733836904229112,0.16301470436014465,0.21263400592180967,0.24715772097843353,0.22814757972525673,0.09994069760625746,0.35218160345631105,0.4391166081542223,0.6361511878007953,0.05960074726361729,0.7701740139708718,0.49971062163793584,0.41295365137218754,0.3756478501260839,0.6630006376607465,0.1452398673915867,0.133447800571449,0.4606621827098725,0.2466661680622002,0.4311785371220715,0.2635936606123941,0.11721637755692889,0.07053751601952975,0.3888092533560678,1.0925987688291856,0.044971751915658664,0.23412031534190275,0.004917527799880684,0.2113889756227146,0.30063354700095835,0.498773353789217,0.8939457398649212,0.6417192402454887,0.7360136513755603,0.2789278164110659,0.6159058502693133,0.6748083329308792,0.02977815379598511,0.8278308103587195,0.33046346017885025,0.08014342834784276,0.3749738636251295,0.7501598786573729,0.07542898793341168,0.5222365301410153,0.1500468135320216,0.07090413003155752,0.040991376615686144,0.1582916584463427,0.14050023144403595,0.17783785731081372,0.03018279498797448,0.1004287435352519,0.2975383135612436,0.03968462903392359,0.09498611070395177,0.10096343668449022,0.030800596688558658,0.22889619530444338,0.6390171306367419,0.13952759293584746,0.1642708281036884,0.5262969030739018,1.1879872216601604,0.12356892727728583,0.04456733523878744,0.7350392446011978,0.08312190754123223,0.5679605369375795,0.3418147523786472,0.079633665353126,0.2967854230785566,0.22800073476741864,0.004764365629993619,0.23477622688110333,0.11466560376911608,0.04510578885530115,0.0074907225734450085,0.7127639581147532,0.07077495106091383,0.33433871134407345,0.3363803482863527,0.1266613843889266,0.4722623287997267,0.021468424715686357,0.15893902980801602,0.15542570254476457,0.33679403221282933,0.0923707971936212,0.18012052937595963,0.08788161678040532,0.09195145814042242,0.3533409692244002,0.1758673416504747,0.43363633397650597,0.15713813943898985,0.12649391422896852,0.7499179568509953,0.17747244655650582,0.023214458257699376,1.000292430993583,0.15467820573178456,0.36027815365172355,0.09804843512216488,0.16865234311668298,0.26248419913197424,0.05894313315085412,0.07256538585807105,0.16026997173740495,0.07753575735195099,0.01655177820274205,0.1721797781124452,0.023848681618285492,0.10047985422336606,0.4484298438333317,0.5226522961034327,0.1427563577614209,0.4144280587488,0.307792104748243,0.26754799721060357,0.38923572675000984,0.6047473171259291,0.3214886399519295,0.1334180468582192,0.06448579769362324,0.035465509968325634,0.4399820280409457,0.11597217413698091,0.08678771911354598,0.4868163798186013,0.41533824677489317,0.13705003069025795,0.29415866783138467
KO_31,0.21840680870950144,0.24274839899815234,0.37307338569284193,0.24198414923170647,0.08691527005072276,0.14081825153036306,0.05089127371512206,0.16801005403120525,0.20178607803901702,0.08313922320428957,0.09472176374486908,0.6424362934080552,0.02833436599650275,0.2892077799671514,0.024756385948333594,0.14429207623195778,0.015133781193685535,0.17806075853430894,0.05464702634044064,0.06639673396772659,0.14881876801989738,0.20900667791447158,0.4587196113312077,0.0012434417005192818,0.20426444321532639,0.040180257332108706,0.03992161886853701,0.11366685821334196,0.6881931885185395,0.16516231796175232,0.04104229780310466,0.5565404927532018,0.12400748889635459,0.20701628225816898,0.01834589707147783,0.23295462576142317,0.6257253678136024,0.28287030985751804,0.573827259493845,0.38749258013529125,0.485579152434651,0.01437709958706619,0.34291672787300587,0.04576230760983132,0.16349585350608767,0.7277293385520319,0.7080875497958731,0.2666043065588698,0.4694948996043134,0.5825633622454972,0.13543654811797956,0.09781857232377991,0.17652775441398255,0.7308676935010935,0.4172027338792547,0.11008971553980502,0.15572925308655797,0.02371631216593407,0.04933724026030915,0.18859987595760813,0.10238483799546147,0.08026958451087471,0.41100182428015464,0.1811049748305853,0.1932823105254731,0.6829774438360291,0.7038175206738775,0.01835285698726433,0.15723879511783093,0.21055274655753653,0.25171120062262853,0.21450401047894513,0.169668267803221,0.2616648554313045,0.20244574719990152,0.6354292479290358,0.06123538525951123,0.7759941585171796,0.5136461922246501,0.3355627231104932,0.3686254611045514,0.6631242098104356,0.14526417490790275,0.13754519769521406,0.4519340119485157,0.24452998057237535,0.46092492532942264,0.29044714162395785,0.11192177660083205,0.06767049182613002,0.37868909278860385,1.0969250492872828,0.045536166932759366,0.24767975100768855,0.004846135843420935,0.2084019836273235,0.30323677528323806,0.5132723389039271,0.893225579598426,0.6498317172217987,0.6880513566067762,0.28263375105722044,0.613802602487915,0.674520612022694,0.03382157279854751,0.8267562420248292,0.3300107622235719,0.08771962331819663,0.3864146319500994,0.7426444576348726,0.07347920222153775,0.506547562377108,0.14670438251451465,0.07032850151650796,0.04106551472625284,0.15978768686031905,0.14354889199054993,0.17546326588278213,0.02949225523437801,0.10342788531480782,0.30108088909451775,0.04082576025833807,0.09328863857511746,0.10188813144820824,0.02918232088059826,0.2271067815808759,0.6278563882567811,0.2098628607751372,0.15837568893621615,0.5255234247755443,1.1838669985851844,0.12347080649072063,0.045470882929991595,0.7445426098858323,0.22964280144330435,0.5780652876567258,0.3406037168891399,0.07858702456361524,0.2953183703477183,0.2294909974099577,0.004677705135815833,0.2555258311358506,0.10652989013932726,0.04566953080515401,0.02904835878132672,0.7243930364144752,0.07244234309298998,0.35476567616844457,0.3333413498843289,0.1239942213744251,0.4670526026391808,0.025198488363001748,0.15530603929984413,0.15466361385035537,0.33464611399116917,0.09184367604745611,0.18471686503496956,0.08788566815893378,0.09133622391891795,0.35323918684890143,0.17579658989424188,0.4358056173333635,0.15835502403643908,0.12360717204415939,0.7561149777732563,0.1766052404087486,0.022956047954122184,1.0022516250080253,0.1523139386251836,0.36130827950656025,0.10056783433480272,0.1698705973977155,0.27015453751652097,0.05667796293206766,0.07473154636784005,0.1592236648670496,0.07706007780226534,0.0162022170923686,0.17225727673498606,0.023413759700108665,0.1001890446731068,0.44794483473772684,0.5327389879787308,0.1581630920533648,0.4165130318346791,0.30376037825291413,0.25932571075542304,0.3875058281653119,0.5982611542899724,0.3192669540785187,0.1321248952861763,0.06394661185588613,0.04520438603542962,0.466954340256292,0.11618417569966419,0.08673537353756633,0.4856097646658393,0.41064633103952325,0.13703860255826453,0.29767327492457796
KO_32,0.20269065255090987,0.25139636244091473,0.3684104792515131,0.23040494858692157,0.09816286215278741,0.20864909414921043,0.05906609329800681,0.1656801810049081,0.20251181429612553,0.09333755196840399,0.09656893554765604,0.6488979967387716,0.035054547323142886,0.29366886768361833,0.024040274523675336,0.17750513738561932,0.015372853135429845,0.18127044605867798,0.04935631476530643,0.06870743777164147,0.14912029345793248,0.20320813017292244,0.4519151819976443,0.0012585486899262509,0.1992153787638917,0.04108128383198005,0.03419463333354013,0.11655299100479909,0.6760381873905507,0.15894048118567897,0.04139831742682612,0.552161366352723,0.1276310326761828,0.2138980312724625,0.017860579545591126,0.22948070693982128,0.6263432907941251,0.26726382880065064,0.5668013279489909,0.39206134811029797,0.48972471476764007,0.014747367212617392,0.3419253486922451,0.048804126106635606,0.16754224117956018,0.7378399503206927,0.6944007829534248,0.23448426547055132,0.4928251075890366,0.5794441612335406,0.14099986604120635,0.09485130807793107,0.18261772520073863,0.7161001184548899,0.7096913786322342,0.10817279499766957,0.160484235498483,0.02327747144924182,0.051578705185908465,0.1844489441579324,0.09696200251212438,0.08255417068675007,0.40703027958822163,0.1858388688070826,0.19436308403531413,0.6944161789121993,0.6956735535036824,0.018750307395466313,0.16296467298304687,0.21263953918919382,0.24703396925087817,0.22799671004490987,0.0998778240755428,0.3526819014935478,0.4389993324848219,0.6186210403026486,0.05958027503864022,0.7695269265205712,0.49944886374217784,0.4128097275403211,0.3757198563959954,0.663029455297276,0.14528851538244342,0.13332133793000353,0.460733431054568,0.24663260290316957,0.4305938506450506,0.2635917674403299,0.11729974199192544,0.07057310853786097,0.38892460205718965,1.0924988609310986,0.0449568896266447,0.23412832791472926,0.005045748327125596,0.21146510012084882,0.3006246532905975,0.49938290892694337,0.8940113425290209,0.6415079980766931,0.7361412950581082,0.2788827762803422,0.6161134166520742,0.6748113536136365,0.029798012143208583,0.827829548668727,0.33046370598722064,0.0801328386952194,0.3748481583675273,0.7500970145359144,0.07543884160328682,0.5226370983163894,0.1500396495801682,0.07088046619323617,0.04099437312427463,0.15384456435711752,0.1404871002929251,0.17787937282558583,0.030201944456758383,0.10034343223104848,0.29746615468045196,0.03967034882178475,0.09501132109925252,0.10093790781768514,0.030823216084093226,0.22888064547972425,0.6394051779312891,0.13994230686696685,0.16441202788911216,0.526451561205581,1.1881865015842819,0.12356943386573849,0.04454453974494617,0.7348882116697071,0.08314893424787434,0.5678342825432742,0.34177000278743197,0.07965937489507915,0.2967380873723701,0.2280342312215934,0.004767130189081369,0.23457201915691597,0.11490588929890727,0.045102643961301855,0.007494417919069311,0.7125045247730867,0.07075867375145029,0.3341040108355228,0.3364519323555776,0.12676499539255714,0.4713900860795188,0.0214404125765354,0.15902480365442312,0.15542264711325865,0.33690435000259933,0.09238138045428741,0.18006832378743035,0.08786251449427473,0.0919899548582709,0.35334932115489787,0.1759146093001333,0.433599415986181,0.15716864880690154,0.12653100343146942,0.7497745820985812,0.17720379813072307,0.023219276961046847,1.0003297940152176,0.1546997281402742,0.36015425730277334,0.09801181661084662,0.16859941702845657,0.26245682284254856,0.05896082908136473,0.0725418224508254,0.1602327981788325,0.07757371257533663,0.016550204922574384,0.17217236851335296,0.023851750514501974,0.10050042235421389,0.4372580420704279,0.5225427597131143,0.14267053364891363,0.4143419079511035,0.30789853694090835,0.26762177057867653,0.3892670527244131,0.6048918137704568,0.3219104533138549,0.13300313255677434,0.06451846686228233,0.035397854128376906,0.4398164828308014,0.1159489279395465,0.08679048844775743,0.48682428101111375,0.41539933196554524,0.13706007224239392,0.2941111671363588
KO_33,0.13925059358149683,0.29111277447920547,0.3433723244696326,0.18224340352309062,0.10798420695149083,0.24766923856690037,0.07491826214166869,0.15462209962378254,0.1961651147695374,0.09130135846101858,0.10909913181805868,0.6034301402875054,0.02653347389690468,0.3020936693095678,0.022545572052482633,0.14048050528930167,0.01671083327417526,0.194623156796389,0.04647363934683373,0.08325172459978647,0.14744299282351597,0.19151458101620467,0.4371443804757394,0.001492087164944326,0.18505230194108813,0.030223405907324394,0.02951429283531228,0.13028856271351896,0.6212635483733788,0.16008884988861677,0.04239332629341717,0.5138062328838889,0.1425520160945373,0.1978941157683758,0.01741075701955721,0.21430605549270587,0.6222464329031949,0.21966573993537958,0.5458425689732708,0.3777233839108218,0.4996750402528192,0.017069268418884065,0.33094828308224533,0.06173542950120984,0.17964043420860307,0.7668758093288478,0.6705619302380174,0.2827711542196492,0.498996504556846,0.5716288289779035,0.14084289876172362,0.08369255100145281,0.17243051879956786,0.6489122433188471,0.63501233760612,0.10095026332024117,0.18099160041999557,0.021935657785199507,0.06220842456215902,0.1679707301649295,0.10343291099353578,0.09175866714550338,0.3890262674387535,0.1995243947097098,0.21275634222031045,0.737950898126773,0.6475199386041312,0.019911379403561493,0.1452324921745835,0.21451526898562426,0.22726267282892199,0.26757119187275735,0.10385703344902077,0.41656982751436494,0.41750374750747776,0.6218447192620317,0.05683497324027836,0.7382269902549394,0.453599999520354,0.3499597350847977,0.405283184647974,0.6590584049231784,0.15549914718959915,0.11908174183204245,0.48587205541134393,0.2538193505818392,0.39808023379249124,0.2596774788370547,0.13871455512422445,0.08112746884021337,0.43158600875405684,1.0425860098311839,0.04393799704822535,0.25344215487453503,0.005426980696126923,0.21700576856205944,0.29060769045695456,0.4463758278628051,0.8734399406213937,0.6053978698900376,0.7366452555616971,0.2621001581451577,0.6058117744850563,0.6668532635663219,0.027648988122018003,0.8225757135433845,0.3309229818346956,0.07579773076016626,0.3300270601045026,0.7481312289006431,0.08528847182071923,0.5328955131895002,0.1726783519982547,0.07894783842786958,0.03986960026894137,0.14851386225516947,0.14088166061325486,0.17602088556289947,0.03493351701214916,0.08805816585073922,0.40294293164672573,0.035329051609959056,0.1022306553605191,0.09666145524805857,0.03872916154795516,0.23883437169492824,0.6990772010028405,0.16363144138563032,0.18919395020759036,0.5147424838435326,1.2004799150513084,0.1250228684880553,0.03943395551355647,0.6970307021727903,0.1014494059894593,0.526333048231691,0.3523852882236093,0.08026032324323068,0.3015276861252707,0.2176760640997126,0.005188613951529554,0.2106248522513817,0.1455231424340072,0.044648626451317265,0.009450898306659744,0.6996835538502263,0.07082128494875428,0.3139399666156152,0.3425649958076507,0.14003137116783046,0.485423488899965,0.0194192803580405,0.16144674582467713,0.1529830816535474,0.34922808048635756,0.09281054323954353,0.16227666214697997,0.08769965762678383,0.09232928019091027,0.35379836802998305,0.18219804703527037,0.4318625982339592,0.14770382948971858,0.1389827895781879,0.7428844657244084,0.18000646583851848,0.025112793283333292,0.9898330244826231,0.1646593134176784,0.355737324807535,0.08836159894211464,0.1659083096187136,0.23424993353958418,0.06908637824328721,0.06429525647533181,0.16359735182192148,0.08029921743876149,0.017676468902196044,0.1717584767692417,0.025715606683599422,0.10258825058981068,0.4393356161713656,0.48177913865892136,0.1399298498475039,0.40271514727932567,0.3192453451903659,0.3028677631507526,0.39072673105710004,0.610652555716304,0.33401291290364377,0.13715957752059932,0.06759343349378669,0.030718893169619673,0.4287723629483369,0.11876676430104217,0.08753713362395395,0.489193424134345,0.4348690794482109,0.13713987572602337,0.2841493441378916
KO_34,0.2028149502642212,0.25100575914582385,0.36851614551419376,0.23049142974516562,0.09791202949317428,0.20814129471373002,0.058936616079047856,0.1645271721235436,0.2023858758029242,0.09325883807777945,0.09647189370063872,0.6489153861318881,0.02688418026645211,0.29362741039949664,0.024044176245540404,0.1775889585190861,0.015383279659689627,0.18127963811386621,0.049485631380411094,0.06859941187402811,0.14911857576931048,0.20318978281527872,0.45202855512411266,0.0012697480608601308,0.199295227098794,0.041080199709190954,0.03422941742703243,0.11656294127546186,0.6761939127480017,0.1589102646220578,0.04139302688437268,0.552170654477056,0.12760282635929546,0.21363953245488443,0.01788329708115476,0.22957482246799849,0.6260823502285471,0.2678428647743733,0.566924034229144,0.3919898246294626,0.4896380809338277,0.014744747484744334,0.34186757327471284,0.048739835634969704,0.16750260914364876,0.7375875863351167,0.694607127578233,0.2680540898966668,0.49269616912225017,0.5794622554118896,0.1409281291465894,0.09488875546491042,0.18231153808281939,0.7163934919958785,0.7098497779289952,0.10836432932722517,0.1603168256253625,0.023280399335396405,0.05159726436467212,0.18451603160419233,0.09702110291261347,0.08257706857944035,0.4071410039799864,0.1857120342795039,0.19436694353281347,0.6939708390018591,0.6956755544427178,0.018729579859849285,0.16300362749915673,0.21262572745694092,0.24710983154626234,0.2281717091525149,0.09991168290141914,0.3522916830072537,0.4391332653796206,0.6361462737099922,0.05959389218877048,0.770075072364454,0.4996456116682434,0.4129329374114685,0.3756441249241891,0.6629888570189743,0.1452418666232972,0.13341983206508806,0.4606509209685485,0.24665015977574722,0.43104415046072775,0.2635621949393418,0.11723921774468621,0.07054715810171591,0.38883013748273526,1.0924771266053575,0.044971809342427664,0.23418297965285984,0.004920077147274121,0.21140525315255507,0.30063620332681046,0.4986239755853703,0.893880932332142,0.6416938721425134,0.7359763270243,0.278899095228541,0.6159161629454576,0.674818425730237,0.02977359194122782,0.8278118040918487,0.33045667878522905,0.0801367304487226,0.37493060401076544,0.7501289457687034,0.07541487009776747,0.5222530144173827,0.1500469499565917,0.07090309128451708,0.04099205229772839,0.1582693820771347,0.1404898816464121,0.17784394383203897,0.03019945690001832,0.10042412259928098,0.29756126109078296,0.039685620028471404,0.0949876250377419,0.10098200066916474,0.03080098265636714,0.22889940486837693,0.6390862312263309,0.13953402594290612,0.16428271395082195,0.5262583157394506,1.188043269007884,0.12358203184921158,0.04454452228608595,0.7350344427099853,0.08311791744308843,0.567942822855119,0.3418273562994544,0.07964056224040154,0.2967892726136836,0.2279544149620244,0.004764643164263974,0.23473025964525515,0.1147185300536277,0.045113603104606,0.0074914523653759595,0.7126919975144498,0.07077549617990866,0.33429401378702744,0.33642383317856417,0.12670483968831803,0.47225437233424844,0.0214662996320282,0.15894264263594254,0.15543540886900128,0.3368549687148382,0.09237077730252956,0.18010463062148432,0.08787235746468629,0.09195051390344665,0.35333825119522816,0.17589874038505995,0.4336386496015214,0.15713820152884422,0.12649605574841408,0.7498388905551143,0.17748585601700262,0.02321321661565118,1.000291901063376,0.15468528304367474,0.3602494496068428,0.09804646216986818,0.16863255087057819,0.2624879468985292,0.058950772968170806,0.07255970783574794,0.16024065713236588,0.07754939806459904,0.016554277737281114,0.17219051011387304,0.023852397513619887,0.10049259723118202,0.44841642847884217,0.5226452624199466,0.1427652913453866,0.4143941437960567,0.3078371311006819,0.2675636675839001,0.38925788697050157,0.6047280864311428,0.321509133833068,0.13342476910361978,0.06449658323500568,0.03545650007057369,0.43998593595264207,0.11595888749248079,0.0868026006275626,0.48684282519955574,0.41534475315373603,0.13707466488020795,0.29414894724419527
KO_35,0.20587248606785624,0.23888526845442493,0.37350836495573064,0.3192828574232503,0.09338122272290682,0.20242986341269711,0.05549130334683027,0.13393361332127518,0.19978153381906208,0.09295290024331594,0.09314148239694363,0.6520984541714578,0.028488536643507527,0.2943190648398188,0.023926538961949836,0.1865997522143822,0.01488318628970154,0.18187137297586328,0.052402396810802714,0.08126445835609579,0.1497270085367764,0.20192325342382983,0.45563443812573856,0.0012570586588128126,0.20101005061442062,0.044837306093305856,0.034050223499305046,0.11710245067825437,0.682537076271419,0.15783362688997166,0.046182431785978466,0.6145768150127718,0.12734323431723799,0.2087982179581335,0.018638298861504147,0.2324897211774772,0.6780245093531765,0.2841984469110129,0.5406149351749038,0.39246698142744807,0.488854302775898,0.012432683501365093,0.501106233025043,0.04691907930685252,0.16836478486213666,0.7254648975698412,0.7872175336044032,0.2713040369443874,0.4923249874577636,0.6758510781139432,0.13945508651394178,0.09545415370325347,0.15532811531440777,0.7276413252067613,0.7454857285932348,0.11408311580517368,0.1547546367282483,0.023118007058387836,0.05214659955472386,0.1868966288697385,0.09754032829210084,0.08346663408738327,0.41279478279883286,0.1829640114084391,0.19360678209083196,0.679697078534555,0.6963584491125343,0.018272022177556788,0.1654211733516092,0.2117725065524878,0.2492051707796317,0.23412452099731895,0.09384201286800063,0.351636440404991,0.4743043240477781,0.6297159492159827,0.06017270536558647,0.7863686892073599,0.5062779610401981,0.4279603594981731,0.37426357100223706,0.6620675091587899,0.1435837148541291,0.1368589961242678,0.4503289269826965,0.24716534031414122,0.4436136207679929,0.2577691536352301,0.1153597977445596,0.06987725133164173,0.38681805059392455,1.0948085731478527,0.04544979594482791,0.3788931240475087,0.005203986963450987,0.209763907181852,0.3004079094242453,0.4799565444079819,0.8853505260579397,0.6450425871733853,0.7367617789650316,0.2793726557630257,0.6114208823573835,0.6714492923586207,0.028905268999045067,0.8279072387903098,0.4385170956125317,0.07986169720091778,0.3771796743590858,0.7521692656450694,0.07488590747971018,0.505345483445,0.149894806170471,0.07127972427303426,0.041041142144257914,0.16161132587325905,0.14056515831198313,0.17792232813638245,0.02970553458610133,0.10272011835448755,0.3643409082771098,0.03990825201945858,0.09465629894226343,0.10233071912904718,0.03030030317710603,0.22941156217036798,0.6297024482245717,0.12225938967218306,0.16132918537351318,0.5211820947274264,1.181525714268582,0.12361792148707723,0.04479781271895653,0.7379003082450456,0.07290413494290116,0.5699065636931158,0.34258823412006534,0.07904213968008156,0.2979678945236304,0.22711664988508712,0.004696773347598931,0.23685062661882925,0.1093306667174574,0.04509762841054822,0.006353839008284873,0.717628906778128,0.07119388076891532,0.33783334333974196,0.3350729948525388,0.12458276732436425,0.4964695177667542,0.02189315964236448,0.15503100625640778,0.15546249002461562,0.33444896773542526,0.09240148827098543,0.18099459585692443,0.08785908435679421,0.0915951331200864,0.3531837242557767,0.17471828317549154,0.4335731002159439,0.15643687091679725,0.12593259812457192,0.7524893888963791,0.1854174698692594,0.018378754439220962,1.0100007941830098,0.15423604114875994,0.3623010033758948,0.09853364810028015,0.16929856838124918,0.26402672469806604,0.05849601374639939,0.07297082986087447,0.13738634845653322,0.07701266281672006,0.016671992761140366,0.17234100832027818,0.023762217703147584,0.09996963075621566,0.44429710784813653,0.5246039597564328,0.1428251910251399,0.41672358341965376,0.3058349906958535,0.2659323271638934,0.3893083967313805,0.6020229484064974,0.30989508227374196,0.1452789956962326,0.06390299211154749,0.036204082039553595,0.4411756017422983,0.11499503791597405,0.08681080180063258,0.4861132310441898,0.41442645393800764,0.13708535427541949,0.29830435349224715
KO_36,0.2028584669197761,0.25095956840496886,0.36856602888044004,0.23052166740297944,0.09791924254677639,0.20808345169751025,0.058923353696400296,0.16456628581850002,0.20239416773683036,0.09325875697804188,0.0964696013053157,0.648930310958788,0.0268784000893912,0.2936367795365935,0.024045569381812758,0.1776217994540972,0.015379986913437284,0.1812867134329581,0.04948243350572595,0.06858085446489366,0.1491211758804703,0.20320952439452566,0.4520424277557609,0.001272752213613881,0.19929832846327522,0.04108542115550291,0.03422973771032346,0.11657514799434764,0.6762628555900579,0.15888843546777923,0.041390879455072395,0.5522029726907899,0.12760537482402845,0.21364832676170556,0.017885285771786892,0.22959904065943118,0.6260586606075665,0.26787045815870647,0.56701874920906,0.392041852070807,0.489671305531202,0.014750717745457708,0.3418450154755387,0.0487277826277145,0.16749610168832002,0.7375801171772036,0.6946395495306025,0.2680257441922264,0.4927067753686912,0.5794959730102011,0.14093934063520164,0.09488476135201845,0.1822707730464177,0.7164768844523351,0.7098977568549,0.10838108630521479,0.16028802880106013,0.023276725212138562,0.05158653998179318,0.18453388525228737,0.09703080173960406,0.08257376540094247,0.40722928939157177,0.18571807817528044,0.1943523161276012,0.6938836702091524,0.6957504248151645,0.01873245144403807,0.1629999170830549,0.21262493233363405,0.24713499319467108,0.2281573901793882,0.09991679797791181,0.35220332041785035,0.43908575182278126,0.6362021573485492,0.059597077913867154,0.7700859849783978,0.4996922838560644,0.41292762954307866,0.37565287963252586,0.6630193871450596,0.14523287479063554,0.1334215443606518,0.4606809719488081,0.24665773247608405,0.43109053154162014,0.26357470735510063,0.11723902094960291,0.07053708027868794,0.3888485052702361,1.0925734895359187,0.04497489754189664,0.23413270448124213,0.004920737376511371,0.21140026492638186,0.30063969956387704,0.4986983164879034,0.8940003857043087,0.6416899304225289,0.7359381496385736,0.27891729782410096,0.6159247578553494,0.6748529270641942,0.02978120376513694,0.8278041580699935,0.3304733706210396,0.08015496812828728,0.37497309057184103,0.7501825970834689,0.07541993504976238,0.5222500535582425,0.15003536402239576,0.07089701996144841,0.040996212505031125,0.1582694270588785,0.14049439986008566,0.17781877603200874,0.030195187684419377,0.10043395122544789,0.2975356822894772,0.03967776009249402,0.09498501178229643,0.10097559347977504,0.030791894092601274,0.2288850287780301,0.6390593524748088,0.13954859453172125,0.16427414616619077,0.5262329416232641,1.1879724118384256,0.12357624834749009,0.04455253554237265,0.7349845899577361,0.08312399849566257,0.5679360006246529,0.3418101815714375,0.07963219940662236,0.29678368620651696,0.2280245097562704,0.004764332445855184,0.2347743506368235,0.11469743593471628,0.045113222148319185,0.007491597720513509,0.7126971785861205,0.07077144026646755,0.3343100501020235,0.3363928601851805,0.12666705976255266,0.4722427624730582,0.021470608556056713,0.1589400721087927,0.15543753491176396,0.3368157604144302,0.09237052329431872,0.1801201086100358,0.08787175275176844,0.0919512942834041,0.3533668219027292,0.1758780370921546,0.43362657767861995,0.1571530191809796,0.12647498768133175,0.7498699902095958,0.17747779593205734,0.023205922142170654,0.807336894291542,0.15466847937867928,0.36024939847123705,0.09805800583218004,0.16863930106469846,0.2625034311600475,0.05893879820708236,0.07256789404479434,0.16026014385718662,0.07754591019917857,0.016551329065439123,0.1721953893207681,0.023849829022753094,0.10047540632560877,0.4484665029397455,0.52264570022111,0.14278252427007768,0.4143903914474616,0.3078099919233287,0.26754412748951745,0.38927168652125926,0.6047209879541725,0.3214298546796029,0.1333974087550215,0.06449534595499214,0.03546049815707262,0.4400018496523822,0.11594316074519918,0.08680065020814896,0.48680624123151195,0.4153419585007736,0.1370599430552755,0.2941344864177561
KO_37,0.20307419292562526,0.25078726448002303,0.36877258740642554,0.2253378203635726,0.0978470742748002,0.20728067440783832,0.058769869656111376,0.16461544820776883,0.20244851284958962,0.09316994808142016,0.09628446027192307,0.648988075388835,0.026865444189432416,0.29364966067999804,0.02404284134912318,0.17740098451935502,0.015248057245532645,0.18125002370288862,0.04954788211074804,0.06756544414297444,0.14937801119649682,0.20323816311649737,0.452096240522292,0.001271692359139407,0.20773726593472194,0.04107635194670552,0.033264652602982225,0.11647635165797116,0.6764681629781213,0.15891118192161377,0.04106145581952623,0.5483483597696203,0.12756002906371083,0.213637557493709,0.017889672649257435,0.22969023384422207,0.6264330053756322,0.2781803335138217,0.5689614979283428,0.3920487812248805,0.4896602912429053,0.014737871519758463,0.34183040203126946,0.07176197115035031,0.16745638486517958,0.7420874239243184,0.6946661494318688,0.2676122731165323,0.49255978601421585,0.5794539130414782,0.14099859751451824,0.09492676788189329,0.18217072464362574,0.7168574780446895,0.7081548153856458,0.1084125625743609,0.16015807734477513,0.02327168796635574,0.05154514542585427,0.18466256834668643,0.09707822525932773,0.08253470447868953,0.4072946259245888,0.18561349798333276,0.1942871395762122,0.6937197112799739,0.6959306797419861,0.01873078565773622,0.1629865824156012,0.21259643892587976,0.24722750510234845,0.2282124281651521,0.10031804121331078,0.3510907753808084,0.4370771182958567,0.771881453210742,0.05961280443577975,0.7703323089581754,0.5000289422208299,0.41234510250096884,0.37555629193042656,0.6630314004905346,0.145216041835807,0.13346552825784944,0.4610027258994728,0.2466464117645245,0.43087789812700766,0.2648855907372708,0.1171153066826831,0.07051024599543583,0.38867906102099503,1.0928483188766704,0.044976830328671474,0.23422474422589684,0.0049167492993019216,0.21137514006220776,0.3147289185261421,0.4989479694153442,0.8939942991376087,0.6417932007443286,0.7357803633608282,0.27617703314904735,0.6159928561084969,0.6748255876649061,0.029777305180643344,0.8278535712783422,0.3304791297136815,0.08018611493688123,0.3751234649666377,0.7501631556322063,0.07539629782815743,0.5223112013191226,0.14996965540075535,0.07089239393427267,0.04099330873450877,0.15834140998083493,0.14053591913270427,0.17782723467904404,0.030166692882422356,0.10047913243810058,0.297556761008186,0.039697819574728066,0.09496735490979526,0.10101302263386033,0.030765864104781344,0.2288749227410916,0.6388568521543849,0.14003060152756927,0.16417723750340746,0.5245748414247884,1.1879807750813092,0.12357556635950524,0.04457579964849373,0.7351757946825146,0.08372017614600605,0.5680850901996733,0.3417538432929358,0.07963248515924917,0.29683753865378903,0.22674495654134091,0.004765615299249207,0.2350111024444875,0.11454188983471804,0.045010917633456785,0.007560236109635884,0.7126487611207868,0.07074835405567773,0.33459741267782855,0.336331283105944,0.12660145260760378,0.47227172842628434,0.02150826189818778,0.1589483357525029,0.155433675177763,0.33671316123347006,0.09247578600909157,0.18018529692036714,0.087899002218218,0.0919478272520752,0.35330365782458006,0.1758251309868889,0.4332867191044453,0.15713101099928864,0.1264531093846185,0.7498307246311534,0.177469391731986,0.023207649139548973,1.0004110739510892,0.15465054649519658,0.36030819198232067,0.09808470191225031,0.1686454381682426,0.262596426917882,0.05890554751455577,0.07258535891748964,0.16025621461775488,0.07752239650322723,0.016555941799525454,0.17223179711529768,0.023845982579321464,0.09731708436662595,0.537356657469936,0.5228123458868634,0.14290647484209512,0.4145130025953003,0.3184901958302608,0.26741537953269257,0.3895572187374893,0.6047128283611098,0.3214288977510657,0.13339416658224668,0.06445802110476125,0.0355691153698746,0.44030524128581816,0.11596123070670795,0.08680186762697868,0.48683001661303094,0.41528117720193736,0.13704666732617438,0.2940081271636653
KO_38,0.20285917189665126,0.250938496178482,0.3685656781554901,0.2305578547384227,0.09792817394962115,0.20809308235354526,0.058917520213318406,0.1645463743690162,0.20239255242732962,0.09327915516724697,0.09646494260038327,0.648937987042166,0.026879206260094997,0.2936517550976066,0.024048218890282906,0.17764313435706428,0.015384698485398429,0.18126999018045578,0.0494940673505235,0.06858325739229931,0.14912853555364589,0.20319344298714637,0.45204978891084446,0.00127301091308077,0.19929209551901567,0.04108232070520125,0.03422776099145121,0.11654255776640766,0.6762613614420443,0.1588977230987962,0.04139240534737598,0.5522170575721501,0.1275973979335352,0.21364537359135513,0.017892935756575003,0.22958155370757286,0.6260549505563616,0.26789702982261754,0.5669674175652916,0.392032159453602,0.48964840902373097,0.014749575817612449,0.3418607072343611,0.04872114557006187,0.16748673144323922,0.7375999903363928,0.6946119100440834,0.26800861797374337,0.49271886726875613,0.579487010391493,0.14093869310290577,0.09490673482658583,0.18226397775818712,0.7165109974076619,0.7099025352875956,0.1083945658793393,0.16027501723799745,0.023279683016323702,0.0515985171026504,0.18455156017125762,0.09702074159630879,0.08258768725293039,0.4072072942452919,0.18571482711055315,0.19433878596441811,0.6938702878760715,0.695759536252029,0.018732424721020834,0.16301753499755137,0.2126029238572043,0.24712702313492718,0.22816076632553783,0.09992167922658883,0.35218436299899014,0.4391530941526896,0.6361866596296133,0.059613032412261506,0.770148796898283,0.4997217434032371,0.4129681726912058,0.3756371504315711,0.6630231524588962,0.14524095939162043,0.13344619318118095,0.46065475747670126,0.24664697833760413,0.4311525030227001,0.2635673182033831,0.11722670159754717,0.07054561783047227,0.38879527659479235,1.0926135912464485,0.044969674746035006,0.23413927216485922,0.004921139695385189,0.21141442209745467,0.30063635160609303,0.49867760273422723,0.8939278853426281,0.6417367719266065,0.7359702358720671,0.2789012890732057,0.6159392251950201,0.6748016239643155,0.029777706224709686,0.8278451355101752,0.3304470636682922,0.0801492932056722,0.37495867636368757,0.7501761713415603,0.07540417962443392,0.522236161482088,0.15003727926664567,0.07090310569243546,0.040991083641563036,0.15829662848838455,0.14049270193412844,0.17785535420868978,0.030193485755395093,0.10043905320138258,0.29758675786039374,0.03968691136167764,0.09497569278714904,0.10098272462474096,0.03079827721369818,0.22887874646466821,0.6390216129493633,0.13953026585258446,0.1642669129218192,0.5262720508103889,1.1879960571992305,0.12357197963548747,0.04455724822462155,0.7350081233883365,0.08312101227165913,0.5679498467792178,0.3417873947643277,0.07963391480472881,0.2967764626998399,0.2280007829762541,0.004765906994235364,0.23475640257179517,0.11469745808941353,0.04510412920323232,0.007488369930528485,0.7127187772301267,0.07078525334420041,0.3343345371303158,0.3364034426712596,0.12669197767803836,0.47225227647102996,0.021468796928831337,0.1589386616087788,0.15542729008512793,0.3368210571183975,0.09237237943717609,0.18011268851529502,0.08788402842665556,0.09195734295260405,0.353352873477933,0.17588893718740597,0.4336286176401912,0.15716414949215424,0.12650635480441694,0.7498628720101823,0.17748464718841314,0.023206065350117315,1.0002656384338695,0.15467356643046584,0.3602483985807263,0.0980511725680821,0.1686382955365284,0.26250177957200865,0.05893499411822182,0.0725676952871793,0.16024527053716459,0.07755269045965553,0.01654934799368123,0.17217402439360974,0.023845835019789954,0.10048620549386204,0.44844643593790023,0.522619985872536,0.1427417220643621,0.4143836903055129,0.30781101069322814,0.26754977134085905,0.3892498311626888,0.6047711633201952,0.3214432533387716,0.13341538380263007,0.06448473196704625,0.03546826906385142,0.44002712450540726,0.11597170059078186,0.0867935477482419,0.48683134151438384,0.41533817131957323,0.1370486400094709,0.2941571278222085
KO_39,0.12696871240306287,0.31959425816452386,0.3316299377155404,0.17717888801767295,0.11442705205387502,0.24254526959150172,0.08037295834026019,0.20334860769067103,0.20032779630851016,0.08804385416660022,0.11552849095508533,0.8303787258491041,0.024390325495025414,0.30060886889183763,0.022249921315979082,0.11460796028081603,0.01661698448798808,0.19524734142222008,0.04336265967233661,0.09581940549571005,0.14860863979034236,0.19375461924848958,0.44352951009520064,0.0037242976895565587,0.17964106106303587,0.03546302588204572,0.030423904246423532,0.13396950207823485,0.6027799113839044,0.16624852848571367,0.04347293798348028,0.23251916188420282,0.14474261739547473,0.199019343816726,0.03585047054880375,0.20433429230647926,0.6370492735835885,0.1942615860411554,0.530884814136958,0.37316777547034224,0.49207339588773347,0.016216139360816655,0.33422115537003894,0.06665847321321432,0.18292665469763192,0.7928299933729663,0.6641053320956342,0.29380396458402713,0.4940012796540705,0.5720596612999305,0.14120261781621285,0.08167397814670008,0.222741147065513,0.6202929626630043,0.46064441768872916,0.09198471069997831,0.19493872969216786,0.02207105290971504,0.0620401697879974,0.19949273857446903,0.10542505465280456,0.09071213518154006,0.37641147468473257,0.2053256751934478,0.4345251840178828,0.7700519747728245,0.6322664294444222,0.02057065043456706,0.13688327557424537,0.21575494280344412,0.2217079509889674,0.26006989325240537,0.1345452583941483,0.39987074164162334,0.28872609528481247,0.6261940677985542,0.05603881703065849,0.7059422456668736,0.4392088215854202,0.296952772715982,0.41115458516825004,0.6616051424368908,0.1600016293221705,0.14262666459321147,0.46165560386483195,0.25358661870602994,0.37991210931432357,0.27924458470586483,0.1447966413606573,0.08444527009722679,0.44006682296143396,1.0304700367054354,0.04308906894298249,0.526482187393259,0.005027681512737645,0.21987629141128054,0.29010775356869084,0.47836637506574176,0.8871524554666073,0.5948661079649111,0.7239019768466336,0.2597788455654514,0.6121604432004629,0.6721716793995588,0.02955283690922368,0.815785750477644,0.31260376459636735,0.07746503712138243,0.3216967365810571,0.4928088388346728,0.1140760683665967,0.5624558328621649,0.17625321046863793,0.07978303066382733,0.028420383514815486,0.14156454562107668,0.141867510261093,0.1752709229946719,0.03708925609615269,0.08296344154587783,0.30150301276511515,0.03454343686115162,0.10369674563616434,0.09367206104078518,0.040864150896410836,0.23949666732970265,0.7243784964659984,0.23094041130044338,0.19818784275594625,0.5261792553499623,1.2096388501296285,0.12518446621360338,0.020969443564582455,0.6998352402329159,0.17756449728172885,0.5183042963861785,0.35867031891455614,0.0809021583131953,0.30025306371203303,0.21834360065821368,0.005360973941706368,0.2090086944549714,0.16176472847497214,0.04460704210195926,0.01970161962118479,0.6924489572797158,0.07062674006111411,0.31083095643518904,0.3447005478979431,0.14604292883647707,0.4472126272816316,0.019424288198899672,0.16858945119863486,0.1519593853052241,0.3550779369463466,0.0927265513752934,0.1589961808961602,0.08769747750332993,0.09270587757170824,0.3537700504382965,0.18564625312606695,0.43217701009532394,0.14724892428634134,0.14149993423967153,0.7389363351203139,0.1678191910531094,0.025658607742543495,0.9899803685989826,0.16664441871470093,0.3541979825220219,0.08656379205821181,0.167059439322632,0.22902626030945883,0.07121649840697492,0.06281068648937353,0.16277693267141483,0.08163513347645988,0.017454802347237546,0.17178684210051606,0.026094103258051317,0.10375429404109944,0.4420750152293327,0.4739770543887389,0.14415697530747698,0.3973297316832085,0.32339834161114506,0.30999791539840077,0.39043375465784075,0.6144366397493765,0.356993898723502,0.11961137628384234,0.06909462397279924,0.03129039938979001,0.4330948649465126,0.11738604239776007,0.08762379086962127,0.4903655509273004,0.43868470867624376,0.13708744814182452,0.29375771015057706
KO_40,0.202863912372576,0.25094242366415753,0.3685873732466232,0.23053145400880107,0.09792935598881954,0.20806714880524138,0.05890766620171806,0.16456805157574467,0.20240855216820086,0.09326578177208872,0.09645663650163538,0.6489615748007007,0.026879266070379708,0.29366061085251827,0.02404213008292261,0.17763159707314227,0.015376188765156345,0.18128443037940442,0.049488015114393415,0.06857351066947795,0.14912287430810894,0.20318694510321295,0.4520464667749214,0.0012745182600850283,0.19927787860452242,0.0410766599421565,0.03423707241148659,0.1165337666128929,0.6763377596919476,0.15891182216247443,0.041387427824802356,0.5521701427846034,0.12759872934231675,0.21365848246078015,0.01788471673122829,0.2296221832036753,0.6260858226598537,0.2678817548152655,0.5670448620029795,0.3920468260494838,0.4896613715639933,0.014753192168523993,0.34184132564106945,0.04871044505843228,0.16750272166757038,0.7375999061270356,0.694618266887271,0.26802948310070734,0.4927179624038665,0.5794175638811684,0.14093061511382324,0.09488540446703043,0.18227463500110047,0.7165426760391057,0.7099123124953753,0.1083826611859741,0.1602802103043083,0.0232815331969654,0.051583079819265104,0.18456046596381365,0.09701569425152519,0.08255891574183927,0.4072152144035807,0.1857026160443288,0.19433529219748558,0.6938937791669991,0.6957469479932303,0.018734223074832534,0.16301694747317585,0.21262827089061512,0.24715151243223052,0.22814690710634156,0.09994129667841715,0.3521784490997551,0.43909051265208926,0.636191029939468,0.059606276961157084,0.7701647524174965,0.4996961134873566,0.4129365504449955,0.37561182398728205,0.6629905403656917,0.14521834912055073,0.13344073439140067,0.4606493975551462,0.24663710926683885,0.43117178278006735,0.26357210457340974,0.1172143817620505,0.07054065602735331,0.3887957400143248,1.0925192233484982,0.04497941466045777,0.2340967320052989,0.004921096145951407,0.21137946252191966,0.3006382341150731,0.49872593015836525,0.8939436364595434,0.64169457964167,0.7359728210278474,0.278931860714073,0.6159193305850655,0.6748353198846817,0.029779371028872435,0.8278426518171909,0.33043938627037567,0.08015209525558219,0.37494441939091727,0.7502008106140351,0.07542520813642072,0.5222347497383197,0.1500406014076084,0.07088993403231345,0.04100259141036941,0.15828321348246197,0.14049784111563188,0.17783445112005145,0.030182831556997906,0.10043060500141233,0.2975514914097498,0.039683862567360166,0.09497731283997682,0.10097900969708012,0.03079944422227798,0.2288961744850353,0.6390290880956642,0.13955184442214852,0.1642657753046479,0.5262419241924725,1.188009524067972,0.12357482550489732,0.04455742622463044,0.735050425445061,0.0831248386996738,0.5679486414012956,0.3418204979236373,0.07963157707662546,0.29678460134982154,0.22801737669488567,0.004764946379458456,0.23476382872750887,0.11469354022783111,0.04510173518353205,0.0074911519304047694,0.7127451783338369,0.0707755924317258,0.33432424724594273,0.33639154245896136,0.1266823663801319,0.4722683609346602,0.021462395534625724,0.15895177704136285,0.15544915549766372,0.33682501629791883,0.0923780820267659,0.1801276793691558,0.08786826586175972,0.09196188828977088,0.3533470508926688,0.1758521322310018,0.43362687271745975,0.1571188798799648,0.12650435781319935,0.749897602475237,0.17746893934589436,0.023203350383409954,1.0002692351056472,0.15467897563272054,0.36025729156685665,0.09803932788859522,0.16864713179651133,0.2624947078081493,0.0589365313368996,0.07258823734137004,0.1602661523620962,0.0775475233809376,0.016553827032456035,0.17219766084164934,0.02384611945345699,0.10048984483316094,0.4484510222997471,0.5227237743639912,0.14274958938947557,0.4144150675279156,0.3077777078905659,0.26752302563934216,0.3892556908563368,0.6047737672967519,0.321463545983502,0.13338964679147206,0.06448080564069283,0.03547226839681201,0.44001722773907953,0.11596613257435877,0.08679644912981017,0.4868373870121944,0.41537988854514485,0.1370617223684453,0.2941672557079691
KO_41,0.20282175397644628,0.2509984757025006,0.36854573607855134,0.2305220195497491,0.09792147160582428,0.2081070088506359,0.05892272868706226,0.1645487503461321,0.2023922140761647,0.0932683291774393,0.09646078731993686,0.6489435016026189,0.026877274088639,0.29363486568909675,0.024039980900618,0.177605093258763,0.015378578767870753,0.18128900191847946,0.049485491006916515,0.06859091458942013,0.14912418110292436,0.20321223738999694,0.4520545753440139,0.001272156630397714,0.1992889492752707,0.04107454110754693,0.034229302577773374,0.11656359193745734,0.6762420067318696,0.1589109800166835,0.04139039054379813,0.5521865217216291,0.12761283280561128,0.21361809994703287,0.01788135051617164,0.22959192364352893,0.6260498973055366,0.26785673019217077,0.5670260453407913,0.3920328401569606,0.48964326753204673,0.014752189259184806,0.34183333293455165,0.0487343128546938,0.1674929770922427,0.7376456068301281,0.6945612339313421,0.2680346930578584,0.4926869264528261,0.5794818072941749,0.14088892149446286,0.09488649118389403,0.18228743192675018,0.7164956165920167,0.7099258103707351,0.10836577506382207,0.1602781600367145,0.023279064603854923,0.05159772228125478,0.18452649188850243,0.09701281411591331,0.08257733730693226,0.4071824784907181,0.18571753316553574,0.19433315588133965,0.6939249225481523,0.6957417867006345,0.01873255024845479,0.16299759105674527,0.2126249895273772,0.24712603854892845,0.22815385446720135,0.0999289798479327,0.3522408937759162,0.4391192403970929,0.6362409547055575,0.05959927016484282,0.7701173036746183,0.49965336958051354,0.41290851302074477,0.37565459874766766,0.6630112585246749,0.14523357700122344,0.13342040942750039,0.4606591431477126,0.24664310853168298,0.4311356425531567,0.26357765112422255,0.11723434388273703,0.0705448748328314,0.38883490381468544,1.0926011407273806,0.04497180612176831,0.23413867054305396,0.004920435013259628,0.21138558331123303,0.30062403432750695,0.4986630855410017,0.8939254365635663,0.6416678170999369,0.7360077415883164,0.27889599492421585,0.6158855735556873,0.6748263294182851,0.029780190387280144,0.8278776693210813,0.330480648115495,0.08014565569932897,0.3749285152420582,0.750148093226093,0.07541458242446737,0.5222527731703467,0.1500471524911061,0.07090368689953645,0.040999821654037,0.15825841397102675,0.14049441759021766,0.17783720650088405,0.030195788240998164,0.10041692179064733,0.2975683354912854,0.03968622189349754,0.09498768228165458,0.10096301153048182,0.030805234949529265,0.2289023861305048,0.6390722285454024,0.13953809973382864,0.16427931175882443,0.5262587136743523,1.1880519610339613,0.12357545977621684,0.0445493839127187,0.7350193771231328,0.08312016959625282,0.5679138923200503,0.34180168666203886,0.0796327558243109,0.29678997781495686,0.22799315648696036,0.004767021690262382,0.23474100744711976,0.11468594089890227,0.04511227519848899,0.007490929654647167,0.712736434249417,0.07078428711261789,0.3343135414033455,0.33639403859365774,0.1266788307251514,0.4722571614616274,0.021469251343152033,0.15894203252115538,0.15544711194975974,0.3368267596809095,0.09238102405261299,0.18010635272280084,0.0878689179388913,0.09197308173534748,0.3533357625847979,0.17589912283675402,0.4336034552391322,0.1571513705513712,0.12649892275219896,0.7498536214684195,0.17749380341742899,0.02320870886986038,1.0002935766692747,0.15467695818657765,0.36024604177618935,0.09803328564248551,0.16864735598209377,0.2624735343350727,0.0589371907961485,0.07255686466522997,0.16024732673099926,0.0775490104308483,0.01655474120247622,0.17219635180465473,0.023841545035871433,0.10048374916249325,0.4484736486651971,0.5226482314030886,0.14276468856068814,0.4143947371544691,0.30780415852404713,0.2675454693654746,0.38923869587327353,0.6047507001142728,0.3214695739700575,0.13341481423553664,0.0644881272230033,0.03545659350742442,0.4400126585347351,0.11596506881059976,0.08679462193233398,0.4868089403586547,0.41533071166137975,0.137049482396103,0.2941566202678978
KO_42,0.18898583695038762,0.2898430301608631,0.35202195943552594,0.10093168030929595,0.11336724925489153,0.24345163278531115,0.07299214936027854,0.24583140495352448,0.20981784822883662,0.09650501371364001,0.10739434871556322,0.6414162343199868,0.02265245736220313,0.2932707151219661,0.024076356173234125,0.15884729315282747,0.018266885010714724,0.18070613258467536,0.04138138142375198,0.0599029042518955,0.14736678972873074,0.2057107112719005,0.4402862232523067,0.0013320893155212771,0.19307639244157374,0.03195672585850306,0.03322699849187647,0.11661168218759219,0.6534187012675893,0.1603513047179408,0.036374905061563115,0.4640452102238905,0.12943886853731235,0.22724314403904614,0.0157971422489979,0.21992593796337265,0.5210706387614351,0.22158497958455486,0.592467599629329,0.3914380871027448,0.4920603700912147,0.021416008993287404,0.34832218701921536,0.054863723986728244,0.16659524946269283,0.7716715483173859,0.47525810442787825,0.26980817479369584,0.500043359294473,0.38972318128713784,0.14687036376728363,0.09234965902052349,0.25048681366279063,0.6781039103609656,0.6446290982564683,0.09372099302360613,0.179701954232968,0.023639790383165472,0.05079745383731345,0.17631850034960966,0.0943600363840094,0.08066695289955418,0.389539418909069,0.19631861885875712,0.1972272072434334,0.7388272558273935,0.6907501193338418,0.020348890396491327,0.15694076653820327,0.21554816148882722,0.23954150941425242,0.21665768791543183,0.10658367039210467,0.3791216142073092,0.3872132296640329,0.6569679652434478,0.05735055743826576,0.7222922573852827,0.4745673528636479,0.38476783934809605,0.38195686930804,0.6658136658208751,0.15082275933645342,0.12256542900872373,0.48060261409333865,0.2456271917270655,0.38780514360930834,0.2730365522018822,0.12438578857235112,0.07345096395084218,0.39796892503539366,1.0830131386705617,0.04326688876871926,0.06974133361440399,0.004288348456923609,0.21734064640886425,0.30040954730662967,0.5443857401373661,0.9131621451177058,0.6296852412650359,0.7413635077512428,0.27623067454124767,0.6290840313088967,0.6822970636435247,0.03130690863774752,0.8275406118613722,0.16103225299379614,0.07968891677717532,0.3648650974513464,0.7448290340239033,0.0777196528483708,0.5706035858414328,0.1518600983833609,0.0699042597967027,0.040813305958281976,0.14823343785351548,0.1396067766118801,0.1780211843914411,0.03197250850242849,0.09296850147124577,0.18329705941560318,0.03869224070983335,0.09653288537301066,0.09678317694213558,0.03287847706310385,0.2276276890122932,0.671692270393508,0.18428974166803527,0.17551366967964221,0.5410842567236229,1.207533521535755,0.12339341952688525,0.04352440774784759,0.7237395179501868,0.10169547242685252,0.5588763904940337,0.34027075069283924,0.08131787462945375,0.2936917876878214,0.2298771608142215,0.005002988507834284,0.2230064616029262,0.1347570494361625,0.04501561509021446,0.009644784584878427,0.6955793140642691,0.06930672506904996,0.31838848487547705,0.3418247944451301,0.13411233472901338,0.40909861711291223,0.01942581073347487,0.17057164419498438,0.15558242580139436,0.3449073944666077,0.09247114388416515,0.17608771450454838,0.0878994428381545,0.09295207546788971,0.35434546022358065,0.17931200873890546,0.4332590934005199,0.15942120028073894,0.129132271936019,0.7406514064942029,0.15775461985778572,0.03872935743280653,0.9755700905252653,0.15679619251957563,0.353893323452389,0.09586112846995751,0.16648099387501844,0.25580964347941626,0.06101567835715289,0.07068866814509063,0.22014970959093216,0.0793572650180605,0.016479853987049427,0.17124925985827913,0.024246910466364915,0.10219866395669917,0.46179518595435576,0.5137129350029158,0.13870402685031233,0.4067151198966875,0.31536610999538633,0.2750222509354146,0.38957654167249484,0.6138613140214065,0.3560411420392203,0.10595948729828926,0.06651504570130552,0.03118749000306675,0.42985813180335564,0.11831039481859765,0.08668906566973023,0.48934139914872443,0.41954661158587114,0.13695616679085648,0.28624183464598
KO_43,0.2023711377504902,0.2512967449715722,0.36821599949666706,0.24181973317819838,0.09807724527437135,0.20974397431179953,0.059201324653392895,0.16439693872632033,0.20227117729190694,0.09344932180000076,0.09681364548279064,0.6489485218663141,0.026895737251602974,0.29367243752136374,0.02402305804385588,0.17816467344600492,0.015673338885649018,0.18133478033719214,0.049371948351213314,0.07080595032260877,0.14864365686149664,0.20311914175241663,0.45201519933150747,0.0012749785122775914,0.18234973170508748,0.041082528970650456,0.036254195997140595,0.11668374511597217,0.6759067836262538,0.15892134699211452,0.04209803541073253,0.5605009812217501,0.1276884393038257,0.21367370120105,0.017878009705157773,0.2294414713741117,0.6252762454913188,0.24703989450360636,0.5627906062607324,0.3920303955708682,0.4896926681558737,0.01476237707629288,0.3418968401967027,0.05029531105709915,0.16760109875243168,0.7285685732297004,0.694513407842792,0.26894740073775686,0.4930467064688449,0.5794347177187674,0.1407627038609718,0.0947963460280224,0.1824171658257022,0.7158153310833241,0.7137382000853282,0.10832794801076792,0.16051322557203435,0.023277449891521876,0.05167749842236936,0.18432598864104188,0.09689937593428218,0.08263245706017863,0.4070452845347438,0.18592568443538068,0.1944283758774868,0.6942894287748826,0.695460952984276,0.018733703302649576,0.16304372738111786,0.21263870167710322,0.24695804493835066,0.2280110402252664,0.09909718337881251,0.3544776427073258,0.4435608559735713,0.6476165830260152,0.059565786528284315,0.7698575473347659,0.4991044460855337,0.4143194956799072,0.3758789686652882,0.6629591814494127,0.14529925989272505,0.13337795486331094,0.4598936747884921,0.24667604929551878,0.43180943121953125,0.2609781402058497,0.1174112800796951,0.07062341560923739,0.3891428666913569,1.0921160216718133,0.04497269302563728,0.23393522527443034,0.0049273388444293475,0.21144646178565246,0.2720743772815911,0.4982471984840651,0.8938465056707762,0.641496609987624,0.7364053119484979,0.2844573042617069,0.6158635245969027,0.6747856988600449,0.02976207072297881,0.8279381025311326,0.33053997364306154,0.08003552061598967,0.3745822630560896,0.7501998304870588,0.07547391523562956,0.5219907171623038,0.1501806556076278,0.07092658014620294,0.04098837479199088,0.15814128171360747,0.1404391658715502,0.17784531255925548,0.030239578622714765,0.10032386705026318,0.2975761335907833,0.03964670180294251,0.0950421424373192,0.10092655470133059,0.030866088528871568,0.22892625152572252,0.6395360757029164,0.13843387705749285,0.1644902721724919,0.5300763622425323,1.1882039135249036,0.1235803913026215,0.044516261615205596,0.7347895003028506,0.08183096317980122,0.5676747388300523,0.3419171613778871,0.07966175845491186,0.2967464398669202,0.23056031323657056,0.004772724028987476,0.23424412623190613,0.11495311559460554,0.045304673345410634,0.007339941008373465,0.7129935320887635,0.07086029388534203,0.3337500593680768,0.3364925637349109,0.12678860233611997,0.4722957880484955,0.02138843248053312,0.15886236915731175,0.15541053619758313,0.337051342176866,0.09218095779014887,0.17997128472673038,0.08786663113315445,0.09197441373462092,0.35345488005766795,0.17596372719461761,0.43438159941969146,0.15715517899388734,0.12659172156956938,0.7500085110601156,0.17751975017536953,0.023216818998568523,1.0000473987085778,0.15475785434020367,0.36016745775490067,0.09797449171795324,0.16862403611264723,0.2622848999069136,0.05901496202594829,0.0725002847537331,0.16024779591235447,0.0775805843127438,0.01654315239168668,0.17207498242781544,0.02386014887157791,0.10746995739523849,0.45572777284126875,0.5223412797574253,0.14246469875470952,0.4142419066345082,0.2859068750837108,0.2678032922113233,0.3886419223016497,0.6048338182448351,0.3215401420128804,0.1334589946523729,0.06452749142348835,0.03524028232315523,0.43938242693058915,0.11596271215697868,0.08678721171749022,0.48687149017653847,0.4155069608847744,0.13705470544854836,0.2944610740844153
KO_44,0.20287720986885424,0.25093198085260393,0.36860183514054884,0.23053827943593347,0.09791988474901005,0.2080472879703315,0.0589116691234743,0.16457280143093453,0.20239647626951868,0.09325286303018591,0.0964609175105355,0.648966877702843,0.026873021559188033,0.2936658094512338,0.02404284032628284,0.17764095183707848,0.015378424087989907,0.18129512015685892,0.04948241047679824,0.06857031034012989,0.14913569880668043,0.20320765238665828,0.45208872536199696,0.0012742178808281617,0.19931296066808574,0.0410750192547852,0.034231581842567076,0.11655127078507005,0.6762793471576625,0.15893102042900206,0.04138151260112856,0.5521449201488043,0.12759072572185118,0.213660378011312,0.01788629347735615,0.2296236676997356,0.626074308702477,0.2679266485717846,0.5669512836899341,0.3920172011863454,0.48965146509156693,0.014751064627620368,0.34186551591377373,0.04872673103586611,0.1675001420110405,0.737527071277479,0.6946836276942948,0.26801902076825673,0.49273326159363073,0.5794795049344797,0.14093708736765997,0.09490616759708388,0.18226493856087975,0.7165441183890393,0.7099026711174208,0.10837745405848125,0.16028734581972418,0.023275023481320125,0.05158647330958297,0.18454234226926958,0.09702628788949137,0.08257599150382883,0.40722326972889383,0.1856997501340769,0.19434047735272195,0.6938943531132632,0.6957423186917028,0.01873236742167477,0.16300894756825882,0.21261744827380855,0.247160142551019,0.22812622395107326,0.09991931448390688,0.352125030446671,0.43908669402641665,0.6361708085391862,0.05960188946935658,0.7701590076493515,0.4997293248981127,0.4129412943681167,0.3756298939231539,0.6630274475103213,0.14523056619673055,0.13344848031915293,0.4606494151956055,0.24663811474354014,0.43120279908902853,0.2636058337950489,0.11721227917703617,0.07053161514956571,0.38879862061666026,1.0926311270245135,0.04498003320418599,0.2341566470061746,0.004917176865575045,0.21140909552212186,0.3006442227477671,0.49876662874020133,0.8939313030227006,0.6417583172970893,0.7359926322967376,0.27890682780069287,0.6159109494649937,0.6748138571051912,0.029776178586833336,0.8278169570108285,0.33050519056285266,0.0801529345088289,0.37496615328877453,0.7501746228395716,0.07543044729023339,0.5221981730766632,0.1500320899627275,0.07088867363852465,0.04099344305158643,0.15828633742833914,0.14050450739739376,0.17784749601804292,0.03017952006110711,0.10043318619867116,0.29756916784611664,0.03968961991372446,0.09499683301198655,0.10098593714409065,0.030799831367308534,0.22889150790256851,0.639049519020514,0.1395542533054183,0.16426125229074603,0.52624661317249,1.187963758741403,0.12356959928450628,0.04456393931719373,0.73500693285394,0.08312704633768003,0.5679508014878326,0.3417972366798071,0.07964247084205212,0.29679533531649677,0.22798361203024842,0.004765784376337626,0.23476682372180147,0.11466557428672068,0.04510662022864705,0.00749042131722217,0.7128156904523875,0.07077651157627321,0.33435570385913915,0.33640002410074205,0.1266888418786713,0.47228169818709287,0.021474374096328876,0.1589180211913803,0.15544464122883084,0.3368316698517904,0.09237540003623104,0.18011923143384578,0.08787515273608604,0.09197836567842044,0.35336293380392747,0.1758814345241712,0.4336085692996308,0.15717346164201682,0.12649871786868533,0.7499865534827553,0.17750118015233887,0.023209629813535512,1.000291259904818,0.15469793372741647,0.36024315911759464,0.09803139373080201,0.16864797067854856,0.26252602975633843,0.05893484456375635,0.07257243707331772,0.16025639107648115,0.07754079966973502,0.016549410968370454,0.17219093200373137,0.02384762611112233,0.10046458250497099,0.4484231914590311,0.5227214780390737,0.1427535433998659,0.41440611899772756,0.3077933051698771,0.2674995508150543,0.3892533759343597,0.6046737242270116,0.3214721434047535,0.13340197323805472,0.06449119567061537,0.03547222706269046,0.44002898614555236,0.11596613924847182,0.08680486898718225,0.4868186188184605,0.4152999292899894,0.1370702331808867,0.29414900435939606
KO_45,0.2028887289457537,0.2509199984877387,0.36862345588184053,0.23054126084044982,0.09791829045731427,0.20805713962699557,0.05889821390419044,0.16456197122643415,0.2024078676107884,0.09324748970051093,0.0964413026548343,0.6489960682541143,0.026877752424113194,0.2936867804187951,0.024045375856233443,0.17765715359180811,0.015380494959679768,0.18130399945998144,0.049482800971701345,0.0685626690500818,0.1491316384895377,0.20319324590478163,0.45208263035349033,0.00127239677271359,0.19930288162196808,0.04108108790335305,0.03421977866449707,0.11652790937968377,0.6763286024273815,0.15890990624079457,0.04138517742258033,0.5521883938692665,0.12759777449276416,0.21367944494574734,0.017883628089899118,0.22962914396392003,0.6260604245180014,0.2679258672224549,0.5670319621530729,0.39204532861866814,0.48968417899479344,0.014754148229735394,0.34185906660301985,0.04872535431591668,0.16750514792210824,0.7375924210300832,0.69463595811095,0.26800728822710757,0.492693951159387,0.5794829614079732,0.14092751600370612,0.0949013788486152,0.1822506163756172,0.7165598862109632,0.7099117294891518,0.10838664220913334,0.16025892973354502,0.023270743326041385,0.05158527251762299,0.18457589265540256,0.09702415675289165,0.08256714336929287,0.40722899614659236,0.18569262245291152,0.19433459344235962,0.693847826834688,0.6957862415152803,0.018725756167712864,0.1630203958646069,0.21261250136111615,0.24714962116058067,0.22813868391373077,0.09992575302249501,0.35215317581176275,0.4391225416490011,0.6362262014403477,0.05959647874282325,0.7701849448357246,0.49974818539564386,0.41295933445887917,0.3756149203972368,0.6630307570798353,0.14523077603158255,0.13345726755985868,0.4606076263482114,0.2466532709032807,0.43117136292285424,0.13700511556451775,0.11721715829620723,0.0705416625926417,0.38879986307702746,1.0925813568874374,0.0449755647920149,0.23412669241248948,0.0049202142585964385,0.2113824937387486,0.30064601268929814,0.4987514485100497,0.8939307149680499,0.6417785501816359,0.735998633421854,0.2789109248984079,0.6159242627296224,0.6748071517945321,0.0297763916060326,0.8278404628312722,0.33051222178727935,0.08015083547042716,0.3749830439720293,0.7501884366188308,0.07542726454690743,0.5222217010975778,0.15003058034492917,0.07090093437394447,0.04100007347977119,0.15827426317689414,0.14051307452918943,0.17783476678215981,0.03019395181845576,0.10044719908370002,0.2975319884591884,0.039689225280457464,0.09498509738709009,0.10097816377580421,0.03079550270037303,0.22892002542163623,0.63900966277363,0.13953926815490736,0.16424997906637726,0.5262494110936637,1.187977627601793,0.12357127742558258,0.04456198393599619,0.7350592059866852,0.08310407249208726,0.5679454780961796,0.3417958021313825,0.0796307011150666,0.2968078925028924,0.22802195436742564,0.004766900208610494,0.23477469107330862,0.11465914380649105,0.04510603005982693,0.007491196214348222,0.7127620366414478,0.07077171053889678,0.3343367513685098,0.3364036632135662,0.12666087276387583,0.47225956811067554,0.021470897200897624,0.15894763396329206,0.15545459294662353,0.33681178939608275,0.09238777791785958,0.18013377343618156,0.08787706976408727,0.0919602180408784,0.3533540697233518,0.17587585112055742,0.4336086461239432,0.15715938061879425,0.1264917194581786,0.7499281019441857,0.17749962296165672,0.023210484865894044,1.0002849653041486,0.15466758752816653,0.36028780925308057,0.09805311397092539,0.16865323768165885,0.2625117957224895,0.05893668932098947,0.07257071096625652,0.16024567484835003,0.07754070879714324,0.016550503802364457,0.1722031698397292,0.0238511487701546,0.10047690640853815,0.4484794716730232,0.5226893408416915,0.14275376726957215,0.41439335072013445,0.3077929477777681,0.2675327231385417,0.3892609021751087,0.6047299486243745,0.3214751950787724,0.13340841256257838,0.06449374545337878,0.03546625804041556,0.4400064277298911,0.11594899784393711,0.08680007510065942,0.4868150469964396,0.4153185954016885,0.13706200037238378,0.29417901565161664
KO_46,0.20284724859133962,0.25095720367582175,0.36859296691379273,0.2305296532034051,0.09793809206129954,0.20808514616958515,0.058915894240719587,0.16456642463158871,0.20239566074121695,0.09325633489560128,0.0964414742753261,0.6489657196039604,0.026879230565004422,0.29367838037512656,0.02404408985348154,0.1776463604550337,0.015375567893136937,0.1812942877902133,0.04948940352990179,0.06857072519350384,0.14913912520226089,0.20321205505610934,0.45208007203970263,0.0012729474317621098,0.19929387419647002,0.041083255198454474,0.03423229954928065,0.11654999305791598,0.6762800312205928,0.15894095846073714,0.041377072544666174,0.5522133671183032,0.12758521560542105,0.21361364844804592,0.017884486379215102,0.22964168125390452,0.6260676166864604,0.26789679930342697,0.5670036741799914,0.3920474736293622,0.4896503214963871,0.014754979362694322,0.3418449115585253,0.04873452124709379,0.16752658774297088,0.7376410445715306,0.6945848891446751,0.2680155970654763,0.4927407320250858,0.5794628138366628,0.1409106180507966,0.09489406716761734,0.18227763829571875,0.7165387677772014,0.7099172467694111,0.10837178137710046,0.1602516669762331,0.02327242620724509,0.051593399622208054,0.18455739458248982,0.09702868948066386,0.08256647083361088,0.4071956928450501,0.1856985636595603,0.1943445935660824,0.6939119404468284,0.695797331296255,0.018725466198376978,0.16300531378020022,0.21260792412171298,0.24715416911009927,0.22814423927331776,0.09991417153226012,0.3521745254417258,0.4391404035664792,0.6362502070840349,0.05959027827599721,0.7701734915336641,0.49975369705466893,0.4129527957411788,0.37564466981681,0.6630241066532104,0.14523412498414318,0.13344447806445633,0.46070983464780163,0.24668015793190057,0.43120299084148234,0.2635877326944026,0.11722867959785815,0.07054282734752829,0.38882802153977736,1.092555833601278,0.04497665836859994,0.23413373170243018,0.004919686054498799,0.21140617307514767,0.3006302217861326,0.498754261989569,0.8939455933350731,0.6417056574543458,0.7360024720918162,0.2789139426127925,0.6159363992031724,0.6748160914664786,0.02977588337495679,0.8278509895719052,0.3304434985772473,0.0801490124115961,0.3749680318489731,0.7501945777848247,0.07542714232555017,0.522230043428989,0.15005100696543164,0.07089711810966481,0.04099992403248727,0.15827056257631547,0.14050969251584441,0.17782191171772166,0.030183867381543748,0.10043422015851641,0.29755701276695884,0.03968301367227969,0.09498252542240643,0.10096580806527632,0.030803206721312208,0.2288972514818831,0.63901107797598,0.1395332713316357,0.16426934002123111,0.526278848015521,1.1880025711821809,0.1235739753383886,0.044554046887745835,0.7350405886577813,0.08310578864400708,0.5679486959374056,0.34181918151377505,0.07964614089060117,0.29680086476700135,0.2279962406975803,0.004764813300235044,0.2347657793949931,0.1146827630322838,0.045115700627013346,0.00749122820227365,0.7128123303319993,0.0707832971820556,0.3343301847686519,0.33638943233026014,0.12664872274504618,0.4722395822404157,0.02147330510531339,0.15894077207650284,0.15542938884867996,0.33681193205276755,0.09238359981252524,0.18010072135589417,0.0878695395499063,0.09195227486224401,0.35335911816144594,0.175865850252533,0.4335946734467195,0.1571468662177136,0.12648894359925267,0.7499359015786965,0.17749690989326009,0.023214731913630528,1.0003349991499901,0.15466074300207475,0.36027542150098457,0.09805160991127239,0.168642902392435,0.26250332865550907,0.05894016032935655,0.07256813762485534,0.1602473457265921,0.07754230415291434,0.016543947715273486,0.17221145635410404,0.02385089347754769,0.10047260231159164,0.44847513121688537,0.5226699552243345,0.14275162047949716,0.41441733576618156,0.3078105966075452,0.2675429151188819,0.3892536379348048,0.604725429186446,0.3214815776689998,0.13340587314686017,0.06449217722769883,0.03546068901601227,0.4400047217741514,0.11595629829700393,0.08679446848051318,0.48683982769715595,0.41531594050637854,0.13706220849989234,0.2941402521343685
KO_47,0.20289141643892514,0.25091668154102936,0.368612609891942,0.2305531567717222,0.09792432752642513,0.20804002055835483,0.058893765980825685,0.1645666413567678,0.2024065083283339,0.0932666772873985,0.09644886643721233,0.6489260634696252,0.026874133050286388,0.2936589411284825,0.02404650888027697,0.17765614030605917,0.015378294552610113,0.18129695515167296,0.04948232511570788,0.06856298988761458,0.14913943165246207,0.2032208696383811,0.45207899998154993,0.0012730075161398867,0.19931962938777664,0.041070128150992716,0.0342392495467882,0.11653501847154782,0.6763429416739614,0.15892026613524785,0.04138431358816555,0.5522163445325438,0.12759415927717904,0.2136545129025159,0.017879991604769215,0.22964211580928667,0.6260127964165377,0.26790806898989916,0.5670528407346881,0.39206074059758395,0.48965786391962896,0.014748284407275023,0.3418358945904739,0.04871398699033796,0.16749596234643963,0.7375955114225552,0.6946585983783992,0.26802172877852803,0.492694166430509,0.5794516671083859,0.14093028166446808,0.09490591494179859,0.1822571515324431,0.7165741971906653,0.7099471227393591,0.10837645264589163,0.16026975727009452,0.023275031780877378,0.051591665390486305,0.1845621390499757,0.09703869254341893,0.08257260873815336,0.40723425281774994,0.18568174928627001,0.1943256205665165,0.6938670935433832,0.6957494996502661,0.01872593502305973,0.16301114966256225,0.2126377557215949,0.24715821870441837,0.22813195660418498,0.09991832785649378,0.35212465585087266,0.43912836856450777,0.4917812334139963,0.059600892720255434,0.770151983291009,0.49972326243701776,0.4129871492712041,0.37561975693263233,0.6629893679570744,0.1452409193500933,0.13344348289761107,0.4606429932029945,0.24664916618542138,0.4311869922100747,0.2635750948884455,0.11719841306205186,0.07054260818685706,0.3888197632818422,1.0926266384504926,0.044975452158622545,0.23409798050238548,0.004920490596990931,0.21136913444563374,0.30061960328119147,0.4987508472539042,0.8939854230005789,0.6417057717800442,0.735972617184275,0.27890436340393704,0.6159248544273996,0.674841524738661,0.029773274442697922,0.8278310040083025,0.33046597537329125,0.08014757634938058,0.37498155997288857,0.7502541887173132,0.07540162360522595,0.5222140354583045,0.15001861188672297,0.07090136411038823,0.0409989275738396,0.15827289892663562,0.14050566541939788,0.17783984754061596,0.030186774561547523,0.10044413119297552,0.2975173655810223,0.03969083701377103,0.09497929228130976,0.10098488596484578,0.030788868959468255,0.22887324645868526,0.6390122737923383,0.13954282093877574,0.16425450910092657,0.5262719751085196,1.187896819315395,0.12358090068701816,0.04456638920566457,0.7350720942657087,0.08309719923264076,0.5679681047826942,0.34183589314592355,0.07963213049662093,0.2967766320880181,0.22800983246619735,0.004765254910027793,0.2347554483095885,0.11466014831967304,0.045116656978480836,0.007490554453926964,0.7127631014905197,0.07077117479987602,0.3343464624248135,0.33636732072457703,0.12666869548622833,0.4722533516907365,0.02147063726088789,0.15892317174224382,0.15543393877778333,0.33683888600870504,0.09238926974520885,0.18011549978288593,0.08786922386303847,0.0919613319812315,0.3533467928889017,0.1758767605043593,0.43361956760648285,0.15715678227555402,0.12648032753909716,0.7499227999862416,0.1774806920923423,0.023204065616550907,1.0002743742338416,0.1546685423469703,0.3602850040542047,0.09804551372611779,0.16864877603757134,0.26251002597346096,0.05893287563107833,0.07257774097662811,0.16023458779949806,0.07753861260844118,0.016545548598817572,0.17216789919618744,0.023847949385845137,0.10046298837585498,0.3602103764131021,0.5226934945239227,0.14275879926505836,0.41438929068042213,0.30778723455339424,0.2675314525584245,0.3892265141428264,0.6047270124470223,0.32143693460697426,0.1334010104426216,0.06448033432351391,0.03547512381949199,0.4400437804543489,0.115961309847559,0.0867968790186361,0.48677825577528383,0.41535116097031566,0.13705223898428134,0.2941300965005775
KO_48,0.20272351244334144,0.25083619993780903,0.36948241336896015,0.2283113759219717,0.09713178948230945,0.20799672806816755,0.06106519046391268,0.16530771605315223,0.20232628326746482,0.09270716344005016,0.09591004293971919,0.6505384032633852,0.026713581192051784,0.2952279431843996,0.02460218742921272,0.1777185811066283,0.015328052306150256,0.18143698493332888,0.049371778124848394,0.06807830719684291,0.1492510080954595,0.2033216960255307,0.4525165426294402,0.0012762287649450918,0.1984713980247001,0.020841802659564503,0.03433524254540988,0.11237226189221655,0.6770959764896743,0.15936945482104994,0.041295096501994435,0.5500258252901615,0.12773085625019018,0.21414424655175626,0.01787341495022809,0.23505905824436366,0.6250428049925716,0.2686280268612926,0.5682444497555365,0.39183239774769363,0.4883202487213105,0.014820099051306915,0.3393825473757854,0.048694737508038856,0.16253967337468872,0.7380264784563706,0.6921001171664259,0.267224325330242,0.4929706284706363,0.5779625767768108,0.14187367432338427,0.09486971980305088,0.18264230702080875,0.7172651807862105,0.7085527730462184,0.10824331224220901,0.16010147485086232,0.023213955743450206,0.051566882553098485,0.18490808555346966,0.09742806563169652,0.082623142415613,0.4072718690860289,0.18641729604420948,0.19445131393906392,0.6927487949509883,0.6953204699882731,0.018775156372197486,0.1625866046425874,0.21247917056942073,0.24737456298068544,0.2278060456244447,0.10050074009051238,0.35152589456568345,0.4382036666614766,0.6349635347000395,0.05904774427762725,0.7706474210802549,0.4983842144088147,0.41254169231239624,0.37575523940488154,0.6637505184550831,0.14589596576497493,0.13364403724874913,0.4616259657474113,0.2468822065657522,0.4320831032229408,0.26386560266667203,0.11714732640560813,0.07045247805373796,0.3889074811895133,1.0926129258090207,0.04472178787358536,0.2324619991591429,0.004892309583075047,0.21155401337796148,0.3005615595888798,0.5001566206659008,0.8948726939799723,0.6421079180022997,0.7362842420173901,0.27914413212560996,0.6156885852801218,0.6751801252976753,0.029869397187366035,0.827833435472107,0.3290191159997736,0.0801939457808152,0.3748887251959824,0.7511769204730135,0.07550691203769544,0.5219785129845053,0.15024223746495585,0.07065474825156273,0.04099029024367481,0.15832393936549008,0.1406570340246304,0.17756974538034204,0.030063372589815687,0.10043555504756474,0.29640992052453347,0.03967089993499453,0.0949960720530127,0.10100299402176402,0.030777742124228184,0.2286421622363525,0.6396893779786383,0.13972961586784696,0.16461868363862756,0.5257169860170574,1.1877382741186446,0.12352646127879068,0.04453510635999058,0.7351004977338012,0.08350762825690455,0.567837640782502,0.34203761096953456,0.0796566637056261,0.2970210591579026,0.22807097050818628,0.004762028667966216,0.2347445704634358,0.11424721592893426,0.045110889510419486,0.007534691235492205,0.7130944428715307,0.0707714839016763,0.33469861147270286,0.33721484403503776,0.1265465140069996,0.4724869073534925,0.021502367827870978,0.15887654890512545,0.1553353218105078,0.3363954783657463,0.09237411135342007,0.18007418994854218,0.0878647976061721,0.09198128487558019,0.3533040221895537,0.17515016395825103,0.4336668935419686,0.15773855147703603,0.1265112287574024,0.7501086714427944,0.17729744255142493,0.02327140612663667,1.0001702947680158,0.1547080841708262,0.3606859052866574,0.09803174187718568,0.16873247229643665,0.2624154151001561,0.0589586009053022,0.07254949331738883,0.1609466047178614,0.07744718325120528,0.016509535281300017,0.17218983469097607,0.023857196446372086,0.10033888271883443,0.44767752170811775,0.5225875907338016,0.14255059927076494,0.4148114265365213,0.30850862643588556,0.2676301860442652,0.38924729092142657,0.6042937666341226,0.3216279751149671,0.13311572061767757,0.06439631845324702,0.03548126668833624,0.44088614502766543,0.12123482549133552,0.08677060137029477,0.4868851622949871,0.4153726533997145,0.13704699349509084,0.2937756526959321
KO_49,0.20286838737523008,0.25094283455595223,0.3685914936139604,0.23056572568144504,0.09791997716116504,0.20810849854140148,0.058910198090493686,0.1645602301340717,0.2024043659253108,0.09329012113350513,0.09645112063188799,0.6489673677565067,0.0268788889960526,0.2936723325714888,0.02404041697614791,0.1776491406233495,0.015383729944820602,0.18127791341519747,0.049482581478406805,0.06857810051934587,0.14915048522870494,0.2031924822238064,0.4520926571807,0.0012732193709462172,0.19930761202578914,0.04107065472103536,0.03422424853225297,0.11655203107061135,0.6762809421278947,0.1589304057713382,0.04138756498871541,0.5522449502910798,0.12760036142668196,0.21366639949052962,0.01788201828603313,0.22959236607094358,0.6260569229459357,0.2679058390684567,0.566966898086455,0.39206114362192795,0.4896766294678635,0.014749401580531082,0.3418662984385794,0.04872165872454064,0.16751195190255364,0.7376153332294416,0.6946605185112246,0.2680134039273335,0.4927240947598523,0.5794347442476486,0.1409213979001623,0.09490010830468354,0.18226117027921615,0.7165062276371421,0.7099412747830258,0.1083804278045655,0.16029035165210023,0.02327138678757891,0.05159261515260153,0.1845606901539937,0.09702140215289225,0.08257116291061704,0.4072212696771138,0.18571261177807563,0.19436318525127588,0.6938888708657909,0.6957541724422158,0.01873152792781647,0.16300356461978913,0.2126112232762363,0.24715447109759442,0.2281490143031076,0.09991925016882061,0.3521965130792661,0.4391735107785993,0.6362016446601464,0.05959669361006097,0.7701777444504444,0.49973317798366057,0.41297720456386294,0.3756469163104749,0.663010278273244,0.14525984351421836,0.13342869016605277,0.46066848978255337,0.24666675850854325,0.43121543268880486,0.26358262367103,0.11721090699379104,0.07053331375148467,0.38879532757581137,1.0925372509185955,0.04497270287817108,0.23409905721210522,0.004916375383904024,0.21140523092488736,0.3006220345743054,0.49873399726798107,0.8939406490347783,0.6416860452534715,0.7359768321299793,0.278912097257063,0.6159002453538729,0.6748356071448968,0.029769453415040052,0.8277862260715589,0.3304906649959721,0.08015585982740249,0.3749762354776471,0.7502165134619035,0.07542554166805851,0.5221881270304899,0.1500334664957533,0.07089447626655244,0.04100085524484856,0.15827787523735154,0.140477103058914,0.17785019820833944,0.030186190973315756,0.10044300017213316,0.297560918707492,0.0396929130880948,0.09499074341344395,0.1009828754220673,0.030796042832833714,0.22892492338664913,0.6390771995199515,0.13949659335220194,0.16427878502379523,0.5262700783321667,1.1879751715395432,0.12358648906962239,0.04456320862588176,0.7350042909593149,0.08310925903844849,0.5679558084018097,0.3418100876010259,0.07963781426233602,0.29677260478318146,0.22800651473332945,0.004770278247072403,0.23475655102623322,0.11467732063216161,0.0451116147040936,0.007492342052871515,0.7127819936820201,0.07078503366929498,0.3343179969681867,0.33639472269980647,0.1266825167756598,0.4722788462701275,0.02146236012690952,0.15893225814398387,0.15544282841921445,0.33684277196595314,0.09237145537103308,0.18011845903039625,0.08787414294262806,0.09197554644898032,0.3533684602206515,0.1758828651895372,0.4336234339906471,0.15714022065985034,0.12650899738287705,0.7498967570235178,0.17748408906030808,0.02320720238336872,1.0002384732250487,0.154676702004443,0.360269398559271,0.0980493391759706,0.1686638245493943,0.2624859258684811,0.05893219633148586,0.07256459966591743,0.16025801717370944,0.07754858654868534,0.016549234100755948,0.17219146339952834,0.023844001402224712,0.10047955879612074,0.4484580290284701,0.5226564392993956,0.14275464322648923,0.4144195608520699,0.3077823336959921,0.26754691031931016,0.3892791563335185,0.604756686312239,0.32145945268331244,0.133401577863147,0.06449355379518247,0.03546777998937722,0.44000686089543084,0.1159594617970085,0.08680093906162464,0.48680916776220245,0.4153338372287055,0.13705268087609743,0.29415780864446295
KO_50,0.20297607739506224,0.25082328382972857,0.36870966868795674,0.231119682112961,0.09997606647049849,0.2075989371624029,0.059051280117341766,0.16452754392657787,0.20297130942993233,0.09352309733347554,0.09649525814721566,0.6488936793419129,0.02673058744011722,0.2937305822928567,0.024037631534329407,0.17749218681176276,0.015380383532034372,0.1813061513038183,0.04969909456981911,0.06880833221038905,0.14945228581779754,0.20276126393271063,0.4514702798641755,0.001272594935955728,0.19937973456510877,0.04112048239908082,0.03419058196073856,0.11653742437664812,0.6763254745450151,0.15859307298118577,0.041418301322224946,0.5528047995931353,0.12756703539585632,0.21360719182228494,0.017873418800627542,0.22962670413721212,0.6261773231023857,0.26711207936770076,0.6486760647261994,0.39225134371570775,0.49042324373221013,0.014748614728203475,0.3419659954143155,0.04876621844727493,0.16749622857618401,0.7375693704476619,0.6932638547776305,0.26803648142833175,0.4926802576603746,0.5796287453991678,0.14094967899093372,0.09491213122987734,0.18217193118698674,0.7167287569443024,0.7103024680309513,0.1084056369745299,0.13676537558222066,0.02327505280933609,0.04966452951846374,0.18459781102904113,0.09708838761092933,0.08256028843454763,0.407274374409566,0.18572301478618541,0.1942427836778438,0.6937580407258265,0.6967148252643369,0.018740131251992517,0.1624373331196482,0.21300674647200643,0.2472026755770872,0.22849659867298855,0.09984000005402646,0.35154821704181555,0.43795758150922787,0.6375616473066752,0.057916567982679294,0.770283106422718,0.4996893280931331,0.4124932194697403,0.375576380589391,0.6630687226946315,0.14546644111240148,0.1333958030372934,0.46062471745637906,0.24666420397545066,0.43148498674101454,0.2637696277543269,0.11715096252009058,0.07064326802618114,0.38872064490049446,1.0942122695719734,0.04494969983722588,0.23419729639341416,0.004916528660639429,0.16416153849511242,0.3006979114624814,0.49842611588335256,0.8939426648031211,0.6418257284416553,0.7360565315101602,0.27892496660404714,0.6170829112656294,0.6748148244967143,0.02969546058895305,0.8282757048008556,0.33044249993890645,0.08014646084319084,0.375035519765853,0.7503465280416777,0.07540097474939282,0.5220499664942013,0.14954787241814757,0.07070377379071208,0.04100502889409514,0.15846348021131704,0.14042709853374374,0.1776503329622693,0.030130162445090383,0.10046840408178105,0.2976255182817461,0.03969124090248897,0.09498251650196045,0.10098801062476048,0.030783728222637675,0.2288569905345226,0.6389679582846948,0.1404528257052159,0.16423745607620965,0.5273150550211705,1.1883502933581,0.12353524207479522,0.044575728466146124,0.7351084259946334,0.08299894873388725,0.5680363936849872,0.34149427745740263,0.07958796806582766,0.29679428475462977,0.22824596039203157,0.0047647920222723735,0.23493478250503505,0.11519044053587318,0.04511391451417245,0.0074773198689409865,0.7128825082856335,0.07078963198655913,0.33451514969138174,0.336416410564292,0.12663727171695155,0.47230542563401023,0.021416389260257206,0.15889134775945116,0.15549740710940144,0.33675419955581615,0.09237981428331517,0.18014167838006995,0.08787885893486523,0.09194194377871287,0.35334826976459105,0.17580838270982532,0.4336378349293105,0.1572093958901595,0.12647013750348757,0.7499609127271606,0.17747899940364759,0.02320078844778679,1.0003443599158575,0.1546567166381674,0.36017215745527753,0.09805829980101617,0.16853513623148425,0.26255541800997895,0.05893008405406464,0.07257749609768072,0.16025149383892703,0.07753826621942757,0.016546941844988963,0.17217056003031836,0.02384824424441781,0.10045626566568025,0.449313002685587,0.5227813163463141,0.14283962334288802,0.4144586368636142,0.30785581671989065,0.2674746389905254,0.3892444569299155,0.6059010880186473,0.3214118974623071,0.13341947823637695,0.06447132113675333,0.03553139373560291,0.44024987403620663,0.11594342918305027,0.08677629934237778,0.46718019214995715,0.41531719122519994,0.13705065672111044,0.29416880196287964
KO_51,0.2029292909522513,0.25090563090348034,0.36857866048646226,0.2304905887482475,0.09797804219762168,0.20795754715495676,0.058860694395553574,0.16453505686449,0.2024269027416581,0.09326677746655117,0.09595196718231837,0.6488169128419174,0.026847022709133417,0.29360289948470264,0.02404749986021978,0.1776007507675683,0.015366280838589035,0.181269828591508,0.04955346497102305,0.06861054501692748,0.1500492794649846,0.20318932169929638,0.45159381088155254,0.00127195604554062,0.19896565442129902,0.04112382054745804,0.0296278295779662,0.11655684259561012,0.6759167963473799,0.15859310561160436,0.04138734490398132,0.5521481656690431,0.12757461048189742,0.21362558587827576,0.017881339575357008,0.22958683560320017,0.6279827341866147,0.26823124729419046,0.5662201745473203,0.39203078082233966,0.4897096687192245,0.014750489123716612,0.34190031669846394,0.04867469121078612,0.1675086560327231,0.737315098792248,0.6946552745418015,0.26803443921347697,0.4929917016793268,0.5795067393487755,0.14148397073694027,0.09490938600466707,0.18224204137186978,0.7165885117444024,0.7099637526984756,0.10839909812686477,0.1602083458803634,0.02327745006705637,0.05157807375056183,0.24156036473760237,0.0970205737644039,0.08256225610183321,0.40722286994299584,0.1856703152755569,0.19433250190466853,0.6938601058365933,0.6958327982588022,0.018765552528408846,0.16301140315227633,0.21262369923340282,0.24715235170971742,0.2292346165276002,0.09946612984409507,0.35202741494248724,0.43882001898491396,0.6361017607580749,0.05960540133768161,0.7701719727859448,0.4997526204798951,0.41285449074456376,0.37561117673029126,0.6629588190260817,0.14522338817193267,0.1331905007982003,0.4608000993427997,0.24664822470407882,0.4277549948917093,0.2635506704951403,0.11719131939353956,0.07054264127685454,0.3887862514773357,1.0926494721828666,0.0449442146977646,0.23415359086130175,0.004920937933743237,0.21160868434694952,0.30061929852735847,0.49843975583360467,0.8938579332336363,0.6417338498177594,0.7362450004642396,0.2790334608759009,0.6159781537237254,0.6748286824220735,0.029634466575046488,0.8275616822748241,0.33047353112581124,0.08010611307803367,0.37502266704685083,0.7501463070154897,0.07540591080746772,0.5237435109081393,0.15000094500989303,0.07087967770136895,0.041002206373278845,0.15836289325372535,0.14049438355802502,0.1778619647368394,0.03018881117565664,0.10044891501128266,0.2975998824570185,0.039678417965637855,0.09498188003352613,0.10097850904685295,0.030795381185134894,0.22888942075250643,0.6389631783852078,0.13961556986635393,0.16421491551568831,0.5262900823526108,1.1880261383558455,0.12355920048709261,0.04455462517182083,0.7349776492793497,0.08313302276993077,0.5679968986621617,0.34155829208124094,0.07960542933716294,0.2969077384570119,0.22808183607432717,0.004765339602886124,0.23480792910282028,0.11468427089860783,0.04466790313373125,0.007492168099932112,0.7114163378824934,0.07054275843768788,0.3343558385196685,0.33639488067053264,0.12665910588658033,0.4722248946556081,0.021474939856765646,0.159280281984926,0.15549997164762597,0.33680786740368185,0.09279993763700985,0.1801450528961207,0.08787099606069373,0.09196620728822429,0.35334630387687166,0.1758747283055395,0.4319205017651813,0.15714492278526165,0.126479330789999,0.7492169856372334,0.17749475379859422,0.023208097445111472,1.000625711577677,0.15467248518911542,0.3601588856138508,0.09806559918032719,0.16855127175020548,0.26246480387804316,0.058913448321099,0.0725798496750727,0.1602320106063967,0.07754417340932909,0.016601878423831366,0.17219475929155467,0.023849179617578268,0.10048142242229477,0.44838762128098575,0.5227292315167748,0.14277740888976023,0.41442968953186987,0.30777326618973294,0.26749545659809637,0.3906722420394509,0.6047558596931367,0.3214354546054496,0.13341696494827612,0.06448740533622374,0.03548808294737418,0.4400505503359465,0.11593646313608584,0.08679894608223718,0.48691945893670185,0.4153188407453033,0.13707620737546297,0.2940987879475574
KO_52,0.20279368009634474,0.25102294089491684,0.3685196232663886,0.2307599291573787,0.09796376800847269,0.2082734574422502,0.05894145439794421,0.16452108567896004,0.20239150597742392,0.09329866127436981,0.09630566530143572,0.6488953032718582,0.02686516073655647,0.293639868044311,0.024045512708745168,0.17768323664852623,0.015386007862908464,0.18129574926986264,0.04949411653445061,0.06864782376276007,0.149299563470552,0.2031854121808673,0.4528728832273545,0.001273814517465089,0.19915172975062528,0.041012965148585954,0.03422228129613386,0.11655211816686849,0.676105274674372,0.15902259657659584,0.04140422430303826,0.5523583447056797,0.127611964482875,0.21363384788749698,0.01788591302045425,0.2295873761238075,0.6261401845371254,0.2679313888674804,0.5667828271703241,0.39203079342408226,0.4896742353787753,0.019169025785771936,0.3418586461345111,0.048734675352623893,0.1675161820963435,0.6738020726773736,0.6946058639422471,0.2680659449595566,0.4928374777294203,0.5794727189051841,0.14092496579470026,0.09487123675547336,0.1822758048108739,0.7163779765722746,0.7099268600721019,0.10836010369720916,0.16025929126806596,0.023276397881607742,0.05158610031628788,0.1845327158727683,0.09701203322402532,0.08258730189470734,0.40714807544707865,0.18573081454245,0.1943635448080783,0.6939658112828528,0.6957063409721258,0.018711197945815303,0.16300652205558555,0.2126119835604956,0.24712727025663822,0.22820311972718077,0.09978347211052603,0.35248586205631466,0.43964712798013905,0.6361730705814043,0.05959600401115201,0.7700901765218626,0.4996191963649985,0.413101614430244,0.37566280063349217,0.6629665239055744,0.1452525019356936,0.13549388994221945,0.45892964084675186,0.24665514675545072,0.43106104556510894,0.2499524307709622,0.11723572994881276,0.07055841712806858,0.3888554444378073,1.0925131613399475,0.0449702219456776,0.23411558325209764,0.004919472642202691,0.21139899869646847,0.30060250293871105,0.49913992243896294,0.808912248663974,0.6416441598282537,0.7360817770355145,0.27893603134099704,0.6159498430197075,0.6417651894941176,0.029766957141026146,0.8277645869462036,0.4189080400538353,0.08013038725714794,0.37491656813083835,0.7340526707839387,0.0754299291054623,0.44688155558877457,0.150034945252824,0.07090588376538054,0.04099669298535187,0.15827047589391036,0.14048678088822814,0.17783919823009872,0.03020175174344382,0.10040536403501628,0.29756900389645785,0.03968329326563316,0.09500078028954365,0.10096573320581871,0.03080690499665267,0.22889073683682162,0.6391377801029343,0.1394045953938202,0.16430227602489544,0.5265436479441066,1.1880472006263025,0.12357062296522252,0.0445558284558527,0.7357641792578059,0.08310759968359141,0.5678994429592398,0.34218790662638365,0.07963355216623054,0.29682322803503364,0.22801749005026573,0.004765829560374693,0.23469599382003561,0.11471835659062944,0.04510209994244319,0.007490535761643912,0.7127076826843244,0.07077754550298176,0.3342572099531909,0.3364080830407873,0.12668499957191845,0.4722456125139818,0.021451853634593242,0.14211614864775746,0.1554039075478255,0.3368614067407477,0.09237592545522139,0.1800895276543396,0.08787680328400718,0.09196132766485048,0.3533279235512402,0.1758708405839853,0.4336169892165285,0.15713568873158312,0.12651305253034936,0.7499112798345791,0.17748167547201227,0.024584365199011457,1.0002749755791425,0.15468277245237944,0.36041917718429545,0.09804900844890106,0.16878046801858584,0.2624875222066252,0.05894696277628636,0.07255429970613785,0.1602365438076983,0.07753665853264405,0.019553923098090797,0.17219108926608814,0.02385082976329358,0.10048471780304666,0.4484560705678617,0.5226179726685607,0.14271819814186557,0.4143743504339858,0.3078202868116349,0.2675647542201597,0.38926856868641935,0.6047905300190587,0.3214669170758042,0.13340839974816773,0.06449600476508739,0.03544976663511334,0.439924530210837,0.11596736601107227,0.08679883320532471,0.48682605695735914,0.4153747172911772,0.13704824021688983,0.29484073431518754
KO_53,0.20285198226809462,0.25094340851598324,0.368599713593608,0.2305180045987882,0.09793427252373993,0.20805388102332215,0.058906057453614276,0.1645590821600084,0.20239089094127827,0.09326616885984478,0.09644344042170924,0.6489799850280555,0.02687679863912127,0.29368094060107214,0.02403756572638012,0.1776330210673462,0.015378611944653424,0.1813042214996437,0.049484236221778215,0.06857030574017181,0.14914920285696667,0.20318194952527874,0.45205973174011,0.0012732895731834175,0.19927410819961922,0.041077531434073465,0.03422490767104301,0.2560061578771197,0.6762760676126888,0.15890119898817248,0.04138951565572325,0.5521581827364914,0.12759503561117164,0.21363753606692584,0.017884345372451167,0.2296202679423817,0.6260609779001175,0.2679111232531479,0.5670216532685489,0.3920275196666314,0.48968168922988137,0.014750649857689061,0.34184860066037587,0.0487224508448243,0.16751217193133935,0.7376216582777474,0.6946213728311539,0.2680027452358937,0.49269915459916946,0.579467616580036,0.14093474282554658,0.09489160512812693,0.18226951301456373,0.7165239315771643,0.4833791712685356,0.10836789472141034,0.1602834607835183,0.02327720008838355,0.0515896863535737,0.1845582873811825,0.09702613761811295,0.08258573716113553,0.4072147882523838,0.18567804816194788,0.1943319970555077,0.69389134803527,0.6957338262134605,0.01873170792690166,0.16300941667668953,0.21260942645276606,0.24713329205185566,0.22814252600627666,0.09992651014394047,0.3521700344010763,0.43909471088625884,0.6361538352981746,0.05959605189445261,0.7701522795057869,0.4997154046364059,0.4129678468039948,0.37565869442363375,0.6629959204779289,0.145239316403515,0.13345341271956052,0.46065221451169913,0.24665197181282902,0.4311778075858229,0.2635956516625546,0.11722372527943313,0.07055118329912691,0.3888020261053281,1.0926014032972502,0.044976778362966936,0.23416948879868527,0.004919006636441629,0.2113895435196711,0.30062343604322345,0.49873775571886464,0.8939630329510767,0.6416857632143435,0.7359681169102548,0.2789289651932105,0.6159205844668112,0.6748002739904615,0.029780660817386312,0.8278099340950068,0.3304778958966315,0.0801444087211135,0.37495874559511466,0.7501668338631003,0.16305830790172451,0.5222207694429589,0.15003359859644086,0.07091429154530757,0.04099712760409948,0.15827829191373366,0.14051077820445698,0.17784544608452216,0.030188817843487318,0.10043329856673747,0.29756036797542657,0.03969351561870632,0.09500168846569261,0.10097181833957086,0.030798150607615857,0.2288833579330192,0.6390475584082019,0.13956120742386818,0.16425410265576398,0.526294241115109,1.1879930763200017,0.12357778694547564,0.0445661063870229,0.7350698223830535,0.08311938569766497,0.5679363748213474,0.3418239028342263,0.07962943298904772,0.29681490446725506,0.2279961774556704,0.004766968772734088,0.2347712619298984,0.11469040568932971,0.04511132392160264,0.0074900744449877005,0.7127481325003397,0.0707735908736197,0.334337926776257,0.3364003743438638,0.33982798612444076,0.4722793594862357,0.0214697622411452,0.15893380381700564,0.1554346688705664,0.3368132795613576,0.09237749435557584,0.1801090533929234,0.0878592688130244,0.09195459741422027,0.35335317960823825,0.17587571101395724,0.4336391582936284,0.1571466000210891,0.12650195224549254,0.7499211735561802,0.17747668295368382,0.023212389100317025,1.0002823157435987,0.1546820943995916,0.3602743509536985,0.09803343753499323,0.16864447951256734,0.262496548255561,0.058933867158109915,0.07256321593285148,0.1602611547179298,0.07753933210595788,0.01655338472864781,0.17219032970386366,0.02384671804725437,0.10047890405978696,0.4484300028998739,0.5226846200186264,0.14275638434473711,0.41441099754543786,0.30782364214328856,0.2675376127091974,0.38922951160342495,0.6047155836592958,0.32145793043166393,0.1334109402510152,0.06448852109648269,0.03546505446366953,0.43998784786107875,0.11596939228622347,0.08679075545617174,0.4868365500211183,0.4153494196153627,0.13705243636909198,0.2941730366178117
KO_54,0.20285963875428475,0.25092226190661954,0.3685990031850031,0.23055846854524426,0.09792092570979162,0.20804972891872214,0.05890135373656104,0.16456469414508948,0.20239571850794663,0.0932646206426529,0.09645225906227259,0.648982586736856,0.02687080432218727,0.2936443127890146,0.024035560796227592,0.17763718707940762,0.015376926499261619,0.1812897297671089,0.04949660214364131,0.06857540355569369,0.14915491107090526,0.20318632812704754,0.4520897401887139,0.0012724790750821137,0.19931451348068338,0.04107385457044832,0.034227057429981174,0.11653502961396299,0.6763240808465711,0.15892153454585853,0.04138180261479641,0.5522334902950449,0.12759827695848733,0.21365439170937725,0.017888699541097817,0.2296167111814345,0.6260800672299581,0.26790530083837555,0.5670452817434474,0.3920314996700326,0.4896544159794757,0.014748758788080359,0.341868700456604,0.04872225058300377,0.16749766566421354,0.7376178851159548,0.6946409182119246,0.2680060833000308,0.4926909422582318,0.5795211693926711,0.14090666553282935,0.09489574485469637,0.18223532909573903,0.7165421906876381,0.7099332215015087,0.10838154800908674,0.16025500224472228,0.023268880452265918,0.05158533500629404,0.18456501574804202,0.09702278820537168,0.08257352832206953,0.4072406801614178,0.1856811072347055,0.19434429526739752,0.6938685858935644,0.6957518099508078,0.01873125065067123,0.1629893857850508,0.2126022855188067,0.24713095863174253,0.22812767301389625,0.0999270041000257,0.35214821988807016,0.43912643825351216,0.6362308299979069,0.05960066158352631,0.770136279343525,0.499687587301498,0.41295981646598234,0.37563841714908774,0.6629873851632347,0.14523172463443493,0.13343233157961856,0.4606263470250841,0.24668745619637297,0.43122099507796025,0.2635881722768383,0.11721318414772396,0.07054368598824579,0.3888037170198883,1.092619955805686,0.044977651860712016,0.23416919601278818,0.004919313687065177,0.21139761681688657,0.3006483886428422,0.4987236702722711,0.8939877612223431,0.641731693517416,0.7360090684291373,0.278886520912925,0.61591405230267,0.674813428735386,0.029778885883668595,0.8278498862119335,0.3304893497889963,0.08015490002442598,0.37496125394428015,0.7501874530917343,0.07542464772223503,0.5221651090224814,0.15002396509570484,0.07091732316359133,0.040992468088947076,0.15829872292453487,0.14049361555134826,0.1778340578038605,0.030186825627897318,0.10044614249585973,0.297571115019282,0.03968522231866134,0.09499191169708891,0.10098057802108534,0.03080069876766229,0.22891102950724843,0.6389854708757351,0.1395514305661435,0.1642586484531496,0.5262609512338837,1.1880191163376794,0.12356163877077898,0.044553420584124995,0.7350607143787253,0.08311484428654141,0.5679579591816112,0.3418127523108789,0.07962551314821979,0.296787746351151,0.2279765083292906,0.004765562813362332,0.23477536304547625,0.11465162020717502,0.04511158472722478,0.007488408330391507,0.7127567206311849,0.07078988709364673,0.334355514875087,0.33640239423492124,0.1266815230980995,0.47227204363627406,0.021466278230235458,0.15891496802938906,0.15544529143833014,0.3368429383414824,0.09237839437340485,0.1801044232216422,0.08786173953088332,0.0919577231874854,0.35334795191922375,0.17585807953684465,0.4336381688773347,0.15714330846796165,0.12648640585667031,0.7498661814528829,0.17747929600628495,0.023210871389756055,1.0003751089542916,0.1546849357974128,0.36028201328505916,0.09804703032923363,0.16864260565038253,0.2624923788045336,0.05894141497940031,0.07256456410874013,0.16023961123287916,0.07755107438284652,0.016549584851301306,0.17219031071087254,0.02384545727876829,0.10049728609426517,0.44848099975655564,0.5226747387707509,0.14276056869937684,0.4144125156100862,0.3077943426065577,0.26753793872328324,0.3892534516088682,0.6047545287188064,0.3214612746758136,0.1334105841966222,0.06447978936114063,0.03547022024105039,0.44000188108925875,0.11596196021070652,0.0867819697167153,0.48681085487322434,0.41536032658048616,0.13705644369738731,0.29418402403896365
KO_55,0.19555993444047132,0.2553485677005163,0.3656195049511913,0.22329197246461224,0.09906938951196397,0.21204037260582984,0.060418393295880383,0.16335076070985047,0.20161295803298487,0.09301652837156518,0.09785278356194962,0.6634075654674255,0.026871221246266334,0.29443422916175116,0.02385963590826226,0.21235379608135818,0.015489044797158317,0.1827616477009669,0.049186682564101795,0.0697802086509389,0.14896168807968307,0.2017817343135221,0.45023957537452697,0.0012972486468097956,0.19990980723014629,0.04065337955053824,0.0334159684112609,0.11826000409039032,0.6699518562227386,0.15908590097280353,0.04139366699785665,0.5465723634854666,0.12920742245571334,0.2117322115336945,0.014726946522235055,0.22754728699101184,0.6256020752431792,0.26460702723555235,0.5653090726729048,0.39038067622908745,0.4909482727333341,0.014918831576389877,0.3406454720384687,0.05634530367529262,0.16906167427857002,0.7432653125501112,0.6921315241249671,0.2695185980018324,0.49320870516763865,0.578608774349696,0.1407805636796193,0.09354052039896943,0.1846303328856976,0.7088176355412095,0.7010446033356399,0.10750649302540806,0.16246623060742363,0.023120233788205408,0.052730242742678554,0.18258259116925687,0.09775413431801419,0.0836195249273362,0.4051894455701549,0.187112664767726,0.19639692844395962,0.6988526036102368,0.6902254195198275,0.018853575503270506,0.16087227856526504,0.21283165216537134,0.2447719541965343,0.23249368648491475,0.1004933656798526,0.3588537348510365,0.4359272638215229,0.633246567834436,0.059351484587327905,0.734277084419271,0.49456797722889473,0.4051918440924824,0.3789700396647504,0.6624238075690252,0.14634693517081251,0.13169387946958305,0.4636662969543204,0.24744066514774427,0.42734695196495165,0.2638257801954831,0.11951807715279411,0.07167682667964548,0.3935858637760466,1.0869822257060393,0.04489064950724135,0.23647300893668768,0.004978516180245523,0.21200313948535368,0.30315688866654994,0.49249638327505985,0.893173633030149,0.6374990499449075,0.7357927995174287,0.27621224020458773,0.614661093680942,0.674511364395593,0.02953902131831379,0.827229352677023,0.32894185433287887,0.07964493375092721,0.3696342055353806,0.750176708552383,0.07650437118726255,0.5249577868035605,0.15248527800777226,0.0718394056699592,0.040870273463652074,0.15716722859970542,0.1405469609958481,0.17761955351683184,0.030704912821353406,0.09896631219280339,0.2980069891649338,0.0391530955323814,0.0957889070856812,0.10048933918637427,0.03162708232965372,0.23006522967880141,0.6457226339137049,0.14231828989869097,0.16691466320206425,0.5243734227738637,1.1893823040044436,0.12375110956781112,0.043959741156228964,0.7306339116572728,0.0852577213519136,0.5631820913844079,0.3429506606930103,0.07970382925067189,0.2973119606804037,0.22641637088721434,0.004812068535979745,0.23202690957077302,0.11786715983712114,0.045029002609632586,0.007719051783760949,0.7112437843422725,0.07079946304701563,0.33210583132145666,0.33697850058910916,0.12814650484939427,0.4737586812705934,0.021248668042972898,0.1595804877455924,0.1551497567488901,0.338266789964443,0.09244866355383304,0.17799715322841636,0.08784933996088133,0.09200041684702298,0.35337347662881685,0.17669729567189002,0.43331743613493445,0.15594417471645597,0.1278763695297823,0.7490977387491009,0.17779088360177026,0.023387110317624294,0.9991236108234423,0.15579108695031735,0.3596808772736168,0.09688747586742565,0.1682985327261839,0.25913926466384,0.060030943467434913,0.07157511437438037,0.16058866708700253,0.07786889642505802,0.016628346544201675,0.17215883171597846,0.024051073572834807,0.09989013553146128,0.446562979881195,0.5179375348134521,0.14258580587879158,0.4130507199357008,0.31183592603668997,0.2714504075645559,0.38951370117870654,0.6053876800655322,0.3228035291062852,0.13386066579339556,0.06484523414912365,0.03496170886821176,0.4388404784578634,0.1160571878440184,0.08688509163239916,0.4870751566103542,0.41757562806378035,0.13707958286575492,0.29295292796697525
KO_56,0.20345418572077348,0.25027852389104305,0.3693398049593381,0.23444269453631356,0.11285976493853055,0.20505787569661765,0.05997108662552909,0.1643240762556157,0.20638719052206908,0.0951546518062339,0.09685012417076314,0.6485216724086161,0.025805974267076707,0.2943163947279287,0.023990423272909046,0.17654278151877678,0.01538267600882396,0.1814078981475379,0.05100091891516656,0.07031998269803265,0.15156585889056967,0.20002226997292794,0.4476806259380962,0.001269726632913632,0.1998199768513188,0.04141468573637832,0.03391392389543443,0.11663062588541145,0.6762741028234657,0.1566424062150417,0.04158972138163902,0.5565713475485443,0.12752188943735107,0.21347377062058856,0.01782682038666445,0.22954911208275544,0.6271639199557443,0.2619630518833618,0.5652133913646066,0.3936500103107079,0.49508013654308614,0.014757835941223426,0.34265271340367764,0.04907335286887245,0.16753168812319655,0.7376126007124164,0.6847296586022344,0.2682377883187418,0.49268033816604456,0.580708003051924,0.1411703151999491,0.09500871785211394,0.18178513705458932,0.717736518874507,0.7126620196798151,0.10850940195267257,0.16014376722892892,0.023256631488647,0.03973190337031951,0.18481964677262488,0.09752930300228639,0.08254717903184662,0.40747451296997944,0.18599825918643015,0.19357357018767404,0.6932746933428401,0.7023665402000565,0.01882748876879786,0.15892081151477322,0.21545138430893201,0.24749537446280037,0.23086812849525556,0.0992426579669205,0.3481129923165716,0.43092520501722276,0.6460512949969195,0.048930421493988255,0.7710180389522119,0.4994202014680775,0.40951265900765743,0.3753208948792318,0.6633561867823307,0.14691955019580655,0.13298567621247365,0.46049194690672324,0.2466949845865325,0.433358170912103,0.2647714516515584,0.11671609025048643,0.07131061699485008,0.3884411647146199,1.1042712083368047,0.0447721122696724,0.23445659226709806,0.00489912164746927,0.21130932020489626,0.3010153360388648,0.4965325790840354,0.8941051913335057,0.6423401216605699,0.7366811586692316,0.2789451169706723,0.6242666999566394,0.674821554590661,0.029133368423848192,0.8308356723916783,0.33007283168108814,0.08013320450406794,0.3753752507674161,0.7516238414292864,0.07534171558573609,0.5210589635581769,0.14664933120921622,0.06946267228526214,0.041043627715998815,0.15966944385742385,0.13995942182106855,0.17647955817179645,0.029827594355670735,0.10061389110217975,0.2979593559591415,0.039735471305082905,0.09492091807022207,0.1010413836368878,0.030704387891191225,0.22865677275016486,0.6389015851370834,0.14624460981416146,0.16414375120136493,0.5337622979811713,1.1906891978217664,0.12330296668944984,0.0446828715502227,0.7352193544386975,0.08228190951101647,0.5683500488646557,0.33964931882415345,0.07933412361324152,0.2967509623239637,0.22970811784364062,0.0047602042283220935,0.2356552950934947,0.11849525054779506,0.04507888468625562,0.007396377718961864,0.7136188358297723,0.07086544633502195,0.3354340145269938,0.33679525800507015,0.12643381886014582,0.47278466245721895,0.02109224536602406,0.15865895185915257,0.15593494971728883,0.3364807576876806,0.09240252867091625,0.18030312405317772,0.08790139119609332,0.09177901172792367,0.3533218072300448,0.17540783358827153,0.4335238464667548,0.1575930012225004,0.12637169227027414,0.7503100922471642,0.1775534059142854,0.02316661497909577,1.000554362112335,0.15459776915295212,0.35963894415756414,0.0981400896038649,0.16783534670068587,0.26281566054840794,0.05884956388781868,0.0726545987128818,0.16024544817128855,0.07746418308014155,0.016523349280883757,0.172187037544288,0.023831509692094792,0.10030927078034954,0.4547589266075924,0.5230572406903036,0.14327830628335586,0.414734639735959,0.30828465908000685,0.26723946263193016,0.38936898684070725,0.6135382245552681,0.3211742924771106,0.1335068444521638,0.06440008334612493,0.03585239769233985,0.44174514405704585,0.11589590120923178,0.08665788763210541,0.48677305757701056,0.4151541912195604,0.13703941572362374,0.29421481863333987
KO_57,0.2028532358771003,0.2509396662732847,0.36858352274928025,0.23053527809013008,0.09790845500035981,0.20807154149271656,0.05890636304681519,0.1645404698445642,0.20238626943651883,0.09326425318955724,0.09645134200716833,0.6489407263213619,0.026785733493620678,0.2936718981142729,0.024043979325719847,0.17764005997566126,0.015377603328469288,0.18127988524641792,0.049492822824131436,0.0685754761607946,0.14914829050608497,0.20319281458137994,0.4520565504707673,0.0012746201305503736,0.19931042063483287,0.04108263979883725,0.03421678118418379,0.11655632115001464,0.6762849055361266,0.15890495322064277,0.04139834481442731,0.5521931087930371,0.12759485434351472,0.2136450549974672,0.017884993279366095,0.2296118133023915,0.6260940205271998,0.2678977753576364,0.5670511658031357,0.3920250435880736,0.48965065518210776,0.014754057209747031,0.3418967900802479,0.04872002508225692,0.16749048330789088,0.7375340521029796,0.6946698884245949,0.268018229057049,0.4927267813712079,0.5794470484112086,0.14092182110304222,0.09488611027850995,0.18225698204331775,0.7165202169120757,0.7099099901495401,0.1083720245205138,0.16027897103040942,0.023278225461691514,0.0515862508943147,0.1845601416991286,0.09704093013889681,0.08257208916333966,0.4072250402818636,0.18569296332807914,0.19434813854226574,0.6938870810917886,0.6957161899877786,0.018733638753268906,0.1630033395136336,0.21260774647371855,0.24712379826790662,0.22815913335753624,0.09993108521034827,0.3521834490462949,0.4391101853489138,0.6361860181332192,0.05959813059135978,0.770145196728827,0.49967872954208103,0.4129221851466612,0.3756295713442089,0.6629946557293513,0.14523168804571512,0.13344909034857408,0.460623091248526,0.2466582388261231,0.43119290625638673,0.26356457445718506,0.11722758133170054,0.07055121609344633,0.3888085088482143,1.0925591233405423,0.04497978554610737,0.2341590575272872,0.004917888785222178,0.21140158185274413,0.3006146196509137,0.49867302827620674,0.8939356513114929,0.6416506995903114,0.7359622745767197,0.27891406015991754,0.6158943507090169,0.6747909074968842,0.029778283531582097,0.8278304025867753,0.3304749656463076,0.08015968465212203,0.37494487599150395,0.7501659225090439,0.07541530364858005,0.522210823279753,0.15003825475270344,0.07089536025600432,0.04099725527939696,0.15833081585297365,0.13724951424285808,0.17783818153519984,0.030194687296888668,0.10043590539749693,0.2975852782977095,0.03967704077098671,0.09498090770315723,0.10097204518762994,0.030801837103317926,0.2289033315782391,0.6390099488480404,0.13951621216470111,0.16428197231909428,0.5262519953143391,1.1879120832095789,0.12357950429163714,0.044557276287757484,0.7350409811553132,0.08311522653711181,0.5679176413331772,0.3417880427052283,0.07963533141741297,0.29679318237309255,0.2279878032070781,0.004767531839943167,0.23476369537383027,0.11466391477886428,0.04510791291951077,0.007490924662878901,0.7127695200722247,0.07078302036647093,0.3343202003320768,0.3364178419458531,0.12666774407042097,0.47226339359534153,0.021466115689776088,0.15893329669353512,0.15543529443855875,0.33683526509590456,0.0923823013660755,0.18012630687934036,0.08787899001221258,0.09195885710418301,0.353346202299586,0.1758784439546641,0.433620488752979,0.1571580412388377,0.1264891812594159,0.7498895089740314,0.1774833404953874,0.02320892029207661,1.0002843151104275,0.1546811214278145,0.36025205542251426,0.09805361820165287,0.16867222801412948,0.2625420400995221,0.058941630856823815,0.07256417330270652,0.1602379050324875,0.07754314660718559,0.016550474950964015,0.17217971679407387,0.023847190059488106,0.10047850162884067,0.44844544114552903,0.5226443367992782,0.1427411790044655,0.41439513309804676,0.3077850066359817,0.2675198184700509,0.3892791186352025,0.604756326859898,0.3214581897053437,0.133429954565331,0.06448542030005754,0.035475750527044304,0.44001010132346946,0.11595455523316991,0.08679935025044039,0.4868204166624449,0.41536351427657137,0.13705573743057,0.29416469305704346
KO_58,0.20289232266628004,0.25091075611192015,0.3686155795353519,0.23055670059284622,0.09791239071308362,0.20802292809169473,0.05889845784505992,0.16456531985574552,0.20240293948774035,0.09325021034625935,0.09643680985920579,0.6489865394375506,0.02687894314041413,0.293641990165418,0.024044464639648103,0.1776557646986231,0.01537349013616639,0.18128498320790853,0.04950006278682445,0.06856619496647685,0.14914066451024607,0.20321258260129219,0.45209073482054807,0.0012722562083666913,0.1993033558057892,0.04107213316658598,0.03423597409196593,0.11654681587549984,0.6763343523526397,0.1589137021163484,0.04138809107867669,0.5521982074343244,0.12759288723953907,0.21365951685127288,0.01788925376413065,0.22964110517212874,0.6260317275032256,0.2679344121845186,0.5670187780160333,0.39204459806769,0.48964173465965016,0.014754760866420767,0.3418207735966302,0.048710447541553965,0.16749568953416866,0.7375794804612206,0.6946241919742574,0.2680129694383497,0.4926686608506603,0.5794254987839865,0.1409315908048316,0.09489279953992595,0.18224622702491888,0.7165675227304121,0.7099181645847387,0.10838376530000014,0.16026970300179005,0.023275914010789624,0.051583175996338014,0.18457533541137014,0.09702263930998568,0.0825609568804792,0.4072652894590876,0.18568741845118544,0.19433544248248788,0.6938533081293152,0.695813125080506,0.018727536117923053,0.1630044794917387,0.21261787037637642,0.24715533515583346,0.2281287375264695,0.09992434599946134,0.3521091323893212,0.4391300723358646,0.636193899000992,0.05960276824998761,0.7701834328471466,0.499717936979018,0.41300421541179205,0.37564159619177484,0.6629881663690399,0.14523165225568477,0.13345439593413563,0.46062725697468593,0.24666593142531662,0.4312119462487486,0.26360522553741755,0.11720684794835128,0.07052910368095883,0.3887660328639751,1.0926634441890806,0.044978536087290785,0.23412558285172363,0.004918895585698066,0.21139847090989702,0.30064580517160433,0.4987669446861065,0.8939406247041135,0.6417075744741084,0.7359783121766047,0.2789336827532652,0.6159286528039185,0.6748113259839665,0.029780941649665115,0.8278746114621338,0.33044665818344304,0.08014092831365091,0.37499195535456087,0.7501792354233653,0.0754215818016776,0.5221984553348976,0.15002565153580866,0.07090229994725426,0.040994580615323996,0.1582940363897244,0.14049717584424262,0.17782922609398685,0.03018217428708876,0.10044467937520828,0.29754972305966765,0.03968219197635587,0.09498235497002802,0.10097987903901032,0.030796266877045193,0.22888581681124076,0.6389982979352985,0.1395200975534104,0.1642454565125556,0.5262526772663213,1.1879699582382615,0.12357609400816612,0.04455761407135227,0.7350984643969747,0.08310555746743846,0.5679760916347105,0.3418036651635713,0.07963223107578817,0.2967924222333437,0.2280227714276774,0.004767915472629371,0.23480185293708625,0.11465489124259737,0.04511217298785468,0.007487001157795115,0.7127508214793183,0.07077929285357892,0.3343527898565369,0.3363852526033004,0.12667153609014595,0.4722533625926385,0.021466172726780707,0.15893186179296925,0.15543678742001904,0.336807088946236,0.09238261472625374,0.18011648297369462,0.08786731776683676,0.09196864455660365,0.3533546974841641,0.17586391239831947,0.4336079283453492,0.157166369232628,0.1264894092710783,0.7498888844172183,0.1774819398066716,0.02321256503973106,1.0002652692597167,0.154688087788264,0.36028320020512,0.0980463944354467,0.16865456642497564,0.26252211606177367,0.058927205500887765,0.07256993016079573,0.16025310252399408,0.07753344208264078,0.016551605227605813,0.17218931531924564,0.023844514361691112,0.10046429460692885,0.4484407955048881,0.522675436316454,0.1427559365400948,0.41443317293760124,0.30779037752172855,0.2675124833486255,0.3892328289004915,0.6047153740725834,0.3214643716856593,0.13340788630028697,0.06448959910169069,0.03547486002019238,0.440012708465143,0.11596928805795242,0.08679593274792137,0.4868341256377098,0.4153476559632354,0.13706086499909093,0.2941780624005311
KO_59,0.2028985330456344,0.25092623167015754,0.3685949330487936,0.2305596061639264,0.09791438923528215,0.20804289766681028,0.058915179215960706,0.1645587272782632,0.20240728619485737,0.09324792549007169,0.09645457737280211,0.6489686766276102,0.026883451674160713,0.29366199419294675,0.024042559661934856,0.17764595191429788,0.015376629787084244,0.18130762166294806,0.04949523849384523,0.06857388467346115,0.1491363886144749,0.20320955898143972,0.4520679907461829,0.0012732280910423396,0.19930478372154467,0.0410737877528942,0.03421411467347444,0.11656339331351162,0.6763211070397614,0.15892982808414025,0.04138251761222038,0.5522205997039386,0.12758849965224722,0.21365936964793264,0.017880658061263738,0.22963486491014767,0.6260633460472514,0.2679378689827753,0.5670134015324378,0.3920442843472599,0.48964305581109835,0.014754127271977353,0.34186092888543285,0.048719744585568915,0.1674980371136101,0.7375901531266088,0.6946056643841227,0.2680150086586964,0.4927018803622422,0.5794723213499225,0.1409368267855439,0.09490132094692316,0.18224969529966423,0.7165587086540942,0.709935828833849,0.10838889714434156,0.16027541576982182,0.02327415974625266,0.05157896364183222,0.18454789017616746,0.09702791850506011,0.08256678895968189,0.4072636856038407,0.18570047176643284,0.19432425727400524,0.6938836400926587,0.6957569773031831,0.01873034933731545,0.16302046164547526,0.2126290112635022,0.24715599230333163,0.22815871382092953,0.09992484043319533,0.3521602352633091,0.4391289341105902,0.6361910992980355,0.05960040708408901,0.7701460441322061,0.4996970475195802,0.4130014435420163,0.37565104213974687,0.662998295037512,0.1452367480123739,0.13344778353223719,0.4605980661145006,0.24665029462749866,0.43113169916253474,0.2635863996753808,0.11720508405378482,0.07053602983384291,0.3887753874335281,1.092599797189201,0.04498162207167661,0.23411378388147286,0.004922395790221939,0.21139220010850188,0.30064990825206234,0.49872023286088357,0.8939846324986574,0.6417381409780873,0.7359418577319603,0.2788995419829967,0.6159164058677323,0.6748296597040659,0.029778599275378428,0.8278353258252841,0.33047965106284644,0.0801638301362463,0.3749818945003796,0.7501683073599184,0.07540833940338597,0.5222720482941565,0.1500168419781602,0.07090469370956051,0.040997752767626225,0.15829305229758237,0.14051229267509263,0.17785126209781915,0.030193033832824463,0.10045039559669539,0.29755989081042106,0.039691761997281014,0.09497749218236337,0.1009704203874076,0.030796439447925983,0.22890008821137892,0.639024818964293,0.1395228212466359,0.16426234805347786,0.5262575432805039,1.1879829666935462,0.12357678802100727,0.044556333288703225,0.7350452941512038,0.08310344854765284,0.5679978251705079,0.34179365798899686,0.0796244333038628,0.29680966695615674,0.22800963439137145,0.004761406219494438,0.2347942130825935,0.1146744193690857,0.04510332285159104,0.0074900822756865226,0.7127574511591848,0.07077254517002922,0.3343438146857556,0.33638832244091293,0.12669331447730783,0.472272911305453,0.021472924211822928,0.1589413300802372,0.1554357170802583,0.33680962646192125,0.09237643227575625,0.18012971117906718,0.08787334236734778,0.09196800169182147,0.3533586857391714,0.17586843206562341,0.4336389927441945,0.15715461158777708,0.12649681561822748,0.7499025938973892,0.17747405983066195,0.023212773926035372,1.0002686876913123,0.15467288797958728,0.360258378931016,0.09804900026218175,0.16865601787925677,0.26253036367902105,0.05894242625962406,0.07257136373153512,0.16026376920002916,0.07753942947809006,0.016555788804895465,0.1721740291834411,0.02384713112858515,0.10047546230773774,0.4484508574952377,0.5226988274482235,0.14276931293744932,0.41442038668298675,0.3077961327058573,0.2675131924912159,0.3892714595294499,0.604705765997298,0.32145442092574217,0.1334150848277488,0.06449169354640098,0.035470565020962734,0.44002691565178803,0.11595407818667967,0.08676920204394864,0.4868298496898129,0.41532294563182587,0.13703719953271057,0.2941634394856656
KO_60,0.20255733631823664,0.251269308830679,0.36814610526808056,0.23077851432000698,0.09660610011124073,0.2090848342890877,0.058996946727318145,0.16456977226657074,0.2019146373355771,0.09316007713212074,0.09610489512608704,0.648815299025521,0.027741309188675643,0.2935285735370461,0.024068413181066183,0.17781310704083403,0.01568907206823551,0.18115360790225246,0.04827646485146112,0.06767138315157675,0.12830067538446427,0.20347012086986146,0.4546134537571975,0.0012743624023936703,0.198995288237864,0.040511485265854096,0.034292900118769454,0.11636921063993726,0.6847820617973348,0.1593623119265617,0.041443351203252314,0.55215077427933,0.12762839204351933,0.21360689206978506,0.017886172415651335,0.22958029605956526,0.6186319544829358,0.26838153941370474,0.576835936576793,0.3918164554999759,0.489172740901085,0.014754960168250382,0.3417783310698857,0.04873481967168332,0.16737650578065932,0.7375231353936957,0.6955447717899653,0.2677181927526627,0.48574333779195944,0.5788239106485742,0.1410084477236271,0.0948362376594309,0.18243736754450113,0.7158819188097407,0.7096213497463518,0.10832490946149836,0.16032109407351194,0.02328984656607508,0.05166093570329977,0.18435677812505324,0.09690557445522063,0.08259956912590771,0.4070908277480087,0.18584546725749995,0.19445957200690048,0.6942190047224179,0.6949618237718914,0.017976863075880062,0.16337093898092933,0.21237649877242568,0.246968359855687,0.22838862228746312,0.09958489904668685,0.3535832966312063,0.44136821571767443,0.6349975074626049,0.05961564610441394,0.7698004487555691,0.4993055863604425,0.4142323259103704,0.3757695774685953,0.6628809096439809,0.14514319300932604,0.13903686578713423,0.4566484368746152,0.24661778892468444,0.42989037324460583,0.26320220572836,0.11755490550406199,0.07051245351210325,0.38899822789724847,1.0910864151563693,0.046002526455868886,0.2340625872517915,0.004939055835004497,0.21153758678142123,0.3005695936554007,0.5000570768926408,0.8939873901503554,0.6415396107176325,0.7360292612613863,0.2789232737198769,0.6150671258683565,0.674819052659114,0.029791981008310667,0.8339705171195765,0.33121489521585223,0.08009992361904938,0.37474345154798394,0.7499462011130025,0.07542428487383385,0.5228479484126386,0.15042199657327093,0.07104889964640221,0.040991625504787306,0.15739312282909446,0.14054529662603235,0.17797150185046035,0.030273491765416643,0.10035349441873763,0.29754615737296586,0.039662539231941796,0.09502576903406845,0.10094467550972856,0.030841107200753094,0.22888800897139294,0.5928422864293389,0.1386105761933551,0.1644092138910427,0.5263107876671108,1.1878377687193935,0.1235913114686012,0.044526813877338006,0.7370565425937252,0.08317440049738473,0.5677439383735228,0.3430351183001491,0.07987914965721517,0.296806413278087,0.22781257439870614,0.004769384631026342,0.2344486700789772,0.1145363818416346,0.04511259019245216,0.0074983876969086675,0.7122376532598687,0.07073030806440037,0.33388758032281235,0.3364207210406779,0.1267935383609519,0.4720396995661842,0.021470314383910824,0.1590738377667284,0.1553299107659043,0.33701026795837496,0.09237574244572742,0.180035467772089,0.08787004574474412,0.09210619900243056,0.3534294793981106,0.1760290064810897,0.4336645218625477,0.15714170551985454,0.12655407554234643,0.7496166659992037,0.17746971171228437,0.02322343168215109,0.9988566017939424,0.15473547074765648,0.3606141018699058,0.09799541078286862,0.16912069579395153,0.262353635813624,0.05898491261596244,0.07252439686030496,0.16024033481201375,0.07760082908477613,0.01656508276694773,0.172093225807905,0.023858087247587038,0.10054232162454116,0.44767241903429256,0.5224943579093088,0.14262779089112856,0.4142059232082687,0.307837317590212,0.2677101154497034,0.3892330650507203,0.60392750786846,0.32159014063827934,0.1334072900674441,0.06453896172178814,0.035337291853978804,0.4395971195686824,0.11609806283185077,0.08680799782151084,0.48685777653322776,0.4154443775314812,0.1370718503816215,0.2957574600389818
KO_61,0.2165888249576594,0.24110871991539323,0.37497077724522704,0.2410473203206146,0.09553010629066135,0.205537865105923,0.05632464816236309,0.16184370244472118,0.20358304979417433,0.09459837496448173,0.09360440281120054,0.6232439977864166,0.027165825839217075,0.2927153011058096,0.02434788939347797,0.19193436183360607,0.015164906976529028,0.1787213688059662,0.049836922380385215,0.06503459996526648,0.1452453053076458,0.20548500306457745,0.45384376853243996,0.001070879752303672,0.20263627205572476,0.04207550006174169,0.03478456181547019,0.11332413603891316,0.690835193450792,0.1575463079053556,0.04114208178837929,0.6105992638744205,0.1246868687341793,0.21741061676129847,0.015874677498382433,0.2341231617347752,0.6245992258899347,0.281301031476833,0.5741682986099733,0.4549670093446181,0.48874436717316255,0.012182969135571733,0.34386164400487185,0.04604285398054857,0.16477695968743702,0.7289142618867545,0.6991289594203896,0.2643502022737503,0.4923513051164692,0.5808129093531125,0.14171370509050762,0.09747487106445346,0.1766834527849848,0.7324667745748916,0.750115162733829,0.11087060157645397,0.1556904210823744,0.02351724079905303,0.04964584497702265,0.18462222653311874,0.07736339263789382,0.0808453388979254,0.4117395819728769,0.18296009162830718,0.16776308072187293,0.6827690466797285,0.7069756821636016,0.01836752457570019,0.16835961141080108,0.21217395272644707,0.2518663316650542,0.22181619452355308,0.09377687692154242,0.34698827363469553,0.46933949466740266,0.6382459978289625,0.05998514263645599,0.7795810188647936,0.5096164159994613,0.4374742708401178,0.36944362764305877,0.6640746729158438,0.14280386203914167,0.13221009307774118,0.45977949444097466,0.24533497462882148,0.43754401228755213,0.26068406219634055,0.11292286160860245,0.06834679828412832,0.3798841858167648,1.1035557282588233,0.0406064468953924,0.2006025815300999,0.004860268736134953,0.21027906010397543,0.30290106834405567,0.5059225439562512,0.951081018595179,0.6501395635454786,0.7393822814955249,0.28254297328388694,0.6178444628736441,0.6970860673650046,0.0298462476252084,0.8310386282381144,0.3338888027887664,0.08064511191249887,0.385051591631296,0.7981170241795703,0.07134646177252787,0.517036656494846,0.14552219745824294,0.06914799359565871,0.04267970725619753,0.1606927888562022,0.14014697074256982,0.17855840881399257,0.029142431112288477,0.10350574169397632,0.29658045455448206,0.04068820022149863,0.09347840249561058,0.10206119221856032,0.029262446806570263,0.2267848652208028,0.6168206297146174,0.12707695511081193,0.1591929107514334,0.5276215283772736,1.18509431843162,0.12324935921735362,0.04867168232163637,0.741590760678125,0.07195283432237401,0.576909549152095,0.33892837347241084,0.07957066768818359,0.29599253566555767,0.23021825675848756,0.004672334588887515,0.23875825800545528,0.10832931203881019,0.04518326316044794,0.00627104583313441,0.7152715709186128,0.07063166000949375,0.33756578720927805,0.33541462439855974,0.12369614886063797,0.473582349118531,0.021672278438782323,0.1577288112851242,0.17684143781652342,0.3337054834730356,0.09233081643594802,0.1841543060155971,0.0879048502301047,0.09190249729846799,0.3532718689097662,0.17403493556017074,0.4338908117252483,0.1594635147134405,0.12393264154307233,0.7511998505122166,0.1781748737442622,0.021992942313571295,1.0020293320969778,0.15258238159037926,0.3613224297377697,0.10024864680183304,0.16896283382119584,0.26892097411954896,0.05693775095451387,0.07447790812388261,0.15976381278021934,0.07686369518965419,0.014725277370167366,0.1722585598680712,0.023458685256195638,0.0998669100492813,0.4497706107371168,0.5315520493135695,0.14169490843194885,0.41741678931217374,0.30571150073923353,0.2602987148887883,0.38907120800403605,0.6032924933383931,0.31721684402308487,0.13442272806037717,0.06372585512072386,0.035795900140053925,0.4401134786115602,0.11569115180270435,0.08661335813718778,0.48635606608162707,0.4111759136425334,0.1370470574094541,0.29451521492226285
KO_62,0.20267840474542745,0.25106378347995084,0.3684922325932273,0.23148582478652346,0.09811804305588653,0.20881764682009563,0.05897936584032968,0.16451586225595574,0.20239821168466476,0.09339243687466658,0.0958650723304182,0.6489762926291551,0.02683916198430454,0.2936722005231699,0.024042471087925885,0.17794179721021286,0.015400869762607645,0.18133569532296462,0.04947559151253477,0.06884826115578888,0.1497961699156607,0.20313936973953997,0.45535931087503895,0.00127149058068242,0.1988039070376743,0.04086206571224605,0.034224997025982855,0.11654913009410042,0.6758057058452152,0.15937585798876633,0.04146275049984425,0.5529263276685678,0.12761960330108685,0.21370584965407663,0.017882154541929998,0.22960280288493548,0.6262575880289631,0.2680816357900988,0.566175900944101,0.3920545283150976,0.48975284874347913,0.040404982856112326,0.34181383973092244,0.04873769397326854,0.1674858741366239,0.7374385454486159,0.6944478901553406,0.26813386263549566,0.4931838385869637,0.5794004443230071,0.14095343616510847,0.0948549409501982,0.1823566658237217,0.7163209412900963,0.7101298652795476,0.10836425400834121,0.16012179825648,0.023269532888297445,0.05160166827136256,0.18449924219534664,0.09697539068673647,0.08260048414875387,0.4071647456887896,0.18574474699522647,0.19435204943402318,0.6940625496433562,0.6956877221821717,0.01864968265133586,0.1630524009799808,0.21264484249272614,0.24707382153545784,0.22827969336152537,0.09942293433697277,0.35316168876993237,0.44126792709763085,0.6360857218852646,0.059578081965003374,0.7700599797849389,0.49954699639794575,0.413640644480129,0.3757259545219423,0.6629972882752782,0.14524307964042615,0.14159670839733324,0.45375090950380215,0.24665571578748496,0.43087154253973997,0.2632671937177643,0.11726983558962392,0.0705812414142975,0.38894170367497943,1.0925778812166025,0.044934105136039855,0.2339892964345464,0.0049182096725229095,0.2114516799852681,0.3005652477236891,0.5006457653000564,0.5652340324855051,0.641576979993398,0.7362995476521343,0.27902429595572936,0.6159797725088731,0.5484172614869472,0.029741887731003606,0.8276583941355413,0.3304359746326443,0.08009219438659346,0.3748248507273592,0.6875727853428851,0.07544915610178331,0.5223885931339152,0.15003852665952294,0.07091210935559421,0.04099183642403544,0.15826474239908483,0.1404879521777829,0.17787295968840472,0.030199802075274097,0.10040305758303678,0.29750487409858256,0.03967161215665859,0.09501824237980425,0.10096422985101822,0.03082096258724026,0.22893123319472647,0.6391569083257244,0.13903927775650415,0.16434811349549958,0.5273976597936438,1.188037831505697,0.12358257440100437,0.04455167748149429,0.7381448459272625,0.08302860614226001,0.5678244369524555,0.34332948894421794,0.07962961720089111,0.296969798398033,0.22806750337877105,0.004766991776366605,0.2345610481861491,0.11479963135242152,0.04510936286288582,0.00747833983183972,0.7125836148243269,0.07076789317337044,0.3340883470155377,0.336418952868182,0.12671707462743112,0.4722745289463862,0.021427093317045502,0.1589821918644258,0.15533472392857056,0.33684934625312984,0.09236766995317962,0.1800735413038491,0.0878570369240392,0.09195807047422973,0.3533531481618406,0.1758811670537347,0.43360744653026445,0.1571229619469458,0.12653682942602298,0.7498130565347837,0.17747441146051993,0.028888313007468136,1.0002846590763583,0.15471801413477979,0.3608534452785669,0.09801889943616332,0.16924892827789098,0.2624108110433032,0.05896386537307739,0.07253767004163704,0.16024860104250793,0.07754591938231795,0.031413152284274194,0.17217478455404725,0.023857480002719138,0.10048481194565079,0.44838977684535836,0.5225227180209563,0.14260220737884452,0.4143524908755178,0.307843331715245,0.2676378411062503,0.3892784491544105,0.6048404088013266,0.32150783312821574,0.13344297477757538,0.0644942064712547,0.03537060092397788,0.4397283776904715,0.11601577187195151,0.08680482795082783,0.48681177711232654,0.41536014708718905,0.13705504830694823,0.29694314974897634
KO_63,0.20283548058809087,0.2509680432365815,0.3685353342714397,0.23052756825424764,0.09792325736450941,0.20809564021278423,0.05892910320758049,0.16454608954534491,0.20238584189638725,0.09326349768781671,0.09646406231910455,0.6489347045192271,0.026881952077148427,0.29363586079602755,0.024045495240109047,0.1775975604768455,0.015384114774434946,0.18129322262792602,0.049485658674691145,0.0685967436869916,0.149121581000437,0.20320623288045744,0.45204613129752996,0.0012745775249487115,0.19930278794441814,0.04107521534514974,0.03422830788150364,0.11655253910567251,0.6762106611949092,0.15890521761314982,0.04139327456410799,0.5521302630092548,0.12758340409422836,0.21362919970411823,0.014534475991112534,0.22961764116938047,0.6260546795661209,0.2678525810981926,0.5669767249913692,0.39198921490305155,0.4896740998289804,0.014752128947130287,0.3418563324582588,0.048726847684400054,0.16749790251315705,0.737574317906518,0.6946233541708093,0.26802267759623083,0.4927038690978543,0.579491151987943,0.14091140158288457,0.09488803206956023,0.18226379983153557,0.7164610282295981,0.7098254293131331,0.10838785463269163,0.16030618286758314,0.023274317920861536,0.05158633697811723,0.18452553435040198,0.09701909355800412,0.08258254815498296,0.40722032520119794,0.1857165656697458,0.19434387926211524,0.6939196405947764,0.6957393738905268,0.01873229734061583,0.16298772416225396,0.21262722150192734,0.24714322215695556,0.22817144965728556,0.09992123074636389,0.35222202729748914,0.4390860502101732,0.6361810437978491,0.059592597343716316,0.7701304918009539,0.4996685097795234,0.4128938530625243,0.3756316180179603,0.662985720167044,0.1452583176476266,0.133433294566758,0.4606711496967471,0.24664926666462977,0.43110643880770444,0.26357634272784536,0.11723081353720462,0.0705493899730998,0.3888421543497021,1.0925660861771729,0.04497885342217981,0.23417475070879826,0.004923911608264046,0.21140628117425914,0.30062611113367865,0.4986987809293926,0.8939588686000549,0.6416925961665826,0.7359787435844785,0.2788944454452352,0.6159180911573418,0.6748693133084389,0.02977422344837446,0.8278563268847648,0.33045876115684214,0.08014852412787069,0.37493192060547087,0.7501599980581608,0.07542536009347049,0.5222509744371071,0.15003856889276732,0.07089523081589279,0.04099944560889512,0.15827417240047376,0.1404900443204757,0.17784283102877063,0.030195927171134552,0.10043685164235303,0.29758561908282544,0.03968614276655022,0.09499355954874829,0.10097719228114087,0.030797839535982974,0.22888653358025612,0.5189584553614627,0.13956322057914214,0.1642913095103753,0.5262803275031093,1.1880703098230216,0.12357079033770998,0.04455387455027478,0.7350181078407969,0.08313241611978707,0.5679492646070023,0.341796544369259,0.07963904223097143,0.29679487808992067,0.2279832082893496,0.004768722191319639,0.2347408489600411,0.11469280529185391,0.04511620773422656,0.007492219728481959,0.7127579279755414,0.07078076801644217,0.3342984043530679,0.3364076407064878,0.12668530481767254,0.4722568368844049,0.021471801823560937,0.1589338861864979,0.1554383091797045,0.33682674012035607,0.09237961064427021,0.1801053849648827,0.08787404205467099,0.09195742882996545,0.35333945559011126,0.17590243196533614,0.4336219198227928,0.15715414598801944,0.1264987943550901,0.7499004355593671,0.17748815865121176,0.023201686115309733,1.0002530645539072,0.15468737335632424,0.36025482951196847,0.09804018990305886,0.1686519287298865,0.262503461619679,0.0589441813622094,0.07256011601715895,0.16025234490172635,0.07754778032620654,0.01655045704251154,0.1722042893314798,0.023847162544592782,0.1004888610825836,0.44844497271500133,0.5226597221170051,0.14276062707044856,0.41438600496414785,0.30781181328938123,0.26755701373399243,0.3892680021989626,0.6046994171718211,0.32145177283249493,0.13341841301401097,0.0645006179817921,0.03546902957667311,0.4399619914825718,0.11595058771098021,0.08679415364570438,0.4868287446116858,0.4153575639023628,0.13705698251566062,0.29415614580564003
KO_64,0.20895287567132653,0.23503954219296067,0.3748579396320593,0.23490372745549035,0.09000997626984968,0.18935025523311638,0.05394867611685151,0.12692968580623326,0.1986981835221924,0.09078237297758683,0.09221588566181778,0.6514381452801598,0.029241117458702268,0.29378494619458506,0.024169630206366487,0.18222236488847696,0.015513742219969184,0.1813673612909085,0.054105700173604804,0.06381398708247149,0.1496161914272218,0.2026553850698011,0.4573460214101947,0.0012516209847926929,0.20235835109644695,0.040864985641229326,0.03497069605896926,0.11597108685054262,0.6853682094325758,0.15880402991509954,0.04080890939187199,0.5542432190876703,0.12668196965773143,0.20613288750274272,0.018906084143730264,0.23466380436184164,0.6170742312600911,0.29060247387803695,0.5752101690936144,0.3913843905809248,0.5055505618222976,0.01483256491608897,0.3390921603560421,0.04602426164186851,0.16666150209887326,0.7287104959057091,0.7018944498334859,0.263699200450147,0.48791363825717515,0.5800959792311993,0.1382828703669903,0.09603631919888535,0.1704416635785766,0.7319380315543319,0.7182630383554196,0.11578720137912511,0.15296282452111082,0.023174462367929277,0.05197241294355854,0.1562301161243579,0.09866786652551383,0.08326971596627292,0.41458623959441715,0.18195298301643678,0.193459477815242,0.6745680529232042,0.7069639562046789,0.018135334261978196,0.16461318708074688,0.2111264007655754,0.2502432148075996,0.23324231239667673,0.10101857799154859,0.33585333742526535,0.44425858326306644,0.6328654934647618,0.060509858412472514,0.7909649688383172,0.5092659220845424,0.418059375345264,0.3728727468544608,0.6619033942420963,0.14349777496448884,0.137930492116694,0.45777600270167956,0.24688442834961682,0.4511740436487273,0.26263170069281894,0.11411812460640954,0.06840519366125827,0.3848272853974611,1.0951471348005173,0.0456045757362502,0.23436047953207073,0.0052740027345639165,0.20904893112292253,0.3007352912120987,0.47740778485812124,0.893173991466248,0.6473186222136589,0.7308507536705743,0.27998777086294996,0.6096341797339259,0.6745156466219323,0.029243826732560714,0.8329929633435047,0.33101788347448197,0.08070764472849769,0.3794405967430924,0.7529532669334146,0.05844923359947788,0.5083262155682319,0.14948035393283302,0.0712447485855237,0.05492171941493943,0.16256204197274493,0.14120786661103174,0.17734094676736717,0.029169189748663324,0.10369183456891648,0.3000213951922703,0.04012312401978881,0.09429958556164511,0.10274066306664974,0.02996462071665364,0.22911550572389358,0.62614802126749,0.1267896221795521,0.15985916980412754,0.5196534201743737,1.1839857657803805,0.12364330130583297,0.0758873791783063,0.7398707717064174,0.08179778325912206,0.571911186528467,0.34253570756208324,0.07869677773685607,0.297911767417119,0.22694506872676182,0.004679829653199968,0.24085951594996616,0.10687847428912109,0.04519149891032159,0.007356669842533925,0.720647819240488,0.07159946198544462,0.34197117923040243,0.3344904123111833,0.12378192409352097,0.5012390378102958,0.022624564863216855,0.15571520581658313,0.15528144279811923,0.33378153953186235,0.09230112315401796,0.1819142998199089,0.08786835839532889,0.0914113192256059,0.35338866050853485,0.17451375393998375,0.4339189112517939,0.15663572816331794,0.12537364196596382,0.7540938378690165,0.18725900146367216,0.022859610813760672,0.9999117393628874,0.15376002645958167,0.36274170664977523,0.0990110909982271,0.1696129472254383,0.2655228454009828,0.0580461020058007,0.07339502349400845,0.16069135658678627,0.07687626176821497,0.01631418726010453,0.17212961966625911,0.02367155867133789,0.09988182356164049,0.4463419125189051,0.5266323316436574,0.14558386839127363,0.41735916716887816,0.3049163457435432,0.2642893173113469,0.3890105890379447,0.6000574575925135,0.3068781133273323,0.14809120413997656,0.06375005304692431,0.037954287684471906,0.4463698109902899,0.11599893943301057,0.08682963363208059,0.4858673804797719,0.4134928001334445,0.13709448238029573,0.2953021754639529
KO_65,0.2028795212072148,0.2509438900948441,0.36858027962834,0.2305391330714406,0.09789277813776014,0.20806221251495532,0.058909957198274285,0.1645654033712026,0.20237542695778865,0.0932651619472809,0.09645005568682549,0.6489442247433214,0.026878383709004736,0.2936622644015098,0.024041091580389543,0.17762914617294093,0.015376350735479367,0.18128753131638933,0.049492144788968406,0.06855886684117217,0.14912864395908418,0.20323009504217196,0.45204334365838295,0.0012719197342195027,0.199298675422065,0.041085570088819655,0.03423094941058462,0.11656933072831845,0.6763457828351361,0.15891103688989844,0.041383332184466354,0.5521972216800793,0.1275862174831652,0.21368288097127866,0.01788464745333107,0.22961443181618488,0.62608932401026,0.26793921233258705,0.5670603240051625,0.392042081506727,0.48963098432370306,0.014754792670224063,0.34184606639985177,0.04872329339108439,0.16750985423523518,0.7375774711642269,0.6946386895902176,0.2680155524484219,0.49268529688298385,0.5794814096601991,0.14093421771755166,0.09488695146651774,0.18227749892009557,0.7164971067157884,0.7099314286250483,0.10838488307229927,0.1602686457606482,0.02327424014626163,0.05158409364278652,0.1845686308615212,0.09702118787551714,0.08255432082742006,0.40721189872231806,0.18570755026174665,0.19434668986006576,0.6938711843656017,0.695761574145093,0.018734918104832538,0.16301294774086872,0.21262634736067834,0.2471540400428762,0.2281387789871131,0.09993029984307035,0.3521813661068517,0.4390950898086909,0.6361882618895145,0.059597129957933315,0.7701495463001065,0.4997062740952653,0.412961410023314,0.3756319325567853,0.6630194328717709,0.14522374183864306,0.13343515706963396,0.46063586434690357,0.2466615193660376,0.43116405026657595,0.2635689432567754,0.11722179392114473,0.07054497708537485,0.38880100029220427,1.0926061721310536,0.04497727837890506,0.23411766537118112,0.004919535496681832,0.21140238915808912,0.30066994689493964,0.4987269984373242,0.8939870014446918,0.641733840899721,0.7359523016475471,0.27891918437358565,0.6159509060344531,0.6748357480402871,0.02978556510065423,0.827837968932389,0.3304850191159579,0.08015117108549291,0.3750206416449785,0.7501857099350883,0.07542000521666695,0.5222319828485468,0.15003911996303415,0.07089225562061563,0.04098863771646275,0.1582795987089523,0.14050422883628094,0.17783832102946337,0.030186061933533192,0.10043945042703528,0.29755589042005093,0.039682267644023134,0.09497823527477312,0.10098588874027309,0.03078995736096771,0.2288892412652338,0.639020066191462,0.13952672619682255,0.1642552109158822,0.5262897514851892,1.188007129733444,0.1235700712347806,0.044563123798396206,0.7350831166739146,0.08312188214140591,0.5679568407188547,0.34178660116495063,0.07963042670376479,0.29680743771877693,0.22801056646044018,0.0047654893894960694,0.23479754275014453,0.11466913912160319,0.04510414925255799,0.007488697808063938,0.7127602108091587,0.0707842753443712,0.33432102366182126,0.3363834421293108,0.12670105695087167,0.47225795828107237,0.02147038639209723,0.1589578163235499,0.15543950995117417,0.33682968599390795,0.09238499863272427,0.18013270596579006,0.0878622743026538,0.09196961823883235,0.353339975147555,0.17587756745175268,0.4336393992086117,0.157143603220393,0.12647982153799361,0.7499244297888034,0.17748920954684522,0.02321156639380143,1.0003101928033018,0.15466591328025606,0.3602576170038564,0.09804864597245197,0.16863730326919757,0.2625012935436938,0.05893449286316262,0.07256692215350352,0.1602528627711523,0.07754734396940602,0.01655103270088494,0.17218528841704428,0.02384932207697615,0.10047686400679978,0.44845747933444574,0.5227000661561663,0.14275178497484908,0.41438268637488035,0.3078230952517418,0.2675378631812827,0.3892435983382617,0.6046997344291377,0.3214529328047814,0.13342121632576373,0.06449581916700965,0.03545821767812676,0.4399990978675244,0.1159549396696185,0.08678377366416101,0.4868556363624282,0.4153105589846358,0.13706798336452522,0.2941490777327641
KO_66,0.2028534663674513,0.25097731764384495,0.3685637586090569,0.23051159411427669,0.09792110088244216,0.20807505378301558,0.05891830390262109,0.16454338679099834,0.2024055454841318,0.09326401110511502,0.09645758810780933,0.6489581026315748,0.026884800986554366,0.29366140299038335,0.02404674778541841,0.17761882043283073,0.015382058495469145,0.18128009773254156,0.049490143214683736,0.0685864202911305,0.14912486593764993,0.20320204657231844,0.45204637257297753,0.0012724226011800476,0.19928901877058222,0.04107573607450055,0.03422566869360587,0.11655259785181996,0.6762232358774055,0.15887739901765008,0.04138601751215772,0.5521283043204893,0.12758877541379943,0.21363209924942755,0.017885068274865946,0.2296037255143582,0.6260613850630566,0.2678831190505349,0.5668957955205204,0.39201502266318555,0.4896642597139681,0.014753888092575775,0.3418547641528678,0.04873522613770091,0.16750346679218095,0.7375573411984319,0.6946150322204603,0.2680527396017728,0.49268884058214274,0.5794687576611894,0.14093115302065143,0.09488425047848124,0.18225719974515855,0.7164491331417516,0.7098496753803611,0.10837295094785991,0.16028955808206438,0.023273596522427022,0.05159754906157717,0.1845552919310199,0.0970069188814655,0.08258498028324024,0.40716708888304964,0.18571938139926852,0.1943501821750759,0.6939352506007115,0.6957792575566906,0.01873291670939194,0.16302226012831225,0.21261519750819804,0.24711768980640977,0.2281770004710155,0.09992493630675627,0.352196918199831,0.4390806668363712,0.10376672477583804,0.05958765844215448,0.7701896976115427,0.49969125393899344,0.41292594605694916,0.37563017499921286,0.6630163561097526,0.14524046053214595,0.13344920162524465,0.46065215005896293,0.24663957826279187,0.4311102904942004,0.2635727165662303,0.1172216293036751,0.16205866250858061,0.3888059979401193,1.0925753165720122,0.04497836903192795,0.23413201820580895,0.004920376622973846,0.21140640922070225,0.30065209826345335,0.4987158377267741,0.8938755864404422,0.641679533358885,0.7359458990832167,0.27889962708945326,0.6159106424286924,0.6748148378896905,0.02977738994508275,0.37381933011700386,0.33046956847164405,0.08014414748438047,0.37494644105159186,0.7501534105449156,0.07541800361953094,0.5222364564549021,0.1500311499596324,0.07090557790994823,0.04100089104489915,0.15827909766470116,0.14049926167918592,0.177869432561063,0.07334469890234134,0.10043248774723273,0.2975722522759526,0.03967836159583885,0.09498480415435213,0.10098003337698727,0.030802720528958816,0.22888145763754675,0.6390885773930063,0.13953470050555472,0.16426334019244615,0.5262429042657145,0.7006876390536435,0.1235787853268748,0.044558983437613525,0.7350351317555494,0.0831271687057859,0.5679460263080182,0.3417737144303882,0.07963228124434749,0.29679258498934974,0.22799462452039634,0.004765803205010011,0.23477760272273904,0.11467560816465627,0.04511090807185662,0.007490641497036681,0.7127645943956287,0.07078044194037282,0.33433821705445527,0.3363715325951158,0.12669729883371583,0.4722586036666277,0.021465005360268886,0.15892608135955655,0.15543985801058957,0.33685840084097773,0.09235731966125925,0.18011812659550994,0.08787133611931598,0.09195609682497152,0.35333199532877635,0.1758887705208212,0.4336421458002034,0.15716333951565184,0.12648917194583756,0.7498923412562946,0.1774940222962575,0.023209984094421335,1.0002922809461583,0.15469447816379306,0.3602264824730947,0.09804359738368576,0.16865959386388257,0.26250130629818175,0.05893202111623603,0.07256818152867095,0.1602558186374857,0.07754097270420698,0.016554756378687682,0.17219362627131296,0.023845745136010028,0.10048432829638305,0.178383991885002,0.5227165069201495,0.14277063302999468,0.4144229344850389,0.30779853204846963,0.2675397734549636,0.38925476588216407,0.6047307282242035,0.32146261312424884,0.13341329240159422,0.06449136525709291,0.035463667112148635,0.4400212726901792,0.11597648387414226,0.08679249256393476,0.4868494525442203,0.4153441452559457,0.13703377508101938,0.29415317609915087
KO_67,0.2028251332994193,0.2509865070129107,0.36853297705767424,0.230520138271527,0.09792420241864527,0.20809876902176935,0.05892822633284066,0.16454830932629977,0.2023788705671069,0.09326273934276781,0.09645881755297159,0.6489439060041984,0.026881381799602245,0.2936391845343809,0.02404293874335444,0.17759654471095032,0.01537605540217805,0.18130349073160307,0.04949310596365713,0.0685904404114462,0.14913194735726426,0.20319096227263625,0.4520247853047256,0.0012721379909898525,0.19927459264412625,0.04108097419255184,0.034226701257980476,0.11655571513738247,0.6762277133054929,0.15890263257562304,0.04138815526635706,0.5521633662618666,0.1276003772766954,0.21363496270469176,0.0178823416488998,0.2296145970307353,0.6260911108896934,0.267872635810008,0.5670069417107126,0.3919936683981506,0.4896466414041166,0.014747529818659132,0.34186044958580303,0.04872700121845651,0.1675136871487833,0.737594061058649,0.6946207943317971,0.26803215663140467,0.4926978183495717,0.5794411254366558,0.140898272229981,0.09489163271069137,0.18228845371444852,0.7164804577777892,0.7098798699304494,0.10838183613161548,0.16030004298365813,0.023278840317569417,0.05160110879982394,0.18452647832789817,0.09702261040314933,0.0825783707447276,0.4072041819193707,0.18570410465521692,0.19436298116526554,0.6938973193267713,0.6957096090559518,0.018736356690479655,0.16299803108389654,0.21260882647704396,0.2471223924931583,0.2281672684642197,0.09992439037134133,0.35224512455702367,0.4390792775963899,0.6361608943479877,0.059603635398108215,0.7701448358205819,0.4996609070554786,0.41290144023961367,0.37564004589566996,0.6629741946979,0.14523234633054383,0.13342513800659128,0.46067382678481283,0.24665880611361468,0.4311400514448319,0.26358972191013347,0.11722134822084274,0.07054996536321546,0.38882844459321986,1.092522275408623,0.04496790783170781,0.23418240491468195,0.00492481811527581,0.21140234533774072,0.3006224287448298,0.4986384689099494,0.8939450098469773,0.6416852299128977,0.7359500213649518,0.27890572195945185,0.6158705033001041,0.674795615906939,0.029774699866892716,0.8278450275847031,0.33043455062389204,0.08014932313564796,0.3749553220290109,0.7500878236123278,0.07541933553284247,0.5222219594380687,0.15003992843881614,0.07090644327507925,0.04098682084095086,0.15827484434424882,0.14050742410045125,0.17784285231692187,0.030195571230549008,0.10043488072683576,0.29754813876398173,0.0396839715944011,0.09498461939423081,0.1009723485348229,0.03080909905904344,0.22889651943838735,0.6390789369777937,0.13955220564219148,0.16427662425557885,0.5262647280132393,1.1880494894971059,0.1235806142127508,0.04455434758113635,0.7350402837754483,0.08313242513421339,0.5679466103670181,0.3418006523318736,0.07964221482593999,0.2967941474641172,0.2279957159099686,0.0047695918329951435,0.23473411624831864,0.1146938957651856,0.04510948831013191,0.007493357772715849,0.7127475565476709,0.07078234517078226,0.3343091206351515,0.3364118506623615,0.12667972273651126,0.4722301431402744,0.021464174522038654,0.158928400466025,0.15542933376262738,0.3368566891860266,0.0923694663453685,0.18011150766770218,0.08786351904123899,0.09197094897290099,0.3533193748484676,0.17589915571777254,0.4336228545318519,0.1571540528338069,0.12648098460100307,0.7498832975412036,0.17747526135387395,0.02320849303242264,1.0002910813455148,0.15467402513941028,0.36022697307803986,0.09804249167393433,0.168640658187228,0.2624875517038341,0.058940450717722706,0.07256466066159478,0.1602500202622656,0.0775518595527577,0.01654614475121758,0.17216232005197302,0.02384833688206549,0.10048202612046223,0.44841533160746994,0.5226397340608987,0.14277212085010882,0.41436953455229475,0.30780548443542954,0.26754767075000674,0.3892400432253703,0.6047293794465901,0.3214513040735472,0.13341821297473397,0.06450355807043973,0.03546955441139878,0.44000770685700974,0.11596288240979057,0.08679162949573517,0.48680226083726263,0.4153818378695198,0.13704640168069415,0.29413992410481826
KO_68,0.2028480130615143,0.250956669366028,0.36855314398655065,0.23055512100893208,0.09792245615015571,0.20807814346643844,0.05891650961702984,0.16453424621229346,0.20238700591035105,0.09326125685503298,0.0964649330224484,0.6489238118165837,0.026880861590776593,0.29363729457691,0.02404069372234525,0.17761219080333943,0.015384996702675608,0.18127944578095587,0.04948611109105835,0.06858717147593901,0.14912227029211012,0.20319899092947116,0.45204897446944087,0.001273653450598859,0.19931215198205013,0.041074670970626795,0.03422340523453463,0.11655285351371843,0.6762661641399377,0.15890443085893213,0.04138359609065676,0.5522396362669353,0.12759425587574932,0.21363260253173105,0.017883198234284352,0.22960270672393288,0.6260917733990699,0.2678797544597454,0.5669785740721911,0.39204610191353173,0.48967821828725727,0.014750201008995741,0.34186349157425605,0.048717095609252394,0.16752280202145356,0.7375687782227137,0.6946489044329665,0.26803098705198003,0.4927003639907648,0.5794262254276022,0.14092664324442614,0.09489358452451624,0.18226709422120496,0.7164510949634169,0.7098944569076086,0.10838089305525679,0.1602863018549488,0.023274287677534217,0.05158981343254627,0.18451941950669723,0.09702615152789255,0.08257101539972879,0.4072437792348269,0.18573235533984472,0.19434623942423393,0.6938879043469274,0.6957587461783625,0.018729622478521262,0.16300742530293758,0.21264020170950226,0.2471095781689875,0.22815776192198578,0.09990532355492211,0.35222281931504146,0.43913486979836064,0.6362034405703619,0.05960010371100984,0.7701174726604654,0.49966197444989163,0.41300028497435143,0.3756545995738973,0.6629672159292939,0.2107271656052125,0.13341377472041016,0.46067200366082767,0.2466489965925398,0.4311077196468621,0.26358725495366936,0.11722947091138934,0.07054054055920465,0.3888378927403016,1.0926012098575395,0.04497965090638896,0.23412740962900574,0.004920861035731835,0.211381317812203,0.3006289675021364,0.49868863208325837,0.8939642737841755,0.6416713747366277,0.7359654873780744,0.2789103131422547,0.6158903778640236,0.6748689500666406,0.029770324005362957,0.8278980293010023,0.33048798732922413,0.08014279555129668,0.37496154669703013,0.7502325934297662,0.07541839118012421,0.5222676300200534,0.15003002846644317,0.0709061349870449,0.0409983349530123,0.15827193997881744,0.14048215967739425,0.1336056107220006,0.030190608628361645,0.10042702277061519,0.29754378677465704,0.039686650341939425,0.09499954969944784,0.10098615854555276,0.030803284748930446,0.22891188916766333,0.6390603989771622,0.13952412181895701,0.1642564813723998,0.5262774326605806,1.1880773448607365,0.1235811605493028,0.044557667181448934,0.7350215578717672,0.0831086060192308,0.5679702382012558,0.34182325649916345,0.0796307053718982,0.29679818150307236,0.2280153334119444,0.0047667502508327835,0.23477485901223413,0.11468511779091217,0.04511191140859364,0.007491433437054175,0.7127540135749004,0.07077693052277477,0.33432119522096804,0.33640746718467884,0.12668590331658014,0.47224629090541903,0.0214706010388144,0.15894988986087766,0.15543618870385636,0.3368286600573797,0.09238359043631265,0.18012143989507268,0.08785504002427674,0.09195657322323794,0.35334674303280855,0.1758930313359765,0.43365793193202307,0.1571312561793572,0.12649198261119413,0.7499276230925217,0.1774846438373611,0.023212244259705122,1.0002734853158761,0.15467945519268542,0.36025598901778094,0.09804876445661484,0.16863626582151925,0.26249534554617027,0.05893527997739173,0.07255938456469102,0.16024910920344035,0.07754182439419138,0.01654835172068367,0.17217035840686964,0.023847866714988637,0.10049077088394065,0.4484660881252753,0.5226625607058155,0.1427516662622301,0.41440673150536633,0.3077767375602355,0.26753406661997736,0.3892937809953665,0.6047360194007703,0.3214665209844155,0.1334167734783483,0.06449332307235285,0.035466278089741024,0.4400072982730577,0.11596307422635505,0.08679549509142807,0.4867981664120829,0.415380592959742,0.137061694411123,0.29414214823997925
KO_69,0.20287792899984447,0.2509244825271799,0.36861894102547227,0.2305285571892143,0.09791244270644446,0.20806482289374043,0.05890276546870693,0.16455967235061658,0.2024076247929427,0.0932709806169206,0.09642921328907268,0.648943874931279,0.026877457436474194,0.29367586997222306,0.02403762142524574,0.17766722994015133,0.015375574600745297,0.18127072353965246,0.0494953584290886,0.0685695191604187,0.149161638630559,0.20320088667101166,0.45210141613121463,0.0012725955699707753,0.19929425331566308,0.04107107500582867,0.03422114290780871,0.11653311233250858,0.6762980649878645,0.15892889659505594,0.04137990708287824,0.5522236772601854,0.1275956415903481,0.21366204963116703,0.01788116998870734,0.22963094936955733,0.6260953702769992,0.26793271038182737,0.5670004701568031,0.3920712664798624,0.48964255388737316,0.014749098831070106,0.34183288926180244,0.048718356070284866,0.1674950541939953,0.7376466679747243,0.6946528788394053,0.2680092828014101,0.49270384305111986,0.5794972180053668,0.14092561002597642,0.0948966321727655,0.18225727891797014,0.7165481338694467,0.7099561905044203,0.10836867310436152,0.1602698010262742,0.023273784906637535,0.05158415001823379,0.18458525639552792,0.09701043894899969,0.08255958651343838,0.40720784894182566,0.1856891609257376,0.19433444838787842,0.6938830416531506,0.6957764246303533,0.018732431936550952,0.1630114868565989,0.21260397555503577,0.24716102579310775,0.2281527678501936,0.09992419332634418,0.3521576610713002,0.43915684613838163,0.6362414677620072,0.05960321464475209,0.7701875311356116,0.49971767378204773,0.4129993715749745,0.37563678105300524,0.6630173012414261,0.14523756331706167,0.13346031006419706,0.46059668746153093,0.24665639815105322,0.4311789006451804,0.2635947151859149,0.11719857948685107,0.07053324905018671,0.3888337303683809,1.0925545706778885,0.044974031821471236,0.23411104738574817,0.004920899881982064,0.21140248832543151,0.3006309546836768,0.49875235608289853,0.8939881521297197,0.6417488084027613,0.7360104486413723,0.278916593732229,0.6159255173825012,0.6748304965514218,0.029770664932210214,0.8278353787544269,0.33047335520595256,0.08015396963108792,0.37498776586381205,0.7502264984296099,0.07540817169367388,0.5222474472173748,0.150035324862893,0.07090268428006666,0.04099038083219029,0.15829213063050795,0.1405077990075985,0.17783779964576574,0.030177829689190284,0.1004461312218731,0.2975695428389524,0.03968712976467728,0.09498511799361453,0.10098360701377271,0.030792736254302653,0.22888439735410865,0.6389933289859195,0.13950720896393176,0.16426950700975426,0.5262445011857628,1.1880202823129824,0.12357756897519136,0.044560479232430276,0.7350386371033116,0.08310960571565583,0.5679583918528153,0.34182344261087405,0.07963383671717024,0.29679385756101995,0.228012643000888,0.004763813905636726,0.23477551248540615,0.11467558443695185,0.04510434881632573,0.007488926582041585,0.7127417480547579,0.07078055822002,0.3343519201692582,0.33640315925388503,0.12667841703832108,0.4722904615831874,0.021470481390651112,0.15893641976828188,0.1554231396784238,0.33679696766177813,0.09237827933075189,0.180114987668278,0.08787362363786674,0.0919501366112553,0.3533470128985851,0.17587629648106978,0.4336091448537357,0.1571507336345246,0.12648041380625402,0.7499186676652789,0.1774749519957287,0.023212909682691216,1.0002783641365474,0.15469488568842882,0.3602444676229055,0.09804483849526481,0.16864035011085243,0.2625153844894544,0.05893584202219883,0.07255855268457814,0.16024804088599987,0.07753745932881903,0.016547735971678322,0.17216772102088496,0.023845164140020525,0.10046481894579655,0.44846123379308667,0.5227043660808176,0.142752580850236,0.414446854698178,0.3077776978160017,0.26755237067404986,0.3892512092324673,0.6047126190689567,0.32144178514484734,0.13341571794158752,0.06447764317626986,0.035466036829975955,0.44000887216558415,0.11596941769768486,0.08679690533965126,0.4868091257976964,0.4153128652499685,0.13706340071023382,0.29416691900479763
KO_70,0.20288479794530329,0.2509507933623912,0.3686009382273258,0.23053098653503767,0.09791555564189028,0.208047935897177,0.05889806225503697,0.1645650280466435,0.20241178288738626,0.09326481289181718,0.09645550664398624,0.6489887534093107,0.026872119466615232,0.2936645535529434,0.02404561455491199,0.17765553649194057,0.015377836583918631,0.18128774840586048,0.049487163004318095,0.06855406667375549,0.14914791345434106,0.2032303944309447,0.45207041601195774,0.001271919572175974,0.1993191342618756,0.04108008075689277,0.034223391021624576,0.1165269170945934,0.6763166914776283,0.158912512679692,0.041383416366348034,0.5521598137780548,0.12758470197794322,0.21366443287156575,0.01787910965342352,0.22962551003453602,0.6260826918487098,0.26792973684457866,0.5670550711654839,0.3920321830956898,0.48962798331717006,0.014750910053617563,0.34184820448308617,0.04872066234356469,0.16750016163822898,0.7375988330615185,0.694607811947575,0.26798434974632385,0.4926977930127316,0.5794526049302624,0.14094193087367013,0.09490547782594624,0.18226576252926335,0.7166016532783746,0.7099178490285358,0.10837024114739552,0.160286983449963,0.02327567881585533,0.051578946907040214,0.18455247970603425,0.0970174633439345,0.08256254363282645,0.4072425240404091,0.1856920080173479,0.19433094352675276,0.6938711694282734,0.6957812179509266,0.018730482742535894,0.16303887135971928,0.21260351558407756,0.2471637875324504,0.2281161041242877,0.09993886377890823,0.35214914747614046,0.4391015383216005,0.6361820321789279,0.05960443631482837,0.7701409767381665,0.4997341568991874,0.41295346847457326,0.3756128606835509,0.6630038713681924,0.1452501212501271,0.13344520556313233,0.46065838614593024,0.24664545611279634,0.4311156148802575,0.26359170456799697,0.11721434208039565,0.07053666917497335,0.38878972026448677,1.0926447947588753,0.044976287633788935,0.23411041535358612,0.004919617547255094,0.21140568030814813,0.3006383827780143,0.4987281923576579,0.8939573944220498,0.6416966923955582,0.7359856921929538,0.27892415258025144,0.6159978570663994,0.6748336392961517,0.029771010304205404,0.8278855331055855,0.3304811386545782,0.08015450963138732,0.3749986620345254,0.7501821519991596,0.07541282077538149,0.5222218193841573,0.15003846720555036,0.07089670883268805,0.040992766547912056,0.15828746802925275,0.14050899109907428,0.1778567726631339,0.030188548664157305,0.1004488557777784,0.2975433905277137,0.03969128042531688,0.0949971858692496,0.10099223377643028,0.030796772845352604,0.2289081145712569,0.6390126868349871,0.13953834323088404,0.1642625053989953,0.5262540211632161,1.1879983375964203,0.12356270814062666,0.04455996090573184,0.7350848646479102,0.08312437722922505,0.5679797011997633,0.3418062329917175,0.07962846774722476,0.2967980076923793,0.22800791323606312,0.0047661955117816596,0.23480939693144043,0.11467856366256735,0.045114087471843714,0.007490704977054887,0.7126939161943902,0.07077890822173091,0.3343442714677106,0.33638263581126854,0.12665707722348432,0.4722896380917748,0.02146968529823595,0.15893238428555892,0.15544446608728352,0.3368333595879557,0.0923813643198582,0.18013630891186305,0.08787610722165733,0.09196079101768952,0.35333633922540647,0.17587699919116365,0.4336303172758992,0.15715784051627274,0.12648416169028331,0.7498613725612162,0.17747392042610052,0.023215099583694634,1.000228193953942,0.15466077063443173,0.3602781205290368,0.09805984790524085,0.16864692427628794,0.262513088273843,0.058936748587577636,0.07256561435604657,0.16025957998233642,0.07755157168564716,0.016554890050641185,0.172187857103573,0.023852622075975962,0.10047606084496373,0.44841403466765195,0.5226905002399342,0.14275950367442353,0.4144347008923082,0.307800805372559,0.26751667067634183,0.38925393208487474,0.6047718506170556,0.3214704420081427,0.1334005901071042,0.06449679408582519,0.03547342135373247,0.44000882163124194,0.11595361157107403,0.08679905591239072,0.4868541294759492,0.41532360958330417,0.13703863748865722,0.29417958793376425
KO_71,0.20287646222189756,0.250917900079932,0.3686126112024402,0.23055661669751984,0.09791811075769014,0.2080387141777426,0.05889763444973479,0.16456522836753415,0.20239123750562263,0.09325778028953796,0.09643785543354555,0.6489683986626342,0.026875193797798794,0.29367668917585554,0.024041724090849613,0.177662780963289,0.015373010116044784,0.18126283125300405,0.049492257009316365,0.06856677095486466,0.14913299324656124,0.20319650065130335,0.4520789224072768,0.001272975727432016,0.19928911576461633,0.041080405827273084,0.03422998139312773,0.1165354583661183,0.6763311342174132,0.21452326284141957,0.04138160999812601,0.5521857821090823,0.1276003865816176,0.2136761618151438,0.017887108165068683,0.22963045820707645,0.6260155482255902,0.2679461375212996,0.5670456274912395,0.39204318850815073,0.4896610569701315,0.0147463446630092,0.3418646667309583,0.04870822434392555,0.16750479903180812,0.7375763008848519,0.6946484862652262,0.26799049525042773,0.4926902316578926,0.579504333818939,0.14093070666162352,0.09489703780940228,0.18227449124827252,0.7165692351951105,0.7099268783090754,0.108379382742395,0.16025647100468862,0.02327213726877536,0.051581292554156145,0.18456504740430238,0.09702809058526979,0.08256906939598187,0.4072333122113217,0.1856732662527167,0.19433608440757863,0.6938459591705953,0.6957757310272719,0.01872474506005283,0.16302231367092912,0.2126089714964775,0.247137557289797,0.22812918232299156,0.09992792392352699,0.35211597452651694,0.43909533950802765,0.6361587459336546,0.059602529515869675,0.7701922088356699,0.4997304180086051,0.4129422781622832,0.37563671702102774,0.6630008065992538,0.14523650973659877,0.1334569430618659,0.46063847711357403,0.24664547521407162,0.4311983149474688,0.2635946635539579,0.11720587859335105,0.07053072681108306,0.38879709127307077,1.0926617737684585,0.04497637120822548,0.2341299375421822,0.004920716453986669,0.21138950298361947,0.30063324381762185,0.49877257214281806,0.8939601337148118,0.64173131747377,0.7359797002624422,0.27894407634054336,0.6159298442183004,0.6748195709856035,0.02977700842953557,0.8278547579303225,0.3304674524142234,0.08015324898373799,0.3749762191090046,0.7502160272489112,0.07542431653147727,0.5222230488875772,0.15003229050924566,0.07090395460487713,0.04099317698170699,0.15828864467490436,0.1405158451214008,0.17783296592947648,0.030188442185411973,0.10044434463173738,0.29751493253048505,0.039684089117839605,0.09498878968350159,0.10098322272261527,0.030790263178330914,0.2288754385534669,0.6389699073640213,0.1395464512147384,0.16425193105854105,0.526238432464828,1.187973247918297,0.12356693992493928,0.044564548299852645,0.7350826609397946,0.08310514706693528,0.56794541350631,0.3418096995900416,0.07963572068538666,0.29678920207669207,0.22802496991063792,0.004765962419802167,0.23477949461161146,0.11466207802100571,0.04510752361315753,0.007491436037746541,0.712743649498693,0.07077564944870744,0.33435843739897797,0.33638554634923273,0.1266543993317591,0.4722714468222737,0.02147547866465671,0.15892640134742855,0.14409771353567266,0.3368019479604478,0.0923799057296632,0.18013428587449826,0.08787653285036844,0.09195971035819565,0.3533332360379798,0.17586973291989808,0.43360947407434247,0.1571425545893018,0.12650390674577114,0.7499185579796089,0.17748010802910186,0.02321012837629155,1.0002774939126895,0.1546561124793514,0.36028396316481903,0.09804486747377647,0.1686429145886649,0.26251927512538326,0.05893133050056384,0.07255903745774626,0.1602507319616441,0.07753917414638918,0.016552727190907824,0.17218055482874053,0.023847921827958116,0.10047181481824846,0.4484284161011631,0.5226799550490139,0.14275829407685464,0.4144137025943115,0.3077875976688286,0.2675267404551136,0.38926430614409113,0.6047278645763594,0.3214454814600392,0.1334072459929306,0.06448924653499238,0.035474227102154934,0.4400516611270848,0.11595640267298249,0.08679782562094926,0.48682463414744453,0.4153326487242908,0.13706411483283057,0.29416301014388
KO_72,0.20281790354302537,0.2509871884174459,0.36855115878597117,0.2305287881818657,0.09792195444092239,0.20810892585914534,0.0589221569081937,0.16452643024033312,0.20240229883495192,0.09324865805068307,0.09646264448728004,0.6489687111836374,0.026872925736832875,0.2936555983855632,0.024042087430962193,0.17759426036615392,0.015382182384219971,0.1812739878839078,0.049493023065857775,0.0685988573269247,0.14913629123160474,0.20273949107236205,0.4520576280829283,0.0012741949332972997,0.19929068266083613,0.041085899365671696,0.034221697174040895,0.11655670309592053,0.6762586837884038,0.15890588397838812,0.04137977170123091,0.5521738242175763,0.12761744991739368,0.21361273238525225,0.01781876803585841,0.22950038071236226,0.6260871018531601,0.26786269615210806,0.5670087098613518,0.3919915647541505,0.4896324103966403,0.014750515963413615,0.34190358188265546,0.04872907613651498,0.16749472825303935,0.7376296656623645,0.6946290950513595,0.26804145015612574,0.492745713401864,0.5794978406867057,0.14091662072488204,0.09488306183507937,0.1822614046050684,0.7164831056159174,0.7098709511764679,0.10838800447525791,0.16029175063729528,0.023269106065828767,0.051604657591164046,0.1845532935998675,0.09703402129434319,0.08257864663355499,0.4071711788573864,0.18572968559449576,0.19436182413571962,0.6939390148527178,0.6957451158107241,0.018728525386930896,0.1631025065706924,0.2126227707169599,0.24711311362526578,0.2281722759613307,0.09991024868535944,0.3522510272608316,0.4391346476807261,0.6361907636971905,0.059611377227945045,0.7701399308451834,0.4996868918380235,0.4129423514849021,0.3756370818208584,0.6629858251644657,0.14520254590105588,0.13342050892061674,0.4607410041679732,0.24662753849684876,0.43110440569949826,0.2635748369635614,0.11723203685525216,0.07053720172205286,0.38883011752153385,1.0925118111033225,0.04513213438132013,0.2341945404732538,0.004920060298119184,0.21140955634015374,0.30059507341891023,0.49867310170596363,0.8938879592989624,0.641640673327773,0.7995011115845384,0.2788998798002952,0.6159005459618156,0.6748163622130423,0.027211189236354755,0.8278785162820266,0.3305131935371205,0.07184942686150741,0.3749218745076887,0.7501819870600169,0.07541874021848821,0.5222515467418076,0.15004578646643804,0.0709133275270225,0.040995520585600374,0.1590850390390419,0.14048669364664793,0.17786451734255201,0.030192534630581795,0.10043258166165153,0.2975825996775125,0.03967771657337711,0.09499934177042901,0.10097349535997636,0.030799845751246033,0.2289119829070897,0.6391020106274184,0.13954714754178468,0.16428445024258623,0.5262795739518302,1.1879814952065022,0.12358382085260917,0.044551861647476244,0.734995142190062,0.08313457258383979,0.5679186936856987,0.34183735702948204,0.07963134103571291,0.29677682815896866,0.22801067750434592,0.004765943233535051,0.2347521788482304,0.11470717450735401,0.04510570082633863,0.0074909817259948795,0.7127131555461509,0.07077941937971512,0.33432826703354734,0.33641121375151317,0.1266820404748834,0.47226408211986715,0.021471430183971026,0.15892890074959087,0.15541692943515173,0.3368450097235455,0.09237196344309272,0.1801039812567304,0.0878766456305171,0.0919602656390485,0.35335268088137867,0.1758921617917589,0.4336307807889939,0.15714548774941206,0.12649390568406832,0.7498750906130512,0.1774929740817429,0.023211804126789505,1.0002707298666014,0.15468560721699287,0.3602392985049284,0.09802730952604093,0.16863826060941312,0.262473068921828,0.05893807783531228,0.07256193630476124,0.16025093542329794,0.07755772665253141,0.016555628203542404,0.17219446002433836,0.023851932780752882,0.1004781206637115,0.4484657976238205,0.522654625984649,0.1427543532016065,0.41437756620995364,0.3078339833181431,0.2675605387543652,0.3892539384117893,0.604738008676813,0.321474310142051,0.13343094931178281,0.06450231368332536,0.03546153681493688,0.44000469692585104,0.11594892517151852,0.08679380752894889,0.48683105953740907,0.4152986562137519,0.13702869808438797,0.29412812095725155
KO_73,0.20227483712692762,0.25128185646924056,0.3683975665063198,0.23069836767589982,0.09748562631377099,0.20901540669400384,0.05942817982840122,0.16451207895378414,0.20218678585574706,0.09319994634109817,0.09998033079748245,0.6498793252027277,0.027101706859355642,0.29389640854309573,0.02401482994617758,0.17768189358011724,0.015485723924314259,0.18138676538888546,0.04906088356339381,0.06843168163446658,0.14287731625748545,0.20336485830123624,0.45486531123274815,0.0012747541921027368,0.20154940440260083,0.04072873762071751,0.06581421134023815,0.11652482003623886,0.6785656162016701,0.1610623193106353,0.041440156306637464,0.5521363114586669,0.12772953911449517,0.21365456686424772,0.01790325631361119,0.22971995678759116,0.613133618710402,0.2653934440543363,0.5720702966320409,0.39185549521472834,0.4893431905444891,0.014768541448038693,0.3417533873191481,0.04898398173886581,0.16754483948036028,0.7392778730796056,0.6944917591488193,0.2679053861716631,0.4908332282730429,0.5791991504381683,0.1370974121651731,0.09477836876926576,0.18248456146702813,0.7159667823116521,0.7093596752802028,0.10829261186953383,0.16088875521704585,0.023257825348339506,0.05172390953696835,0.1844233921611469,0.09706377926592823,0.08267108418056121,0.4070840033907424,0.18596067788110343,0.1945113865694119,0.6940508983841517,0.6950598286745724,0.0185147186076169,0.16294216420562177,0.21254997111017956,0.24694584018480398,0.22095342907898516,0.10310449472539654,0.353461818153751,0.44094839913426476,0.6368050483701608,0.059527758005711334,0.7699182269607229,0.4990118413274139,0.4133665081149532,0.3758916320823576,0.6630452947654875,0.14538725309578587,0.13501468324189536,0.4598047943338613,0.24672119990052452,0.45453368104236413,0.399665567216453,0.1174689745936587,0.07060050489624366,0.3892160678140548,1.091845728755529,0.045163131378169886,0.23418721114300453,0.0049524978989629095,0.21003189418123958,0.3006239356877061,0.5001584328489909,0.8940518579004665,0.6414721070753487,0.7339388178364442,0.2779790810742468,0.615556645929586,0.6748242437091637,0.030760642145781926,0.8296311827624206,0.3306287221127235,0.08037864855363223,0.3745299632078565,0.75027514410018,0.07550693039726669,0.5118733798032368,0.1503521173238906,0.07096358762928597,0.040975820021944144,0.157633971561361,0.14051645213147124,0.17782441508480154,0.03023126346252579,0.10031919662283398,0.2975263002994466,0.03964218569263675,0.09506229912071375,0.10093350349676625,0.030856052465960397,0.22894686742256046,0.6396223670356902,0.13904609526533523,0.16450842784195302,0.5261041702093437,1.1879896350611359,0.12359735914074495,0.04450959955973032,0.735400799574901,0.08323293281935548,0.567558995997097,0.3432565717377137,0.07972989155950388,0.29593509788037897,0.2274870921052166,0.00477000213008218,0.23438808703654385,0.11476194093925028,0.04824795783228784,0.00750172085600541,0.721882757689005,0.07244201362699576,0.3340034170490517,0.336622888643142,0.12678686089653246,0.4723710433063957,0.021444468172004773,0.15652893000106055,0.15497872998486595,0.3369178544694687,0.08950211019257343,0.17994645073583918,0.08788442895563309,0.09201080020126201,0.3534176107490231,0.17584208304472732,0.4456577185976575,0.1571642962862571,0.12659299280005096,0.7547688762116371,0.17747869445506728,0.02321761246777153,0.9978254921311565,0.154778005680746,0.3607973456761218,0.097955351203106,0.1691478132845131,0.2626208324791681,0.059026434940551716,0.0724888160557297,0.16031373789275685,0.07756690039177618,0.01625347518102245,0.1721701213046765,0.023863975285036382,0.10047387630095891,0.4488470817119595,0.5223403827694839,0.14260023511072167,0.41431887689202335,0.30809071160566925,0.2678424589617491,0.37962042841224825,0.6044819382089613,0.32157220154356403,0.13342270911560747,0.06451648936574109,0.035341872481357235,0.43981669094461795,0.11604916704192252,0.08679044286066324,0.48623708377705205,0.41550925946889883,0.1370747942492641,0.294503748675623
KO_74,0.22911047332956033,0.2371556672986587,0.37636551797073386,0.2501783095709414,0.08047556496785775,0.09974771706814126,0.04639931158809062,0.17028290662462742,0.20172853732353682,0.07755919993124706,0.09345749971035974,0.6375754188887448,0.02915007678361907,0.2866395955228894,0.025216446289849925,0.12074857485406504,0.014962298833223241,0.17592845096464085,0.05810785494386268,0.06488858524071668,0.1486602494844488,0.2131532582524103,0.46303239982737787,0.0012196721762211902,0.20754107127307742,0.03972370596406513,0.044096539653590894,0.11168450772421738,0.6965807958687299,0.16874083763483655,0.04084577704888112,0.5605199140313781,0.12158839457310026,0.20339891197702306,0.018664157118303243,0.23556433442428046,0.6255258750729528,0.2931859740548952,0.5782958591026879,0.38542218057628597,0.48280670462319913,0.014136068949944113,0.34392678784624703,0.043812031758602085,0.16083212281993167,0.7211090016770695,0.7159229831383898,0.26534889236457204,0.4555194363798038,0.584808634476002,0.13227703368787372,0.09989058442455377,0.17271762371660554,0.7408572973459592,0.7351383478954,0.11131056657104554,0.15270904976303074,0.024010750510641783,0.047815500204000765,0.19142466955679327,0.10568579205172521,0.078701217393913,0.41360024721005045,0.17838514080017864,0.19211683238626007,0.6755769987914843,0.7098253604648538,0.01812788198209201,0.15391520936723702,0.20936634931874082,0.2549323358441775,0.2057029168605748,0.2566597523358433,0.20396341758033448,0.45499753712334345,0.6351984730967474,0.06215282962511805,0.780250233216152,0.5225796343461595,0.2747833870400638,0.3638417558580917,0.6634297819557451,0.14531887989189574,0.14037548164621738,0.44636242115816427,0.24311409692577307,0.48066871634084246,0.30823980131792256,0.10838922949892248,0.06580960834252855,0.37181903657756127,1.1009682032987154,0.0456866685816387,0.25553277839870636,0.004786759464469165,0.20650258855235798,0.30511046732671443,0.523263625665448,0.8930086381795094,0.6555184993906928,0.6274867318590214,0.2852346760051175,0.6130479457711403,0.6744618236169099,0.03825846941201185,0.8263034407088197,0.32986061752905377,0.09726835290593054,0.39440964347444596,0.7383399737474665,0.07212747042651323,0.4961539600149807,0.14417089082115553,0.06971554339629264,0.041128650866829985,0.16035741342467147,0.14523025065392572,0.17398878600496875,0.028971391839288537,0.10553749473316668,0.30313772255742105,0.041627764668434666,0.09213155091566196,0.10249986623591868,0.0281030738388365,0.2257324793462262,0.6202116397891521,0.29249994587363964,0.15453766128221202,0.5256115733901974,1.181284443102212,0.12334506254059674,0.0461661023832721,0.7511290318035855,0.07764749933602351,0.585083187855274,0.33966305731873164,0.07788109623078386,0.29438107406931086,0.23069410834476983,0.004618496888950957,0.26917958076990595,0.10146748750180395,0.04607876511371484,0.006933864087893133,0.7321696506700189,0.07357101348096003,0.3677541555107654,0.33160397336696446,0.12214401653540241,0.4636628248997661,0.027772950286536126,0.15293910845335676,0.15431309622183487,0.3330290201487936,0.0914694145170894,0.18792219775237873,0.08790449420328181,0.09092136469762302,0.3531785980023971,0.17541820784832923,0.4373654206457717,0.1595017885134176,0.12163994201330008,0.7602672082481672,0.17603300189642304,0.02276646034338051,1.0036867853315317,0.15071332052833455,0.3621239103298096,0.10232506313700324,0.1706806866600042,0.2754850910284504,0.05518453478882032,0.07624709290251536,0.1585727631901311,0.07670517730904504,0.015959807903862398,0.17230736498990923,0.02312446578677833,0.0999416192490812,0.44778413793824523,0.5396937941066596,0.16806813933624637,0.4180823857027868,0.30142975089500507,0.2537679655882882,0.3862220672883191,0.5944711449493326,0.3177504349572709,0.13127915445215835,0.0635625849879029,0.05235154151102631,0.48402689983422065,0.11631136296123396,0.08668670388675938,0.48475972912873644,0.4074231828392362,0.13704848630291888,0.2999316752888794
KO_75,0.20288554735657696,0.2508881641041125,0.3686250032877746,0.23055931548969175,0.09790520764672601,0.20802022678235538,0.05888865558008501,0.16454771005247332,0.20240835054696785,0.09326289023018117,0.09642884554597747,0.648983853705602,0.026880468101688385,0.2936624495336673,0.02404561556865815,0.17765642818955932,0.01537413765089488,0.1812862549291051,0.04948749092272153,0.06854454858826718,0.14913404216935114,0.20319865326730305,0.4520969874055249,0.0012730423383033491,0.19931777494879288,0.04107842105268664,0.03422961176617391,0.11654091574180343,0.6763997005318186,0.15890961266024015,0.041380512568088654,0.5521871798268204,0.12759559966188092,0.21368584454648645,0.017890427573171733,0.22963039331744772,0.6260507467055103,0.2679367866269929,0.5671363434207042,0.3920481338508371,0.4896390684036709,0.014747222644949456,0.3418520756350426,0.048716216584850834,0.16750232747284355,0.7375842002857201,0.6946252775425236,0.2679783222162884,0.4927003197800528,0.5794994443327494,0.1409247085753644,0.09490315428301259,0.1822791677954454,0.7166166623301028,0.7099606713937819,0.10838282647001084,0.16023527592831216,0.023274606126829914,0.051584384654625545,0.18457035582745682,0.09701847864686095,0.08258423170843968,0.4072555712787468,0.18570087764447968,0.19431090755803898,0.6938067419542774,0.6957948453146336,0.018723548543544685,0.16300878549737402,0.2126104965861921,0.24718248621845293,0.22814857198485572,0.09993430990641408,0.3521014147093833,0.43910101068923724,0.6361942869671618,0.05960558564859326,0.7702146947730348,0.49977671554194103,0.41295105654905495,0.3756298554496359,0.6629985820105344,0.14524501240271664,0.13346337846166223,0.46064689322865615,0.24665431973008134,0.43124370494726155,0.26359234331844766,0.11719745493083898,0.07052881295340907,0.38877681786275586,1.0926362171109676,0.04497236308485028,0.23412513167016524,0.004918111674375046,0.21137970750924695,0.3006279714447884,0.49877365478812585,0.8939906791450372,0.6416928776546728,0.7359920354813329,0.27891205321047585,0.6159088532573043,0.6748016661505377,0.029782778193560594,0.8278618137589524,0.3304703066656855,0.08014750625765425,0.37496955885731315,0.7501726267604046,0.07540364554150822,0.5221618677841419,0.15001998215244527,0.07090180178994683,0.040996417454996104,0.15828516871988346,0.14050837800747543,0.1778353012448426,0.030188942408125672,0.1004614693052219,0.2975295967620284,0.03969060196499658,0.09499715063944195,0.10098976314234911,0.030795570941606773,0.22890160951815902,0.6389831666615667,0.13952644450527693,0.16425292700138483,0.5262550587823543,1.187994964747116,0.12357281879540345,0.04456365540693871,0.7350323628914703,0.0831159799557141,0.5679136930039219,0.3418286842492376,0.0796393640229867,0.2967969924483214,0.22799599232851833,0.004764365148118575,0.2347780395867969,0.11465505348493818,0.04511443422343284,0.0074914199122293615,0.7127806559297265,0.07077378093493346,0.3343880263951483,0.3364050666625655,0.12666083220133378,0.4723039318481968,0.021475708367836122,0.15892632353326097,0.15542261655617512,0.3367712828514865,0.09237822891886151,0.18013222799820508,0.08787715153678954,0.09195510467946603,0.35333846554614495,0.17585986919462257,0.43364400908499995,0.1571364584282362,0.12649622611610414,0.7498965859754881,0.17746753011127483,0.023211825862385637,1.0002675765970288,0.15465808774982126,0.36030118398694305,0.09804112761854793,0.16866528118871427,0.2625203062736534,0.05892593832730924,0.0725727539486781,0.160260348959845,0.07754619855371798,0.016550496892050213,0.17219785179162592,0.023846493677157576,0.10047593740683379,0.1446624250887352,0.5226716642783465,0.1427599053843518,0.41444158192202085,0.30780358203035024,0.2675272758539477,0.3892517562577046,0.6047166959392184,0.3214440753394652,0.1334011620063997,0.0644836355004285,0.03546647272310243,0.4400396262029752,0.11594284836388027,0.08678517980643702,0.48682302639272296,0.4153271375573916,0.13704782737907228,0.2941543159180728
KO_76,0.20285127093784308,0.2509490364810353,0.36856172183565983,0.23052562587050132,0.0979192258496076,0.20807594198116672,0.058919460387238914,0.16455193075203314,0.20238976312386253,0.093271582956532,0.09645691180162003,0.6489670934571447,0.026880763342119807,0.2936198592726355,0.02404040439852993,0.1776292017386687,0.015378816134898384,0.1812784662392749,0.049491396901809766,0.06856586397607627,0.1491184812233602,0.20320908830530282,0.4520390648709997,0.0012728307665229512,0.19929719052126255,0.04108393814169683,0.03422553838749183,0.11653618635824882,0.6763005070391049,0.15890903328684808,0.04138690213259769,0.5521999110277094,0.12759213782534232,0.21363859409241404,0.017882956798780634,0.22960822937053985,0.6260339790755641,0.26787829658797047,0.5670468951808015,0.39203954831530363,0.48969457125798055,0.014749760181151313,0.3418413084095087,0.04871470733644046,0.16749290636577524,0.7375873801753927,0.6946179695003118,0.26800302510906526,0.4926656092899319,0.5794762328758918,0.14091690380807775,0.09488948319323247,0.18226852253714482,0.7165099664859692,0.7099366055204119,0.1083738866510541,0.16030084591393534,0.023280992857250653,0.05159849093746088,0.1845399624907681,0.09702213010892058,0.0825659608930696,0.40721015219360845,0.18571678667380812,0.19432491851928746,0.6939190181202982,0.6957510282491904,0.018735176066245404,0.1629857294780716,0.2126086212659918,0.2471520987188687,0.22815129869135525,0.09990722821949845,0.3522105719804135,0.4391147874921182,0.6361932853101244,0.059603631219492796,0.7701331588810095,0.4996566252581948,0.41294351465898654,0.37564682797178556,0.6629734335235179,0.14524551207819889,0.13343516689576082,0.4606548550896,0.24664560837399735,0.43114956113615543,0.2635826696955295,0.11723645589331537,0.07053680786292131,0.3888491207842795,1.0925033051149318,0.04497640605873812,0.23409843867076005,0.004921198746297425,0.21140579228421025,0.30062602736524113,0.49867053196317046,0.8939409456576837,0.6416669577478249,0.7359583355308731,0.2789042903275974,0.6159338479903436,0.6747709691195739,0.029782510074847238,0.8278309020796676,0.3304746128496327,0.08014906224458555,0.37496946605462733,0.7501277785753719,0.07541650961794372,0.5222308605944217,0.1500219241986907,0.07089941069381787,0.04099105984549423,0.15827037901480842,0.1404898688235333,0.17784387258583267,0.030194204126396913,0.10043514370864642,0.29755853753954437,0.03968787783602838,0.09498998477175655,0.10097818948376398,0.03079919393900632,0.22890191765306936,0.6390279279396113,0.13953108200100053,0.16424427310090264,0.5262442640923288,1.1880404725079157,0.1235716292137702,0.044564500013168536,0.7350501437906249,0.08312262752846157,0.5679371362515073,0.34180068940135605,0.07963528960503605,0.2967904083581226,0.22800566531851088,0.004768526362639294,0.23478870510998065,0.11468017893324536,0.045114559059407054,0.007487367840523825,0.71274748888182,0.07078648301557627,0.3343507869842551,0.3364190023287133,0.12668979732902325,0.4722506848853039,0.02147629200267041,0.15893782380552832,0.1554263674426549,0.3368300108793983,0.09238484980178245,0.18011673735509728,0.08788316464593712,0.09195195669970622,0.3533497046323581,0.1758866960278601,0.4336295341132299,0.15715725398678032,0.12648309865032445,0.7498798245476146,0.17748294697156167,0.023211572660142135,1.000263318180179,0.15469330464765263,0.3602383359120685,0.09803925391209838,0.16864412056906458,0.2625150057946308,0.05894768144950204,0.07256256117025883,0.1602316966110156,0.07755704314461476,0.016550536181719772,0.17218467937874127,0.023852923796057544,0.10047443991042815,0.44841795738302986,0.5226880529032502,0.1427652361187687,0.41438531339319973,0.30779641650343464,0.26754705852595123,0.38925455303608253,0.6047688789432281,0.32147163409082385,0.13340406124477236,0.06449320912720949,0.03546250760625259,0.44001043505025783,0.11596701169048065,0.08679501334071105,0.48682255154463255,0.41533697355189414,0.1370586069215596,0.2941594678598608
KO_77,0.20283700303216598,0.25096584827158924,0.3685414569716782,0.23055373777302565,0.0979121588087222,0.2081081625366686,0.05892671747390269,0.1645229431383773,0.20238146581044722,0.09327273191117014,0.09646178107846505,0.6489211273008042,0.026886266372329395,0.29364701843461544,0.024036210007511227,0.17759049146672304,0.015376605028841715,0.18129519732605506,0.049485794124871384,0.06858233547633198,0.14912925780501327,0.2032131921168257,0.45206558373133054,0.001272729325237311,0.1992840660976851,0.04108262785978437,0.034236002716980296,0.11655893604988203,0.6761977456684313,0.1589097171472214,0.04139206337382218,0.5521763226646793,0.12759567245151704,0.21362824302634326,0.017883405241853643,0.22956355570669792,0.6260719603752429,0.26787177296990533,0.5669161241685684,0.39202715380876346,0.489660730140714,0.014749774689231717,0.3419188802333423,0.04872838939928637,0.1675086958313977,0.737597567021964,0.6946414837107214,0.2680056569221145,0.49273800441869947,0.5795295656193162,0.14093196788627116,0.09487931461401196,0.18228113892569128,0.7164544291875381,0.7098849878684961,0.10837716482049084,0.16029605277746195,0.023276708503789073,0.05160023436590471,0.18453826945893953,0.09701078200001409,0.08255705846832426,0.4071917521132867,0.18570053891226676,0.19434343278116134,0.6939442258686608,0.6957125417962637,0.01872895381463172,0.16299021401252628,0.21258663984073392,0.24714615173753926,0.2281587725089919,0.09992281077404995,0.3522490546233194,0.43914035610248703,0.6361598571611466,0.059601859457589994,0.7701094909899898,0.4997027902839465,0.41292903727818536,0.37565521443637284,0.662982253671316,0.1452561421305075,0.13343872381992036,0.46065799849624534,0.24663500498478869,0.431070615974651,0.2635518639545818,0.11722255897646629,0.07054798014876396,0.3888222619881935,1.0925495271036407,0.04497294612061308,0.2341878728711642,0.004922211876709011,0.21140674683705712,0.30062633530920185,0.4987175460053549,0.8939257984945946,0.6416486777304801,0.7359842971159165,0.2788959255621311,0.6158537405679202,0.6747933621234381,0.029774025834467976,0.8278119242443301,0.3305106619371183,0.08013819159089439,0.3749554176959519,0.7501202254856557,0.07542883378124597,0.5222756331509457,0.15004101307080617,0.07091107880195725,0.040983532878670945,0.15828122056278393,0.1404966331094823,0.1778411721309856,0.03019156877899426,0.10043301218469042,0.2975741728363782,0.03968212449349571,0.09499605677300041,0.10098035723100794,0.030810543018092138,0.22891159007646372,0.6391182511773387,0.13951768522779084,0.1642805598651931,0.526248831689064,1.1879534157679303,0.12356713133407776,0.04455141066302823,0.7350385493790675,0.08312946680988627,0.5679420125490625,0.3418058019491772,0.07963146250471613,0.29681253171481925,0.22798433829310333,0.00476613948872455,0.23474588314078082,0.11469222708493808,0.045107864348776214,0.007489669853711358,0.7126884827291378,0.07078774496429624,0.3343013994026581,0.33640282768621227,0.12668680056512338,0.47223872953363133,0.0214628777389626,0.15894333067361474,0.155441625713287,0.33684279212771157,0.09237464615589597,0.1801201826182034,0.08787620247441433,0.0919669087646627,0.3533519807168367,0.17592055763031272,0.4335992258856952,0.1571739819485694,0.12649329226413863,0.7499163017478433,0.1774890274606755,0.023201616741404925,1.000299089203471,0.15466832836094263,0.3602170710786536,0.09803134913109408,0.16864311418382716,0.2624945269398887,0.05893001798912917,0.07256558537946205,0.16022100968838995,0.07755478745801145,0.016556286709940957,0.17217726376346346,0.023855229460589322,0.10047849298822303,0.4484156385688409,0.5226330162577941,0.14275973870529912,0.4144139196257766,0.30779545353710164,0.2675442403257162,0.3892750979250994,0.604707779288505,0.32146653455101515,0.1334250218836573,0.06449873590947616,0.03546471566118622,0.4399763167804806,0.11596365558949336,0.08679332330001119,0.48684150676873983,0.4153676453750639,0.13705810263939372,0.29415806203685235
KO_78,0.20199704366707227,0.2514392063585416,0.36831210382318463,0.22985819944453403,0.09847395011494356,0.2108333562491171,0.059319572953665016,0.16438969571261017,0.20243405884169563,0.09368769296425898,0.09637453411141172,0.6497907575448798,0.026794726781212256,0.2938893171051946,0.024019108564714866,0.17863857445085732,0.015385744543674034,0.1855234137485515,0.09730828633709332,0.06873771211256305,0.14952124327081945,0.20307304222405226,0.4516107880871114,0.0012750044589953254,0.19888769276078938,0.04085429659803102,0.032176990330070286,0.12486669047934525,0.6754800093550289,0.16203735769272465,0.08429735534993603,0.5673753583175345,0.12780783088881847,0.21385022067794474,0.017883978553298256,0.22951012733339732,0.6267752723881018,0.26720734058065765,0.568629722920847,0.3921559677290268,0.4898893984719776,0.014992594141330246,0.34172029387295144,0.04887801539930969,0.1676584942081373,0.7380760592707662,0.6938776920535031,0.26813326026104534,0.49375088598997674,0.6023777031829242,0.13754449191597476,0.09473305537093842,0.18258169481617248,0.7157092984013987,0.7169529844387222,0.10827531883872378,0.1598326825751028,0.023256886969386603,0.05166509665405877,0.18432719845545897,0.09684136607776928,0.08270474469640535,0.4069868469066849,0.18594377905674345,0.19444793651300948,0.694493279239192,0.6952666406454747,0.050738155819068924,0.16308970801776457,0.21272651114759136,0.2468935541830034,0.21304390368743112,0.09797166624878449,0.3558753581938256,0.4466833462613512,0.6361405241903295,0.05946810114635162,0.76980814133039,0.49896504089559174,0.38928894691792487,0.37601754942996113,0.6629671254017441,0.14532300362011766,0.1332337343926753,0.24774399785221624,0.24676431996325524,0.45139652396962576,0.26257289207991336,0.10964378871135527,0.07069410568612118,0.3893883117709666,1.092270060951824,0.04488538835150431,0.23367653528551177,0.004924568277025919,0.21022160915921342,0.30048346207832666,0.49785063498773713,0.8892066505177648,0.6412194245531451,0.7373303817477864,0.27877929301044735,0.6159936298178202,0.6729786956764368,0.03043740752429166,0.8277466316606177,0.2976569564813452,0.07991765436171402,0.3743358115646894,0.749582519478793,0.07652926509734288,0.5133184997596363,0.15021510502741225,0.0709419856106953,0.040987629098408224,0.17260016038048426,0.14037254478043387,0.17788535111278464,0.02976924891599783,0.10026524009564289,0.29741149362939107,0.03961950102650314,0.09508689634806287,0.1009140804172797,0.030889944097844804,0.13649798115351466,0.6396739455351277,0.13781393134983527,0.16461027103243978,0.526292423905651,1.1881979411364605,0.12358108727800379,0.04450837318510703,0.7345224166542721,0.080773886900106,0.5674054288095531,0.34185297763571354,0.07038411678905114,0.29933609488469254,0.22796352701582961,0.004772132280328706,0.23388134810966643,0.11513448258463556,0.044916387595479314,0.0072203374121365535,0.7207244939880331,0.07223007838943228,0.3334863290739644,0.336542376632003,0.1268339842664556,0.4725084942522431,0.021321670668652426,0.15684713695249825,0.15475060104161678,0.3369633248933302,0.09256622804687567,0.17985495710898172,0.08788024705654743,0.08631484066818651,0.35334505238742364,0.175879331039986,0.432854641977154,0.15706632488305544,0.12664539971821417,0.7542041726593425,0.1775240398810895,0.02330751688057545,1.000302285022386,0.15481361836790272,0.3601779986971535,0.09790723363367612,0.1685513479125916,0.26243344495174525,0.05906344413545923,0.07244904653448381,0.16031563844483157,0.07757795015860611,0.01644496287369503,0.17218643262904593,0.02387601244640109,0.100487272799254,0.44839678746613026,0.5221080934816713,0.1421819781563695,0.41429230089793057,0.30800081852627714,0.26799256384908615,0.38987319027407374,0.6050400068411687,0.32160025561045413,0.13344136165509604,0.06451969867990565,0.035118666696220026,0.4389588947930519,0.11602609049595795,0.08679954339285649,0.4863300766851722,0.41562262130214134,0.1370589141127763,0.38653425749607373
KO_79,0.20282361604325158,0.2509692466321874,0.36854718222022925,0.23050344305078257,0.0979350593711627,0.20813057371719573,0.05892903284630855,0.16452767626648523,0.20237950071371283,0.09327538208037933,0.0964629386495388,0.648895322107172,0.026872098733419503,0.293649444350393,0.024039948802162165,0.17761128039770238,0.015373946908851195,0.18128953851394689,0.04948976978920703,0.0685928589636665,0.14912467098676327,0.2032029250706273,0.45202125193072,0.0012723437505738928,0.1992819648871159,0.04108127196095391,0.03422639585647755,0.1165534701491322,0.6762129350097824,0.15891457177150956,0.04139647671812946,0.5521732694739575,0.12761871054994162,0.2136383866510896,0.017886134267364736,0.22961111299845555,0.6260249500982118,0.2678387830477074,0.5669701737729979,0.3920373467433377,0.48969078065561394,0.014749987562812218,0.34185801360504664,0.04872798192576529,0.1675247483135246,0.7375804047537599,0.6946137498573253,0.2680389120859045,0.492719943411908,0.5795072905128626,0.1409064698184731,0.09488747081282407,0.18228680832683547,0.7164592275181629,0.7098236235768061,0.10837438732534435,0.16029157396055507,0.023280116149899416,0.051604696783815684,0.1845232686746485,0.09703527225389755,0.08258234563375752,0.40718334388548844,0.1857374377805648,0.194327110676446,0.6939254258331812,0.6957323244105437,0.018739148282127742,0.1630192501048306,0.2126096325652653,0.2471283551592036,0.2281647562813948,0.09991821688394686,0.3522515466121407,0.43910087582251994,0.6361779250910387,0.05960280778019445,0.7701058092374289,0.4996214448028412,0.41292092782927353,0.3756398425362374,0.6630057352872514,0.14525407209703214,0.13342677482077792,0.4606605658347333,0.24663796615302025,0.43112776683901777,0.26353856197194403,0.11723315471493671,0.07055443728644488,0.38881963842246725,1.0925449599620018,0.0449770502135407,0.2341352255602428,0.004924037314802579,0.21141483137112818,0.300620886300563,0.4986614510062262,0.8939393737784983,0.6416957339638634,0.7359389178030536,0.2789275653581929,0.6159143075132134,0.6748142642331796,0.029774060888194197,0.8278806002344961,0.3304809572985137,0.08015026805001753,0.3749286715551251,0.7502001057261757,0.0754171411107041,0.5222416751803772,0.1500398477435302,0.07089903599302089,0.04099500885365377,0.15825118678754627,0.14051064999796517,0.17786709270568135,0.030191311405141336,0.10042116294987524,0.2975570362507077,0.0396710080398418,0.09498394872191213,0.10097166304984188,0.030805156398056067,0.22887629831413606,0.6390751008308614,0.1395392722768875,0.16428147132865778,0.5262239714548658,1.188033352326665,0.12357028589515989,0.04455918521306406,0.7349876561891459,0.0831254947827828,0.567930866615917,0.3418158595925412,0.07963868240793077,0.2967950845166937,0.22798489135995087,0.004765790453060344,0.2347553586715775,0.11470844508056605,0.045107505505465294,0.007491461151062299,0.7126958870111079,0.07078402790049894,0.3342954240818033,0.3363821071583712,0.12668965454929193,0.4722614278720122,0.02146879928424018,0.15894340272512414,0.15542777538143407,0.3368155771689436,0.09236993131998161,0.180096285383723,0.08786751035617442,0.09196231909063175,0.35331488434591996,0.17588515452814255,0.4336437488531605,0.1571702357121898,0.12650131832399897,0.7498819179387869,0.1775066371431194,0.02321054870082771,1.000315684643469,0.15466889615087417,0.36025133978840207,0.09803948451760909,0.16864846551791476,0.26247261181552084,0.05894111066189289,0.07256239471676623,0.16024705773220455,0.07754751967632055,0.016553786085247768,0.17219089857675465,0.023850853650331922,0.10047747544827329,0.448430151563882,0.52263191203268,0.14273475804216068,0.41438609383677266,0.30779356121914564,0.26756438847846775,0.389231946520051,0.604695182805567,0.32145348165120236,0.13341632489257918,0.0645011343092648,0.035466811186320016,0.4399731110319217,0.11595919825961809,0.08679219932729043,0.48684108820788957,0.41535337854527804,0.13706193516930998,0.29416406844032794
KO_80,0.20283786890214017,0.2510572253052295,0.36857238828998373,0.23051410148622317,0.09797097583915416,0.20819220687706028,0.058943408233433074,0.16486305945562824,0.2024326931688181,0.0932747194430571,0.0964777392916563,0.6489651157610399,0.02902413933055722,0.29366799345686817,0.02403256237209424,0.1776244027738634,0.015375928350551918,0.18129931177948475,0.04945223919538935,0.068608012615417,0.1491418482029095,0.20321817092490457,0.45205591781391985,0.0012700614708829286,0.19927190294306638,0.04108173758342187,0.03422198283200399,0.1165140182671511,0.676277935545162,0.15892005524214767,0.04138977963806005,0.5521559469705856,0.09082926982677691,0.21372703645432622,0.01787526717074795,0.22957633889687534,0.626129264217703,0.2677666388877148,0.5670077571988619,0.39204204740079207,0.48968981343668855,0.014750393247941742,0.34188645063463513,0.04873099615321416,0.16751432941773686,0.7376295994776246,0.6945804069203158,0.25802875112465506,0.492761462533016,0.5794865857581292,0.14095572961113206,0.09487015034802151,0.18234660820522886,0.7164250120308446,0.7098428637824161,0.10831286403121025,0.16031608398892444,0.023276980984943484,0.05157694397419289,0.18454586930581846,0.09701993767755498,0.08256784436635775,0.407155929331964,0.1857166061337563,0.19433592318776863,0.6939776556794369,0.6957537257147542,0.01873485533389914,0.16301029136759576,0.21260904041393086,0.2471488811313201,0.22808832450347283,0.09992057454211377,0.352278732774287,0.4390593821033935,0.6309557126528889,0.05958736052387215,0.7699791710427557,0.49966798327554934,0.4129239446837461,0.37567722761691685,0.6630518038182164,0.14523048164062954,0.13341467271419782,0.46065456307997615,0.24663952932463604,0.4310447002343973,0.26359517833285595,0.11724058808565886,0.07054726054776045,0.388807087646236,1.0925858507727413,0.0449679539992784,0.23414074819338773,0.0049546580695521095,0.21139065322941647,0.30064213912177346,0.498958661339791,0.8939560638938453,0.6417385243363238,0.7360151930841659,0.278919774698558,0.6159678231822442,0.6747992404692498,0.02978675668047173,0.8278583207686434,0.33047027822578706,0.08015242914681733,0.3749810861532441,0.7501340596437395,0.07542137634341059,0.5223281824524162,0.15003584440851991,0.07090214072769517,0.04099373973448405,0.15711593223169973,0.14049492801923247,0.17784567956501615,0.030182505387512926,0.10042022172921819,0.2975299976897272,0.03968223297723747,0.09499441477048584,0.10095822143447555,0.03079862327069392,0.22888028326526866,0.6391014060778917,0.13965214777596888,0.16429337557154344,0.5263144274437035,1.1880233478888913,0.12356999959834189,0.04456791212327094,0.7350182533304719,0.08312682620181588,0.5679572116464076,0.3418248129124019,0.07963923505683515,0.29678484479491146,0.22803841037238334,0.0047656196666434215,0.2347272625568574,0.11472086011447477,0.04511505433936614,0.007492753543862818,0.7126542605938937,0.07077141442256085,0.33428623677176245,0.3364104245113084,0.12667816412725422,0.4720566807505073,0.02146065881547103,0.1589571538603633,0.1554393514246649,0.3367940948351938,0.09238199356413482,0.18010215641011018,0.08788323727952621,0.09196140336695557,0.35333893176313863,0.17586293495675492,0.4336321329396744,0.15715317702925147,0.12650872598644383,0.7498622195885456,0.1774195878274832,0.023214204875970895,1.0002778194515454,0.1546696569490158,0.3602637944335909,0.09805092152176312,0.1686445388600276,0.2624910721702675,0.058938684528870695,0.07256986946464652,0.16025068610358692,0.07754069437152229,0.0165499733617314,0.1721944125260038,0.02385188244710522,0.10047348174653023,0.4450896921720657,0.5226344779931963,0.1427233687276788,0.41445151895599647,0.30781229527841575,0.2675422839661429,0.38927930109189973,0.6047360228649598,0.32158743843350507,0.13329989855979324,0.06448563039242558,0.03545173474030178,0.43996692682335947,0.11595798282508654,0.08679454205077035,0.48682841923328646,0.4152928532551758,0.13706528568352663,0.29416462202597693
KO_81,0.20284691329945945,0.25094702020436654,0.36858419659422254,0.23052859078133434,0.09791635809903527,0.2080683323737841,0.05891202685315327,0.16454261422682673,0.20239204710626035,0.09324532729427841,0.0964687201011679,0.6489638799440823,0.026890455146945737,0.2936572664504397,0.02404035342027278,0.17764288246411675,0.015382712322877867,0.18128531596723654,0.049500786572301746,0.06858011688455691,0.14912239337999084,0.20319676716053142,0.45208870570074805,0.0012742401469808616,0.19931207492655847,0.041074306427843724,0.03422217854302487,0.11655282283822949,0.6762972312348613,0.15892222502892733,0.04138605159568686,0.552159351763488,0.12760643742166763,0.21364973235407042,0.017887125842355443,0.2296141195664059,0.6260600798374241,0.2678840100027202,0.567062236467163,0.39202032358194155,0.4896542841481462,0.014755171159475134,0.3418515566099379,0.048727915586019105,0.16751407851620387,0.7376132232413878,0.6946285116217191,0.2680402266892102,0.4927176242795943,0.5794788419166363,0.1409099427294588,0.09488004668196459,0.1822632443889485,0.7165373180763812,0.7098553366673493,0.10837956343406314,0.1602815763230557,0.023273741225723968,0.051589373487281244,0.1845693444190103,0.09702486234193942,0.08256748599804227,0.4072234597104152,0.18570381109130296,0.1943394053469811,0.6938795902626167,0.6957172527898027,0.018734245987261686,0.16301368382955986,0.21260712769078674,0.24713065194409017,0.22814965765146136,0.09992753804412725,0.35220811934152757,0.43915004396997154,0.6361635579959194,0.05960428622171599,0.7701254068661332,0.49968659272746907,0.4129613296116601,0.37564239771907887,0.6629766302740342,0.1452396785811776,0.13344635759319226,0.4606407299011391,0.246651280456388,0.43116572532172026,0.26360087224310225,0.11721316757925897,0.07054705176696809,0.38886941241310885,1.092572317796547,0.044980927820917165,0.23417232378420805,0.004920583877039318,0.2113846397774573,0.30064120414153533,0.4987048173624925,0.8938740451069728,0.6416883208442062,0.735939883644254,0.2789179696886976,0.6159709136643513,0.6748136070133818,0.029777582848494386,0.8278165819478774,0.3304734893012144,0.08014502803190439,0.374963704447818,0.7501628491004272,0.0754229996208295,0.5222169899379019,0.15004100193793082,0.0709153068700233,0.04099353986287661,0.1582817358715808,0.14051522165378186,0.17785555704181633,0.03019200763587373,0.10044437219237261,0.29755528474030174,0.03969645854605695,0.09499931959978798,0.10098846203486248,0.030796225873443266,0.2288737579602878,0.63904571267108,0.1395114901349186,0.16426781943941313,0.5262462652990868,1.1879885078024515,0.1235792144287401,0.04456114093493076,0.7350077081567955,0.08312124657409078,0.5679668849311319,0.3418074520349117,0.07963354260904694,0.2967822763714541,0.22800142141535507,0.004763856130905721,0.23474936556005208,0.11468213563752223,0.04510712324628025,0.00749148945856799,0.7127439276143314,0.07076973975214992,0.33434220658564795,0.33638987283121324,0.12668517822912886,0.4722696971856768,0.02146522358375339,0.15891931436296194,0.15544167354198885,0.33683936748170595,0.09237785141541036,0.18011023036617896,0.08786495686053461,0.09196049183264088,0.3533351223519435,0.17587732249117466,0.43362153020353905,0.15713784711010725,0.1265001273469264,0.7498936061275936,0.177480998478436,0.023208808315673467,1.000274944652014,0.15469979091976332,0.36025959752421255,0.09803047337900637,0.16865426160954386,0.2624958753720607,0.058943327936159556,0.07256896356053552,0.1602519011809015,0.07754362410619621,0.016552666372487358,0.17218897388425833,0.023849504898231955,0.10047106560697147,0.44841573065952384,0.5226554905909977,0.1427598264014155,0.4143976846562722,0.30780590633308175,0.2675477731583037,0.389249975932115,0.6047478159623951,0.3214499314188141,0.13341595874019702,0.06449191292528803,0.03547450794009453,0.4400368721817836,0.11595943674707844,0.08679704295429976,0.4868153741145266,0.4153372766813419,0.1370537083718964,0.29415888199940887
KO_82,0.20286585475182775,0.250947929054035,0.36854719152753895,0.23055893142525327,0.09790187403517421,0.20806910750231308,0.058926637585911476,0.16452402351983186,0.20237001721121556,0.09327679695776582,0.09645905222636378,0.6489570707186885,0.02688051255557821,0.2936405254573646,0.024046337351958446,0.1776447940580812,0.015380939948372313,0.18127513124559672,0.049497480805594816,0.06858053407706101,0.1491184490308511,0.20320299269324166,0.4520466650165835,0.0012724427712445027,0.1992878080494036,0.04107975384959737,0.0342372403130335,0.11656436021739694,0.6762544901730257,0.1589084148701845,0.041392261175936446,0.5522185063797455,0.12760370295486745,0.2136263795808027,0.017885699455548437,0.22960961318465248,0.6260331191252685,0.26789354650386477,0.566984666701182,0.39203441348127693,0.48963168697115134,0.014752908642414448,0.34189272144916594,0.0487313376118329,0.16750066559275073,0.7375509280094281,0.6946340202578923,0.26801820822222894,0.49265658974631615,0.5795029864116263,0.1409401035699964,0.0949042010197338,0.18226021584437654,0.7164812337949891,0.7099246570506528,0.10839316784320356,0.1602930819839364,0.02327763636139575,0.05159052897767947,0.18452962465611034,0.09702038138267012,0.08256884235100335,0.4072068376313804,0.18572117108628136,0.19434725494849894,0.6938938556607005,0.6957749894352132,0.018727888276514552,0.16301446293455119,0.21258999783536647,0.2471334488407586,0.22811735787660636,0.09991297163909087,0.3521821883844924,0.439164030387387,0.636229983603937,0.05959784668033914,0.7701721566141744,0.49968815974165387,0.4129865903916329,0.3756268546678921,0.6629692823289376,0.1452413708456218,0.13344454138721082,0.46065302970728284,0.2466595360952305,0.4311067419622635,0.2635645768175647,0.1171924302743689,0.07053420358163524,0.3888140493795271,1.09257931995224,0.04497173004292558,0.2341510691069866,0.004922277156225766,0.21141051924797385,0.3006457973791,0.4986541776491449,0.8939148928043509,0.641646839862919,0.7359493588688373,0.27892393121620446,0.6159212436724564,0.6747819894064548,0.02978088236343321,0.8278283915118045,0.33047933713371747,0.08015161274822089,0.37497969760817934,0.7501565519383657,0.07541616601807948,0.522201960686046,0.15003071301192103,0.07091679512963893,0.041001917236988754,0.15828220037092774,0.1404938389871099,0.17786604356720834,0.030200051252039724,0.10043586825268273,0.29758748400510165,0.03967974900833064,0.09498615475852104,0.10097635555250489,0.03079867325724988,0.2288971196096532,0.6390634109590637,0.1395197297133896,0.16426087959954067,0.5262635252190254,1.1879998189461836,0.1235719252845548,0.04455967788468031,0.7350850580255623,0.08311269794041053,0.567962462344702,0.3418036302487938,0.07963310876694071,0.2967756448646134,0.22799726955760213,0.004765843744531902,0.23474727510998905,0.11467403065526496,0.04510985403076747,0.007486005497703741,0.7127219862787457,0.07078696593575724,0.33432008333782903,0.33642670449927337,0.12668862884676804,0.4722354976057248,0.021470041007819927,0.15893543944147634,0.1554378483174142,0.33685550186043495,0.0923747252838196,0.18012472138687682,0.087865872996326,0.09197578936703604,0.35333348422920874,0.17589424788039318,0.43361699457445124,0.15715877743325934,0.12649177047033677,0.7498593556111883,0.177494296175669,0.023212621918120055,1.0002998175476394,0.15466830715887614,0.3602589845370502,0.09804946165609546,0.16863976920429613,0.26253249995858097,0.058931779716438586,0.07256621299692347,0.1602237810389091,0.07755455104290826,0.016551972904818555,0.17217937851771445,0.023847469091204217,0.10047375286025112,0.44851144081166383,0.5226569985779068,0.14277446628996865,0.41437357322387086,0.30782956608406564,0.2675260117632211,0.3892440496816802,0.6047082683685955,0.3214568338386133,0.13340915976137535,0.06448744042085666,0.03547248073919568,0.4400183857478403,0.11596413905990471,0.08679547035677351,0.4868422376049207,0.4153397831858868,0.13705432612655258,0.29417804558670535
KO_83,0.20535802536177258,0.24946736076344367,0.36966773137732967,0.2154442944631163,0.09497776591747403,0.19686991658050804,0.057968355813332685,0.1651547745184993,0.2021137244592567,0.09125491902496234,0.10643572341767925,0.6485271520710212,0.02747525336591447,0.2932409576056213,0.023997088433057232,0.17260473376674648,0.015057182590952822,0.1808244129166718,0.04971117300966131,0.06460623788145231,0.13933674867037832,0.20430566353110802,0.3999993518586795,0.0012679087184018724,0.2073372808634991,0.044749554243708085,0.03422358808558411,0.1166768723563096,0.6828380661473352,0.1517647951046433,0.040346830074611435,0.5400368468428615,0.12705740549292543,0.21266383633401975,0.017961955622068076,0.2295890129828089,0.6229231164493058,0.26406105025298454,0.5793213260898087,0.39109267496348876,0.4883398434455731,0.014686635733408226,0.34253396589858287,0.04867799962657446,0.1678895036977703,0.7401981297460696,0.6974382394881686,0.26622558805444607,0.48555191266146064,0.5799579461218164,0.1403372889678171,0.09536066203206885,0.1812459187969623,0.7192103446281578,0.7057543960026942,0.1086495315740563,0.16292323456677574,0.023316845440077436,0.05150977153113428,0.18536939333955563,0.09800843870258054,0.08221711214602219,0.40790199430404556,0.1849988573782059,0.19425684618538663,0.691654903547215,0.6965733861009133,0.020130988035783837,0.16221423288268438,0.21205903632069523,0.24797357287266447,0.2260731555158614,0.10821081510145102,0.33725075365639784,0.4053914309018294,0.6381505651512414,0.06000650121868866,0.7713099365492789,0.5018760115803513,0.4020148422655484,0.3745085276452374,0.6631677543861794,0.1452817374180501,0.13694646851205203,0.5807040467370859,0.24639756529859733,0.4354181268566811,0.26877402377667703,0.116412142171686,0.07002448408354103,0.3871670113779134,1.0927307089565814,0.04550726027714101,0.23687816281532073,0.004974998752582782,0.2109476709443484,0.30130969287076254,0.46897892214186854,0.8940350793503226,0.6430277297149577,0.7305377618804505,0.2770850777913294,0.615009977857042,0.674864942869019,0.030335219754509594,0.8305442948039963,0.33114459191935697,0.08105571109464718,0.3768075127409644,0.749111677778811,0.07512482821627911,0.5198783899307216,0.14974135656853518,0.07084998917809622,0.040994336991649186,0.1582274275532931,0.14107758798021186,0.17750091936954637,0.030056830772093424,0.10093452689233003,0.2982712267378424,0.03986462454360153,0.09472543012946508,0.10113355252858902,0.030518499784970204,0.22859319617811782,0.637237627643054,0.14765228395801308,0.16331262123856732,0.507757975951644,1.1870704682536937,0.12356893401469693,0.044692270844903,0.6845077522521195,0.08474378906113425,0.5695937322869833,0.31827785681327,0.07959668527342101,0.293994443086143,0.22703110231445223,0.004749420899850446,0.23809799792003758,0.11289690319183812,0.04510988574119634,0.007685618596871803,0.7144718840669159,0.0709845962898422,0.3378355965987003,0.336026077263235,0.12617209311293504,0.4716756709680481,0.02209209939670705,0.15838927636044772,0.1570279694246099,0.33633238438067514,0.09237313353450581,0.18084002367884933,0.0878692871105171,0.0919314007208539,0.35320747408323405,0.17565494452431374,0.4336344649738397,0.15742026751309438,0.12603361844781003,0.7508272006181461,0.17732718227476887,0.02313897002253178,1.00009858023909,0.15429046952948752,0.35123706246326236,0.0984415985900789,0.1592564130485154,0.2637255144948371,0.058576938615242026,0.07290402877083708,0.1600726262426002,0.07742484437835778,0.016494011859458056,0.17229331746089083,0.023778308843402377,0.1003297489868851,0.449687957550737,0.524313958031415,0.14513315349355094,0.4149136334436533,0.307476731163785,0.26619270496698333,0.38925721616909853,0.6029915629852906,0.3210729970751643,0.133196772854693,0.06435362055894031,0.03693976754649585,0.4445711165523466,0.11502363699900373,0.08679353115953568,0.4866466739574187,0.41457813409351535,0.13705623763432398,0.24853787910925038
KO_84,0.20284609585384245,0.2509496649258689,0.36858994626699326,0.23052996394230127,0.09792417478767798,0.2080707679588957,0.0589120814825847,0.16454976341211205,0.2023935590461701,0.09326557944536615,0.09645762399877679,0.6489678302844943,0.02687910217865848,0.29367073485229933,0.02404013803599074,0.17762710449003322,0.015377496652950092,0.18130772889879893,0.04948859854166087,0.06858492950586281,0.14914390246932202,0.20320188761172103,0.4520933909918218,0.001272202514000773,0.1992983840805508,0.041077173321123435,0.03422647602960778,0.11656195760658389,0.6762924820694824,0.15892158298422546,0.041377353281880185,0.5521260009766032,0.12760065977132318,0.21364891248548443,0.0178907086132721,0.22961938646114158,0.6260844411692563,0.2678974834249497,0.5670471576105516,0.3920024977895349,0.489659867370688,0.014753065923682461,0.3418618262028212,0.048715618271616204,0.16751832108899836,0.737583772853729,0.6946683771350797,0.2679933475719305,0.49269900724598964,0.5794779393988643,0.1409350699600949,0.09489377546798675,0.18227911433233007,0.7165454244765566,0.7098815900546123,0.10836355757031663,0.16027661258962708,0.023277917598839837,0.05158828714819694,0.18456519089793327,0.09703941199213159,0.08258933607623409,0.4072215526678961,0.18570114966054704,0.19435349409473382,0.693913920393358,0.6957490026442747,0.018733423971704962,0.16301386610056812,0.21262279168671125,0.24714159733022864,0.2281562473647743,0.09993734733873068,0.35216615564185866,0.43907317335320384,0.6361513421083896,0.05959952198704021,0.7701668662473241,0.4997168761953077,0.41293731469224093,0.37564345702564367,0.6629973035431932,0.14523670373034112,0.13344982412115633,0.46063408008211,0.2466259726271156,0.43114397032100676,0.26359357063503325,0.1172239655084528,0.07054516788194076,0.3888144181674528,1.0926136210589708,0.044975192017463916,0.23415327712348885,0.004922107328028441,0.2114016611783393,0.3006042343625988,0.49874281868259646,0.8939360582158782,0.6417092201623035,0.7359907548449758,0.27889049485891365,0.6159068246851483,0.6748169989201913,0.029778471023848806,0.8278457031221381,0.3304748460450399,0.08014963278073864,0.37496564957250345,0.7501741251406382,0.07542907793163192,0.5222502848619125,0.15003395147095566,0.07090864284475831,0.040995708136479105,0.15828277977113706,0.14051048163323848,0.17784363394975924,0.030196878993835562,0.1004277636315936,0.2975599349984343,0.03969190272768449,0.0949896007474691,0.10095918083859037,0.030803926326199934,0.22890050664271705,0.6390937240230289,0.1395586651247279,0.1642948322080042,0.5262427208544835,1.188016221970624,0.12356678425816356,0.04455741049266684,0.7350727890703702,0.08313105421120366,0.5679720496502036,0.34183805767458764,0.07963793048195374,0.29679372986420904,0.22798255303743983,0.0047665530478148265,0.23475560428258843,0.114679830066071,0.04510672348235877,0.007491373807082848,0.7127395654782688,0.0707644039685208,0.3343313170316472,0.3364103186413686,0.1266724284258473,0.47228618870167255,0.021470891218447613,0.15895053607615142,0.15543756556289998,0.3368323901932349,0.09236554403240223,0.18010966905935558,0.08788102500950888,0.09195425549335949,0.35335261028241277,0.17586743160945773,0.4336456596745508,0.15714049839506133,0.12648550329232242,0.7498958965295625,0.17748272405065552,0.02321192780333011,1.0002761686224197,0.15468431893976717,0.36025271179246227,0.0980454815373255,0.16866156980430777,0.2625048513359314,0.058924519097026264,0.07255641261892172,0.16024796703104877,0.07754485345533525,0.01654885956116919,0.1721804514050802,0.023847075079671896,0.1004785185456164,0.44843300166239997,0.5226546830844576,0.1427587166919952,0.414397683876428,0.3078147877629646,0.26755704142397074,0.3892468885131417,0.6047467011380377,0.3214603801143017,0.13341025861849587,0.06449180937569937,0.0354687611726532,0.4400160023329832,0.1159420305803671,0.08679304152492284,0.48684174102817157,0.4153722731027505,0.1370545264388148,0.5068886284000096
KO_85,0.2028576586512673,0.25095001893299507,0.36859457602342366,0.23053541142175482,0.09793535100825246,0.20805461346856163,0.05891031174917113,0.1645699540180053,0.2024134435796042,0.09325754973302772,0.09643835399591674,0.6489253248307205,0.0268856502738548,0.29365632579788015,0.024037441504361375,0.17762229958357528,0.015380202277400128,0.18130084938732915,0.049482986753312225,0.06856579855695656,0.14912949555544164,0.20319926584957076,0.4520535644344472,0.001273868617783522,0.1992794750992357,0.04107673901778395,0.03422169203434763,0.11653639203766611,0.6763342476473757,0.15891840515964054,0.04139176847200908,0.5521689247172655,0.12759811203357038,0.21364661553864486,0.01789003867919049,0.22961795579172128,0.626051039303766,0.2678919025918505,0.5670855154454216,0.3920395486499465,0.48965290709548065,0.01475298137361491,0.34184044073677167,0.04873139232867447,0.16750613881045648,0.73760934619383,0.6946181502127865,0.26800914338025505,0.4927125801409485,0.5794596269936912,0.14090837948785254,0.09487571351841613,0.18227841864296251,0.7165813491657056,0.709916597530244,0.1083796570504672,0.16025126731782857,0.0232752945901859,0.05159091876119729,0.18457567505423114,0.09703488406961157,0.08257547464377432,0.4072162428048761,0.18572198228307793,0.1943326329454532,0.6938726242829594,0.6957450802322124,0.01872746163216269,0.16299669919358928,0.21261860133191304,0.24712522682622834,0.22815129016534988,0.0999349086285941,0.3521617975706915,0.4390724779795965,0.6361729827329309,0.05959775332680517,0.770161018368475,0.4996991557261191,0.41292507677227364,0.37565433582313484,0.662995100247426,0.1452293714837112,0.1334400244673981,0.4606717393245144,0.2466516024642569,0.43116611725592735,0.2636098915264173,0.11722270164617778,0.0705330470566365,0.3888094294497914,1.0926373323999217,0.04497308594798245,0.2341190751823414,0.004917815786679861,0.2113885106825259,0.30065980696483857,0.49873319251979825,0.8939317868036053,0.6416741026097791,0.7360275085125061,0.2789069383563837,0.6159137078178875,0.6748136103565524,0.029777985118635036,0.8278298188251347,0.3304480285361444,0.08014524175117634,0.3749739183256364,0.7502191167089706,0.07541430806465833,0.5222100365512006,0.15003523171215682,0.0709057247246753,0.040993634257805465,0.15826515728134044,0.1405117922461353,0.17783832524426496,0.03019633202605065,0.10043129126656575,0.29757349130606614,0.039685291659300966,0.09499171201201723,0.1009729238857218,0.030788967294737523,0.22890594696795155,0.6390800882519547,0.13954392831363358,0.16427371935549262,0.5262722959954117,1.1879811914046472,0.12357418167569323,0.04455771752108152,0.7350513597863175,0.08312286589876676,0.5679470441424063,0.34181172919689506,0.07963787074652597,0.2968022364595368,0.22800130983556438,0.004764678166395828,0.23476700515641924,0.11468291596645835,0.04510451559604566,0.0074907818930640725,0.7127436742862576,0.07078100839289024,0.33436900195906,0.3363543167946772,0.12665494222102594,0.4722538176563614,0.02146740151128248,0.15893561460654035,0.15541505259121235,0.3367931121783955,0.09237854649303988,0.1801261580930011,0.08787744309742528,0.09195932213445711,0.3533663976764941,0.17588517882095675,0.4336166357258857,0.15714807375364978,0.12650344031459457,0.7499050113369575,0.17748172236636497,0.023209754514328353,1.0002925925361528,0.1546875201663455,0.36027713446956255,0.09805361674569169,0.16862894838910558,0.26251710436639963,0.058932289658375304,0.07256769400074355,0.16024533460560558,0.07754392074758992,0.01655201810844527,0.17218381350995038,0.02385002698763524,0.10047921135263105,0.44845843067448743,0.5226591192895854,0.14274584934422616,0.4144126414736494,0.3077998913036489,0.2675506917609875,0.38929186909610636,0.60472652339714,0.32145816484866885,0.13341398051615433,0.0644910841688837,0.03546730615845788,0.44001644019034303,0.11595487169490153,0.086805416029126,0.4868065312621525,0.41533076288828846,0.1370566513233584,0.2941388029680935
KO_86,0.20791438370814394,0.24794370133039081,0.3706024093674501,0.23443736472146956,0.09563213970820893,0.20552163793189254,0.05777868370536712,0.16537353764443072,0.20258473684669237,0.09323256793155262,0.09542829375846348,0.6394267425407912,0.026995435750697044,0.2930501271322297,0.02418448910819069,0.18108698150538624,0.015276653839323456,0.18023726740189502,0.049564139677117106,0.06743470243656857,0.14905572897101965,0.20227732793731698,0.4537751142070655,0.001257593179753421,0.20036471741272271,0.041360339921865094,0.03464634734040241,0.11534575729816438,0.6807418696683489,0.15901226743172156,0.04131536987079875,0.5551167779737927,0.12648210840740287,0.21499438598156795,0.01759979151801243,0.23059336875281217,0.6264727851142513,0.2727425530859314,0.515889765670319,0.39305161370526615,0.4882287210986942,0.014624628092055962,0.3429222396070737,0.04773822018095614,0.16641779038807872,0.7345159818869434,0.6974813787642796,0.2669050625750377,0.4923694212950135,0.5801465792357795,0.23183441332381524,0.09583371076247005,0.18063083246630346,0.7218021529496781,0.7154734170062002,0.10899749809656492,0.17550704471743442,0.02338271889270978,0.052183359869787296,0.18591382438897092,0.09646673994209476,0.08184230096126051,0.40859456131114424,0.18469190868004304,0.19297620251573525,0.6904804771288509,0.6989557185586273,0.01864005506719096,0.16548291517186575,0.212188403597119,0.24877502644291982,0.2249143162331346,0.09965546718558309,0.3478256449209897,0.44182421958377743,0.6361811173525636,0.06099751748629863,0.7726647823583842,0.50329325977666,0.41861833171845275,0.3733370870396346,0.663383179505983,0.1441254759479997,0.13471923685126608,0.4586191004739265,0.24608302792818817,0.4334988721215117,0.263522497324574,0.11568237169560507,0.0696762299726731,0.3854875266373548,1.0953832280947935,0.04581164451075828,0.23272495558721212,0.0048816146655822745,0.2467257122074822,0.30146396234999445,0.5032799581237751,0.8944645897000989,0.6445989288323536,0.7360103743086243,0.2802897803772501,0.615978091441991,0.6750112026840195,0.017514619724440066,0.8279231543493785,0.33176368318169713,0.08049983907001465,0.3786701673771395,0.7500007448129352,0.07467905316781386,0.7130820416086476,0.14866175769705525,0.07039490942204173,0.04108494789790194,0.16297893226991547,0.1405148697664226,0.1783167324539118,0.029870393488779214,0.10144994221880661,0.2973342069410874,0.040056884900510854,0.09442350916970971,0.10129631927851786,0.030242468505405153,0.22809037893805081,0.6344150810712684,0.13704839257949625,0.1624658343772484,0.5265298224878192,1.1867648984001342,0.12348061263385043,0.04498413900482075,0.7381419533841964,0.0818299212468395,0.5712558731949856,0.34122353651506365,0.07962341323321413,0.2964322589897816,0.22873410262591687,0.004736494231732721,0.2366168337731527,0.11211317133166099,0.045158640502989365,0.007359557250675118,0.5406233425625055,0.04582153304351065,0.33580935842336657,0.33595871488828866,0.1256867858520753,0.4712041164030805,0.021667443686675857,0.20886452980298612,0.15560477618331203,0.33583947252281304,0.09232562829543646,0.18160007967394878,0.08790200665778683,0.09195678385022618,0.3533317337452759,0.17533809067231879,0.43378533307585965,0.15796193695617888,0.12555171633340048,0.6554601477998656,0.17728387521263256,0.023077073086290024,1.0010934450884534,0.153922619130734,0.36071836658727874,0.09886284995129276,0.16896732258284297,0.2592084059012432,0.05818760968895301,0.07326422720601238,0.1599568072288522,0.0773319339454364,0.02312464691468415,0.172223186337704,0.02370401687962726,0.10029458175706242,0.44843259643133676,0.5259062535596968,0.1428422089641321,0.4153651052882047,0.30697329266554096,0.26484158783182055,0.3891249863423243,0.6033889198099879,0.3205606999832589,0.13311990460740544,0.06424377334338909,0.035793439511059094,0.44068064767242915,0.1158804885396011,0.08675250568508412,0.5017039107684673,0.41380547196652706,0.1370574717114409,0.2949876245511161
KO_87,0.20284065492462616,0.2509508040555772,0.3685746951880651,0.2305208269706098,0.09791103073981951,0.20807354691932936,0.05891639524757122,0.16454080990494063,0.20239916035562627,0.09325725869748197,0.09645838290722866,0.6489567459583122,0.026879387585999368,0.29363579819232344,0.024043697402614726,0.17762598101784077,0.015379491851637292,0.18129012012617904,0.04948475376866979,0.06858313802014408,0.14913581476222912,0.20320577878748255,0.45208886648930696,0.001273959552982213,0.1993005987189102,0.04107902655553077,0.03422291682187056,0.11654676710474862,0.6762643050809671,0.15892460611246315,0.04138430667818456,0.5522226632785959,0.12760280924466066,0.21363961804240894,0.01788675888635991,0.22961769030011547,0.6260537579006547,0.2678838911604655,0.56699856850946,0.39202593556316573,0.48964682097663786,0.014745920757291354,0.34185029731942945,0.04872866280202863,0.16750467080411527,0.7376339618187481,0.6946300756585504,0.26801586313631964,0.49271175370062226,0.5794304907589194,0.14091717266992246,0.09489446107984588,0.18227726261478666,0.7165289819000229,0.7099339469732352,0.10837819782623376,0.1602761304632022,0.023274528049740822,0.051595439997292415,0.18455739958475426,0.09703255011648083,0.08257990241193187,0.40717168320615277,0.18570625405494465,0.1943402922548927,0.6938837079336844,0.6957392447004049,0.01872961452866296,0.16301304379663237,0.2126175823577402,0.24714253065791036,0.2281550123173421,0.09991561068766508,0.3522053758720894,0.43915830903020714,0.6361967658995197,0.05960932868162529,0.7701234244505657,0.4997054138872971,0.41294359915212175,0.3756240935200349,0.6629911417505058,0.14523679273035692,0.13345154826034636,0.460631269949629,0.24665888526090804,0.4311326083817453,0.26358955644056437,0.11723699373402038,0.07053452797601106,0.38884114595833763,1.0925594500650457,0.04497646539695308,0.2341276984401684,0.004918560618199463,0.21138173631075405,0.300645262032091,0.4987094624316441,0.8939174022520733,0.6417161361786375,0.7359557625242021,0.2789248705229179,0.6158939296023432,0.6748015754972245,0.029774800348471676,0.8278759713457675,0.3304662915359934,0.08015072520443842,0.37495205945787274,0.7501417678747004,0.0754185132004181,0.5222414531405297,0.1500357260126294,0.07091014034330874,0.040987925253496156,0.15827879749771068,0.14049715716845504,0.1778363775514922,0.030190267230323174,0.10042768238756974,0.2975652360172271,0.03968174262081578,0.0950013568323791,0.10098475313375709,0.030797433651419282,0.22888922658070776,0.6390411501612789,0.13952622129288436,0.16427267051098202,0.5262574899224333,1.187989836783619,0.12357542054252951,0.04456510582933764,0.7350408955189454,0.08312192919237829,0.5679430171290872,0.34181357204912705,0.07964504897301773,0.29680630838423666,0.22801839913680638,0.004762500581440608,0.23479794206877122,0.1146706390367125,0.045108280533003454,0.007490840871196638,0.7127495666199932,0.07077792895740335,0.3343268316545645,0.3363831804442928,0.1266776569388535,0.4722529677690946,0.02147238816179502,0.15894434626703158,0.15544273368732875,0.3368500586302124,0.09236925239724514,0.18010522681352537,0.08787744576823613,0.09194195875520525,0.3533393323319986,0.1758844183964574,0.43362350764419944,0.15713881021192472,0.12647483887433614,0.7498884777904495,0.17747492151402666,0.02321345039382183,1.000281454514125,0.15469039433741094,0.3602486846810136,0.09803654665807984,0.1686580823466867,0.26250560147336066,0.05893896874219694,0.07256429350814943,0.16024929449950678,0.07754864338040035,0.01655382458054043,0.17219261019285842,0.023847281263027143,0.10046380639186622,0.4484403491516598,0.5226459635553388,0.14276532467899056,0.41442215672340316,0.30779314769829036,0.2675477932052693,0.3892473128843112,0.6047301611002396,0.32146491380008624,0.13342646046570136,0.06449823088033524,0.03547027732023249,0.4400031543625051,0.11596512727077089,0.08679569868118507,0.48681235570824377,0.41533123330830996,0.13705511623843927,0.29416160628602034
KO_88,0.202922151909765,0.25087385817865226,0.36862702285788784,0.23057976859321447,0.09792373133217498,0.2080197476150944,0.05890118459458954,0.16457568113909435,0.20239124990206872,0.09326891947678238,0.09643345611098224,0.6489666973608775,0.026872548489174194,0.2936549109265833,0.024038652615048586,0.17769978156987198,0.01537463507774677,0.1812779842276634,0.04949701692478795,0.06855992229736088,0.14914196109858255,0.20318684924380978,0.4520730841360857,0.001272870585049499,0.19931159167317636,0.04107583101618521,0.03423072352521561,0.11654463197013608,0.676345383564626,0.15890605650255807,0.04139284138331067,0.5522248151186185,0.12759740954374874,0.21368803295246436,0.0178818640317713,0.2296257089256132,0.6260420711531923,0.26794161282693185,0.5670465128242328,0.39206313742729754,0.4896458450037529,0.014741486952879407,0.34186868209991267,0.04871455533177549,0.16750017489524738,0.7375546789687032,0.6946298754637048,0.26799446377431485,0.49268783610854455,0.579459900975828,0.1409245310193614,0.09491822684887619,0.1822648290334452,0.7166070507117485,0.7099968813159385,0.10836959287025681,0.16023691467694118,0.023279770049400007,0.05158800026353125,0.18456885911709425,0.0970137136605245,0.08255761755825686,0.4072543434113293,0.18567811701113793,0.19433658645756588,0.6937630526883872,0.6958046362880494,0.018725443016524946,0.16302936421675507,0.2126228940415958,0.2471837557660701,0.22811825802374466,0.09992663181947568,0.35210774740412165,0.4390988407661189,0.636195638992969,0.05959563334737421,0.7701749730604357,0.49972292047105876,0.4130188369959558,0.3756005873038855,0.6630069169464643,0.14522805578221212,0.13348010285890888,0.4605852052323166,0.24665957676195457,0.4312190136835673,0.26358001856623364,0.117195836119813,0.07052511551784603,0.38878486801461554,1.0926770186781631,0.04497543425298345,0.23413476435659908,0.004919798387105476,0.21139059371883567,0.30065151072133356,0.4987639333588757,0.8940030306847074,0.641744305135373,0.7359237327539072,0.2789474895443978,0.6159262093337365,0.6748435042389974,0.02978398409493725,0.8278432163735704,0.33048804659093345,0.08016401837115941,0.3750073849678328,0.7501974235875618,0.09151933275750872,0.5222190140078015,0.15001238377165999,0.0709019897539477,0.04099597454696303,0.15830697062592647,0.14050397220359537,0.1778436433029756,0.023965926156434628,0.10045212745610352,0.29755343808276924,0.03969195291574524,0.09497805104768109,0.10099213653234085,0.03078753799785966,0.22887241615555523,0.638956711517522,0.13951822286054164,0.16423935614241758,0.5262890325273533,1.1879472484592912,0.1235717384921254,0.0445543147674265,0.7350740777527577,0.08311088559373864,0.5680226868058939,0.34177394767834496,0.07964985357029469,0.29679763983242136,0.22803489369615484,0.0047639239768784035,0.23477687846615541,0.11462049787215954,0.04511035767857407,0.007486105859019234,0.7127755792793188,0.07078507769358365,0.33435950049251895,0.33640908118574164,0.1266635631518754,0.47225104947974383,0.021474926046432176,0.15892302290155338,0.15544329063558684,0.33680506007424177,0.09237590995789267,0.18012559331251676,0.08788652471198523,0.09196082708054759,0.3533448740845524,0.17586925432253261,0.4336405155525889,0.15716515245866955,0.1264856226269954,0.7498955739510501,0.17748107970511434,0.02320824568461124,1.0002568763126232,0.15466477387288124,0.3602590037386975,0.09804246840239801,0.16865917613409923,0.2625259938904898,0.05892434115735992,0.07258042101888167,0.1602576194503036,0.0775522860383217,0.01655099837948559,0.17218032348342016,0.02384130777210183,0.10045968978596574,0.4484386536718944,0.522699779840848,0.14276802340377417,0.41442225019467444,0.3077914504684201,0.26751114869769127,0.3892774132600816,0.6047370200654846,0.32144945184618756,0.13340458744093278,0.06449112402861264,0.035480713405542694,0.4400027392158923,0.11594987866199322,0.08678660584985136,0.48683847863319524,0.4153216232919418,0.13706961992620015,0.2941870730911982
KO_89,0.20287634637326124,0.25091646929987943,0.3686059767341889,0.23051878044423543,0.09791149565110595,0.2080475097811964,0.05891162521651835,0.16456429571397468,0.20238880639848705,0.09325440462396828,0.09644923606483127,0.6489625497284793,0.02687750412686649,0.2936791322418229,0.024042757070220206,0.17763001436433332,0.015386006673653804,0.18126944340207696,0.04948542366805141,0.06856254565861986,0.14913536595310653,0.20319756012401324,0.45204851083465086,0.0012719257742093567,0.1992910508277669,0.0410778843618642,0.03423022927209144,0.11653112401812066,0.6762991577339369,0.1589198158443137,0.041377374574316096,0.5521617323841999,0.1275903352359281,0.21366741200628725,0.017886574595518172,0.22964570359685835,0.626072294041784,0.26790274860274776,0.5670250927800973,0.3920307188067782,0.48962962014198735,0.014750218268330529,0.3418505111444247,0.04871852017918352,0.16751267723787935,0.7376221391817256,0.6946341987565435,0.26800655221581404,0.4927199140195249,0.5794396681094772,0.14093379454325125,0.09490979675698441,0.18225177713977453,0.7165612705143589,0.7098895493782031,0.10837771380284925,0.16025913575440445,0.023272356481484832,0.051586568991831935,0.18456439923175383,0.09701767677035962,0.08256991630006176,0.40719850360255705,0.1856833696040921,0.19434040938072286,0.6938406763494618,0.6957609786573947,0.018732116880602594,0.1630012472031674,0.21262607236403272,0.24714685050573842,0.22812471093809034,0.09992924930637502,0.35216119275389973,0.43907360445934784,0.6361769950488851,0.059600893381366364,0.7701882940917063,0.49970374176624915,0.4129645091702703,0.3756049410854412,0.6629938134368949,0.14523737236466447,0.13344033416111278,0.4606924226541311,0.24664020267775125,0.4312007416208816,0.26358765406936496,0.11722033440069837,0.07053818540944087,0.3888227486345597,1.0926207085100406,0.04497519541157065,0.23415220814385437,0.004921983978700162,0.21140200892914698,0.30062852571746207,0.49875554254767046,0.8938993660157153,0.6416880726361874,0.7359591969843015,0.2789191499462709,0.6159385827564082,0.6748088107328906,0.029780931826207137,0.8278522379428537,0.33049243212258533,0.0801455783181871,0.3749821992997473,0.7502147566479956,0.07540723914274014,0.5221894970321591,0.15003472969562298,0.07090686080468923,0.04099118382196018,0.15829795167625096,0.1404985894216345,0.17784042767276834,0.030178973300067847,0.10043488128630595,0.2975734848981232,0.039678781372945476,0.09499245905588108,0.10097245983158422,0.030795989682051116,0.2288907054838966,0.6390234632642793,0.1395340518376203,0.16424624848655317,0.5262518603609712,1.1880205088191693,0.12356959591208083,0.04456674688045242,0.7350229594068166,0.08312181938137225,0.5679614553914466,0.3417693541700266,0.07964085957852843,0.2967752995261482,0.22799047446714302,0.004764527088786177,0.2347730460501901,0.1146625902937583,0.04511692159565397,0.0074921443498284146,0.7127378972610934,0.07077127262292149,0.33436993776801177,0.3363990775351333,0.12667585330912348,0.4722822470413051,0.02147102693795901,0.15891665969173116,0.15544162504679815,0.3367849923990532,0.09239184601995971,0.18012300779906595,0.0878698369047473,0.09196139465265046,0.353352484192874,0.17587814214075384,0.43362443483583324,0.15715184568247495,0.12649052346504755,0.749920434253246,0.17747781843367424,0.023211299262549397,1.0003010883048176,0.15467225258989936,0.3602494393864494,0.09806099325801017,0.1686403647597491,0.2625208797434218,0.05892790701084836,0.07256788641667937,0.16025150229410537,0.0775422209056933,0.016552923794579854,0.1721888610304876,0.02385063310175921,0.10047507404070398,0.4484254005465175,0.5226715647923023,0.14275440641918732,0.4144076936700938,0.3077715950536694,0.2675072461520113,0.38923628968934304,0.6047468770692732,0.3214460729814888,0.1334015991244083,0.06449522986944725,0.035472399721912434,0.440036390736587,0.11594882324791156,0.08678862573117636,0.48683027038159127,0.4152947488735394,0.13705887679058923,0.2941479674739532
KO_90,0.2028324973143604,0.25099367975624653,0.3685491568314118,0.23050705554561293,0.09791815882050547,0.20809941179693542,0.05893058141750145,0.16455466292496587,0.20240240981867577,0.09326507412270629,0.09647972164606897,0.6489449038314432,0.026880420984275063,0.29364026584463176,0.024042890952793425,0.17760005719551072,0.015378179959673086,0.1812896945077666,0.049488806955001095,0.06858880961977663,0.14912089076694202,0.20320509181921514,0.4520397414711374,0.0012729621659621395,0.1992735248001846,0.0410812853267366,0.034222204376704916,0.116559109972572,0.6762721625106262,0.15889972274127062,0.041390443113726624,0.5521698629733354,0.1276260853714276,0.21363153052351358,0.017883852831375113,0.22958061846250033,0.6261252346501587,0.2678384262188119,0.5669721541696101,0.39201016615864254,0.489649697599549,0.014752292443553708,0.34184214309800837,0.048724790631360176,0.16750710340556438,0.7375876414947999,0.6945947068324045,0.2680326842208135,0.4927222565253157,0.5794463058366024,0.14093030324216602,0.09487954055937162,0.18228544478113015,0.7164863301713066,0.7098689068093371,0.10837799386582611,0.16032285984039374,0.023272873100918242,0.05160300904355992,0.1845394113890686,0.09702487221939597,0.08257531327719857,0.40720560806091166,0.18570464423616628,0.19435087731964737,0.6939595705011056,0.6957661240178442,0.018733807357256015,0.1629893595854478,0.21261794691346053,0.24710823802779114,0.22816903922704668,0.09991984171844473,0.3522337416498139,0.4390970122584001,0.6362429622013835,0.059597677692493106,0.7700833271645204,0.4996259686696765,0.4129561516924928,0.3756717259969891,0.6630125980327246,0.14523521437425188,0.13343957367357875,0.46063826960654736,0.2466531784483139,0.4310844314082248,0.2635606957316989,0.11722163979866206,0.0705373743268188,0.38885377383780323,1.0924167375336826,0.044981899488534295,0.23413097966772425,0.004920720328836819,0.21140994977509603,0.3006261668290614,0.49866017619999314,0.8939263432584622,0.641713550293588,0.7360450850074477,0.2788924788405787,0.6158942602077024,0.6748172071152388,0.02977295419882754,0.8278503993020696,0.33046872269773236,0.08015995071171902,0.3749210997507839,0.7501266866259948,0.07542450208178007,0.5222338531631631,0.15005367071801176,0.07090918447343601,0.04099883640839081,0.15825678444320437,0.1404886215745649,0.1778268502617217,0.030205785184477762,0.10043343695697161,0.29757185593037383,0.0396822840969758,0.09499182940690883,0.10096765597405957,0.030803232368333777,0.2288918228464423,0.6390488816638873,0.13954588717462219,0.1642954684107667,0.5262801386586973,1.1880387416728484,0.12357828694457235,0.04455735191074203,0.7350599713455013,0.08312790823879478,0.5679684061773602,0.34179698784273144,0.07963816231907905,0.2968057483159865,0.2280025523333583,0.004767089460797654,0.23474876983381274,0.11471734847398449,0.04511433763574412,0.007490048469385033,0.7127188922542701,0.07076989665545935,0.3343022741997166,0.33638467022646423,0.1266766097598314,0.4722642111303319,0.021465987998277754,0.1589295911951742,0.1554401033477548,0.336828697912557,0.09237399313637179,0.180106882823548,0.08788177984323814,0.09197140013286789,0.3533396546102394,0.17588529223399874,0.4336307583446804,0.15714262650868305,0.12650398080320666,0.7498980408865525,0.17747991241022776,0.02320369392140241,1.0002878826287198,0.15468736823008208,0.3602287789688043,0.09804906357501561,0.16863760013930004,0.2625131713348412,0.05894049721921484,0.07256372986614179,0.16025372411741537,0.07754715216162458,0.016548246979306975,0.1721842556815419,0.023852165355065895,0.10050044540824793,0.44846119672890383,0.5226595374671955,0.14275045433364952,0.41439589093333357,0.30780030504938594,0.26756620157594047,0.3892592975484451,0.604730625893894,0.3214931314455868,0.13341915738582374,0.06448653648116648,0.035461426826877696,0.43998401207814886,0.1159483499312206,0.08679600279454447,0.4868071269260318,0.41534085662329334,0.13705757521999565,0.2941675243150698
KO_91,0.2027660146877328,0.25104616298436483,0.3685118891078822,0.23049487025514806,0.09792812075661371,0.20818624820226453,0.0589438499731085,0.16453098881135428,0.20240398075406252,0.09327033523109259,0.09649215157456352,0.6489488898704845,0.026890205447820927,0.29365862740402143,0.0240451765627207,0.17757940161016855,0.015381545136385295,0.1813073730192859,0.049485413250738054,0.06861176949365984,0.14911995080652596,0.203186772217747,0.45204048269949754,0.0012727708813673364,0.19927364656844684,0.04107372903089617,0.03422446760559501,0.11656199139119702,0.6762095233040196,0.15892776848051807,0.04139675908240194,0.5521651922307211,0.12760427510044953,0.21362015690691566,0.01788062980567364,0.22957685117727644,0.6260900934015635,0.2678192679757143,0.5669599359611215,0.3920001162456379,0.4896607085353108,0.014754952344003876,0.34184865638119805,0.048749114658928894,0.1675217026459115,0.7376175689228218,0.6946095005946232,0.2680267650102513,0.49271845784183327,0.5794666492395822,0.14091854568570675,0.09487965564708448,0.18227232628483878,0.7163727024224055,0.7098364383377249,0.1083743507423082,0.16033400003776435,0.023278513422290145,0.051601178204374064,0.18452813942643181,0.097015096437201,0.08258032566101592,0.4071730719733006,0.18576005029656908,0.19437495674871394,0.69399282030293,0.695719813996811,0.01873726718627912,0.1629991811405386,0.21261921537666986,0.24710016250109545,0.22817781774155335,0.09990009502594603,0.3523367874744292,0.43912459901728534,0.6362595600098182,0.0595932008011128,0.77015449298013,0.49958565900329294,0.41288920040459653,0.37566002325575787,0.6629891470742498,0.14522489665782548,0.1334173241044717,0.4606151991135436,0.24665383513772196,0.43104665570821166,0.26357784823571,0.11724811990341402,0.07054790122993082,0.38886055225715416,1.0924491412889104,0.04497267922244195,0.23416082785301262,0.004919615389152868,0.2114305533676592,0.3006319053911152,0.4986295619407603,0.8938708965442712,0.6416597398873904,0.7359825938827667,0.2788808007283346,0.6159325002104046,0.6747501575655116,0.02977193596445578,0.8278964706877537,0.3304270832156792,0.08013596524251528,0.37492833384858,0.750124873711628,0.07543263762197919,0.5222805536045348,0.15006251925983502,0.07091861058831671,0.04099086680566039,0.15825253067252854,0.14049671530965646,0.17786670237042887,0.030202163485605008,0.10041668763378417,0.2975696817251123,0.03967998798804801,0.09500579894896051,0.10096269358469571,0.03081046475010957,0.22891195195558586,0.6391631544501738,0.13955454107931156,0.16431667236280045,0.5262794936943879,1.188048704720368,0.1235697652737899,0.04455370698548451,0.7349861634495435,0.08313471891096498,0.5679246907564925,0.3418132579084819,0.07964059893915318,0.29676821468789755,0.22799685791502708,0.004768725816272378,0.23470978529669864,0.11474549505257176,0.04511312294924255,0.007490570046447593,0.7127030313137431,0.07077525469210064,0.33424960635673795,0.3364056043245865,0.12668623476454616,0.47225950940659367,0.021465567633915578,0.15893982575731416,0.15542821439976764,0.3368439461920985,0.09236510618147328,0.18010637804466076,0.08787695689716025,0.09196499099878933,0.35333337461685355,0.17590262612646423,0.4336249841291108,0.1571424706629738,0.12651423375216034,0.7498808967593712,0.1774781798366577,0.023220548438640146,1.0002414481628938,0.15467953229691914,0.36025749174406224,0.09804552139792307,0.16865204928629848,0.26246699315885785,0.058948123233990575,0.07256046119907818,0.160259336340522,0.07754382903949873,0.016556220303071332,0.17217736402403028,0.02384732975012233,0.10048549171610711,0.4485047235427762,0.5226198158128973,0.14274999349078762,0.41435167483906615,0.30781181598554286,0.2675745270459538,0.38925827783167466,0.6047514497498018,0.32150153238770024,0.13342542860439996,0.06449224170533477,0.03545174208493786,0.43994348415456136,0.11596214349068658,0.08678262523701111,0.4868841514373329,0.4153552495885398,0.13705218622710066,0.2941725535325721
KO_92,0.20285418236502414,0.2509549282667329,0.36858739721185746,0.23052402682490727,0.09792299978031169,0.20809825522384376,0.05891905727445567,0.16456253355514636,0.20241187804333777,0.09326399379273104,0.0964445247722487,0.6489365311716497,0.026867561596355352,0.2936515037626854,0.024041585887164315,0.17764903893905987,0.015375255906322974,0.18128505712984208,0.04948835812366016,0.06857522070139843,0.1491321516680964,0.20320741659322308,0.4520582703115816,0.001271591738689639,0.19926419241032411,0.041079931728839274,0.03422937280012687,0.11654737590507461,0.6762793173994488,0.15892503214162115,0.0413832825363405,0.5521927095020513,0.12759814975780967,0.21365681195115202,0.017883902725631118,0.22961778277966968,0.6260440882014565,0.2678963435635828,0.5669973355761553,0.39202771756230204,0.48964433014389913,0.014752463705563795,0.34184184072893287,0.048724373122254645,0.16750427207700455,0.7375493845831228,0.6945960239279857,0.2680051217289797,0.4927052611169909,0.5794915266008163,0.14092981904894555,0.09489288370788038,0.1822639864163598,0.7165638930627564,0.7099120897476955,0.10837177467266378,0.16027477603276016,0.023277723134307208,0.051585023735652644,0.18456356801640766,0.09702202247844569,0.08257186503137537,0.407250149803362,0.1857113888222212,0.1943361512861387,0.6939149246083627,0.6957685939072872,0.01873353457228927,0.16301680527284032,0.21261001637373428,0.24714075260000584,0.22815119175254564,0.09992151791706305,0.35219931488585643,0.4391412237005624,0.6361931326077014,0.05959487576228176,0.7701388309230256,0.49970888276713593,0.41297240366072524,0.3756235515622989,0.6629831511205433,0.14525425329452876,0.13343666777055047,0.4606625894887427,0.2466676144236527,0.431150840184086,0.2635636829729496,0.11721405770451584,0.07054881465806238,0.3888073090054823,1.0925638112569562,0.04497042326440807,0.23412668922650853,0.004919151060261789,0.21139423195995224,0.3006287523520409,0.49874006118132796,0.8939379345379972,0.6416734830822314,0.7360030236760374,0.27891802460648574,0.6159031815925317,0.6748415074613643,0.02978127038179692,0.827872021712909,0.3304557889353656,0.08014629736087926,0.37497051494121447,0.750157725509302,0.07541451904552261,0.5222219746279991,0.15002210147813153,0.07089881352462607,0.040999940864204415,0.15828010780932303,0.14049705214670133,0.1778273851488778,0.03018479096847075,0.10044235284617106,0.2975415095565177,0.03968216049431075,0.09497891320285502,0.10097558389319772,0.030795196466103396,0.22891368465403786,0.6390225844410189,0.13954325047245952,0.16426346284904372,0.5262778186643189,1.1880282708024072,0.1235622438968032,0.04456070356075702,0.7350650674543909,0.08312207366492656,0.5679573246805643,0.34180458864655294,0.07963851908173958,0.2968099478014973,0.22801075341194021,0.00476573653006578,0.23477215054856068,0.11469739570883765,0.04511502983575924,0.0074915829395435195,0.7127566118695421,0.07077138314437732,0.334347827400748,0.33638329937012734,0.12666706570337252,0.4722500998992889,0.021470918221811842,0.15893868369909622,0.1554350971795306,0.33682661362115196,0.09237024931552847,0.18011707685464892,0.08786890935317199,0.09196385015930593,0.35333973539785485,0.1758782657152574,0.4336206291113514,0.15716152286824706,0.12649926606294407,0.7498941458136256,0.17746146727904294,0.02320859453757556,1.0002828746888832,0.15468460548062676,0.3602536021077351,0.09804437854774932,0.1686489869327936,0.2625058869371977,0.05893979933121039,0.07255132772168876,0.16024389521195917,0.07753628923334695,0.01654833933221458,0.17220459850077807,0.023850887948497445,0.10047661010896046,0.44847240478360384,0.5226589786890763,0.14274547898193907,0.41441233791064724,0.3078029154789962,0.26754210076987445,0.38927433207064605,0.604707067486271,0.3214670737081213,0.13341915581753808,0.06449403025450431,0.03546435284208357,0.4400311591534108,0.11595548471764501,0.08679855850745707,0.48683768730577776,0.4153622416310358,0.13705776973444117,0.29415191983193045
KO_93,0.20287270715761083,0.2509346256969467,0.36861046902475986,0.23054112287057107,0.09792934562609716,0.20806974637378767,0.05890230348887405,0.16458507668098615,0.20240734693156545,0.09326960844940675,0.0964433447100678,0.6489405692649032,0.026867154056152767,0.29366397758207535,0.02404721408874793,0.1776421229965276,0.015379948126283348,0.18127293042894504,0.049488776206473295,0.06857500848153057,0.14916009785227408,0.20320040098488407,0.45211323441295675,0.0012727500542127105,0.19929992639446736,0.041082852740818514,0.03422987152982746,0.11656036431058042,0.6763057474130286,0.15895586636183368,0.04138873748752282,0.5521511228080209,0.12760833163440288,0.21366366065378362,0.017884687409506616,0.22959406779644834,0.6260480607351162,0.26791232154698313,0.5670484665699997,0.3920407313337771,0.4896696687683385,0.014750243188833364,0.34186589560039365,0.04871815347028532,0.16748808023459555,0.7376455690414916,0.6946757479035363,0.2680380666056558,0.492728161658033,0.5794447767770529,0.1409235574983977,0.09489173910264606,0.18226805522151202,0.7165346813275575,0.7098889020334176,0.10836808258987451,0.16028619240709022,0.02327296411564586,0.0515998994163911,0.1845596925002268,0.09702535010586828,0.08257108938073511,0.4072532558054527,0.1856988347386445,0.19431629112741844,0.6938974021500245,0.6957478866223707,0.018725828590085924,0.16302448480268825,0.2126220501266005,0.24713743244800562,0.22813996009201024,0.09991908615893519,0.3521261067845192,0.43911881686947973,0.6361781609481216,0.059607356503059934,0.7701638870360715,0.49972444084421014,0.41294149290316495,0.37564578265624704,0.6630131927387394,0.1452306901689202,0.13345855240549748,0.4606125353948469,0.2466682679850664,0.43117719610396904,0.2635908959817842,0.11719838942057124,0.07052915328075879,0.3888094433975076,1.0926085473404692,0.04497718570963808,0.234139816566178,0.004918934613068898,0.2113808749620329,0.3006304712171245,0.4987929079812118,0.8939564843305299,0.6417325343918002,0.7359743273445408,0.27892377366451854,0.6159712396394185,0.6748013379415605,0.02978148920978581,0.8278513139757853,0.3304503773509745,0.08014641029130484,0.37495898522762894,0.7501356527601466,0.07542565208799834,0.5222255191077689,0.15002662891721508,0.0709011748336872,0.04099534047782471,0.1582716147561101,0.14048843905415245,0.17783340371912473,0.0301920060532423,0.10045302185524185,0.29756755907459564,0.03967920869484723,0.09499694402232808,0.10097662923381505,0.03079061907726545,0.22890165890388148,0.6390111806637295,0.1395415090176582,0.16425452512283364,0.5262827691874944,1.1880040036159896,0.12355583503728802,0.044569129895945185,0.7351025284719083,0.0831179317910558,0.5679541630233816,0.3418357672022035,0.07964331820752371,0.29679037802543456,0.22802720120042314,0.004764427294461659,0.23476841957093528,0.11468214628428923,0.04510388371078169,0.007491862669289466,0.7127408641131141,0.07077624710592169,0.3343647383009795,0.33641756192971883,0.12665574901257245,0.47224851324774103,0.021466847446576582,0.15892868356370315,0.15544455378906544,0.33681841480502334,0.09238034012850761,0.180137374332053,0.08786819730789328,0.09195747696903321,0.35337328919342503,0.1758844463769352,0.4336305837010843,0.1571406607379822,0.12648419983952935,0.7499009267494066,0.17747210351848028,0.0232096329320576,1.0002667203877607,0.15467263126589495,0.3602701024750865,0.09804769557428644,0.16865549579506606,0.2625002241799992,0.05893204673841369,0.0725614232263184,0.1602484802270202,0.07753795305442882,0.01655091771501024,0.17219200318457825,0.023847299008142826,0.10047330789192341,0.4484160704154054,0.5226912801426576,0.14275265338434553,0.4144503433695402,0.3077882988134798,0.2675262465058809,0.38925206623225084,0.6047114190066405,0.32149866878125505,0.13341095003261969,0.06449105680145359,0.03546246378316577,0.4400279760295122,0.11597077398883045,0.08679182901103778,0.4868095413634675,0.4153165241860241,0.13704746550232452,0.29415884901895606
KO_94,0.2028535084079523,0.2509523995996824,0.3685971409060287,0.230543739996724,0.09789933509129843,0.2080498271885391,0.058908557125303844,0.16457057946429712,0.20239674435679716,0.09324009908349899,0.0964545455137752,0.6489693345550579,0.02687734338408894,0.293656671282112,0.02404243932354034,0.1776137587876747,0.015380377251854751,0.1812861542456935,0.0494742221116574,0.06858529316576821,0.1491351840499981,0.2032121865034673,0.45207244507453537,0.0012737272928520262,0.1992920172918408,0.04107108511334315,0.034219256328415014,0.11653848405931076,0.6763185597399912,0.15892194226760345,0.0413862302100166,0.5521418880096127,0.1276054409382005,0.21363078159539353,0.017884678291303795,0.2296250016105357,0.6260889815136698,0.2679198086691225,0.5670847196332528,0.3919843075658389,0.4896631666224396,0.014754636176049099,0.3418622894292805,0.04872150851859282,0.16749877643971234,0.7375770454562172,0.694665612752347,0.26803124150404006,0.49268912986608665,0.5794867301847509,0.1409102157267305,0.09489150778884864,0.18227124966495858,0.7165774898396798,0.7098953387034648,0.10838227070667682,0.1602690447259802,0.023275507709093327,0.05159386164655518,0.1845748955956236,0.09703017226116178,0.08257555444823797,0.40724363034017624,0.1857054213529398,0.19437632369524935,0.6938879355832563,0.6957605619895345,0.01873241208907523,0.1630050016122274,0.21262741800947718,0.24716505990639137,0.22814649358528066,0.09993350930664721,0.35216665866334484,0.4390907748475659,0.6361822929556065,0.05959553515959806,0.7701041152436119,0.49969549353075043,0.4129648933770394,0.3756472970505667,0.6630022856823481,0.14523984854507163,0.1334456487867502,0.4606166025155999,0.24665028205961273,0.43120444679026354,0.26358301998758343,0.11722322146239351,0.07054402477022495,0.38880330316440537,1.0925870575261214,0.04497206486280928,0.23414951689878233,0.00491989608803425,0.21139460380691563,0.3006410572672722,0.49874894660688396,0.8939673471404105,0.6416754872291847,0.7359687329426198,0.2789078813215549,0.6159173124440789,0.6747974247865758,0.02978631995182467,0.8279032871567139,0.3304905984058837,0.08014693748548683,0.37497952771341164,0.7501301191069265,0.0754317889237487,0.5221955878908878,0.15004455294322025,0.07090922622045662,0.04099761921801537,0.15827506316567588,0.14050762758368152,0.1778376875032975,0.03019539423272487,0.10044188301299309,0.2975654345022357,0.039680123391597384,0.09499119791681535,0.10097552692078565,0.030794441393915833,0.22890779439059727,0.6390658331425516,0.13953332035170896,0.1642616471258771,0.526267905346806,1.188003584678692,0.12358028677328844,0.04455512134850256,0.7351018862424301,0.08313444428133292,0.5679439303935895,0.34181991145498525,0.07964141752489019,0.29679615328837533,0.22802645944347955,0.0047633151293820205,0.23474477371527713,0.1146813508445699,0.04511474350844191,0.007490413237421516,0.7127648015854752,0.07077547553579495,0.3343686094364958,0.3364052166729017,0.12667269781012055,0.47223785394483386,0.021466488341319322,0.15892666714847523,0.15544463046154958,0.3367867755893039,0.09236179275638542,0.18010527527875564,0.08788012441501479,0.09196428846107926,0.3533414545282656,0.1758752586096197,0.43361712389681617,0.15714795275735707,0.126502371551163,0.7499242364970845,0.17746709526339222,0.02321147727638318,1.0002941672171075,0.15467231413558336,0.3602777957629323,0.09804788562742646,0.16864992262652007,0.26249726152983366,0.05893183530645803,0.0725621874506292,0.16025240435070873,0.07754044512743975,0.016549629741054058,0.17217858168087719,0.0238427904453364,0.10047915202179854,0.44843169373220615,0.5226768968090834,0.14276441229380415,0.41440165163100545,0.30782381120821933,0.2675551231458739,0.38925477670568465,0.6046853248438435,0.3214717680770706,0.13339078829854192,0.06448336925803513,0.035468017382427414,0.4399982642097311,0.11596161028606627,0.08678639609941406,0.48684328192047716,0.41534368127578924,0.13639598097167632,0.29418376289315157
KO_95,0.20282754313636217,0.25098688975839234,0.36852506681702807,0.2305593538291875,0.09792458233559362,0.2081101062108398,0.05893945076089018,0.16453839374904478,0.2024011266246774,0.09326398314878154,0.09648621972812485,0.6489202930798659,0.0268771613292348,0.29361518042923285,0.02404434165621588,0.17761902243322586,0.015380161791138543,0.18128277935325832,0.04950488674047713,0.06860469299258132,0.14911583722590802,0.20318365144505918,0.45205463368567134,0.0012732687769732986,0.19930215132881526,0.04107154534972731,0.034226230807411974,0.11655906384306894,0.6762321381573012,0.15891079103658987,0.0413948198994729,0.5522037371872566,0.12759829951561374,0.2136347642880607,0.01788891674828838,0.22957319744817473,0.6261025570369292,0.26785978788384046,0.5669790186035111,0.3920112574243225,0.4896395049386356,0.014750905924528802,0.34189012584494893,0.048724389317565384,0.16750771449766727,0.7376103359955151,0.6945969152741993,0.26804458990960295,0.4926861475563882,0.5794926291957885,0.14092654373438246,0.09489475856401662,0.18226207485656873,0.7164380482907545,0.7098919275465136,0.10837777631134839,0.16031209197599897,0.02328284119122098,0.051594060350234554,0.18452353757000575,0.09701692370638833,0.0825764718913992,0.4071906186989386,0.18573626093700774,0.19434517759608377,0.6938946611176918,0.6957074991369072,0.018731856199570348,0.1629986478267813,0.2126226472141536,0.24712321092416212,0.22816218644470612,0.09991004994518936,0.35225081963050936,0.4391566720008828,0.6361885043660642,0.05960502542333375,0.7700980513091471,0.49961378137588164,0.41293656243613686,0.3756714217434349,0.6629681059016722,0.1452490228670565,0.13342429916591628,0.46062193082612335,0.24661811646660756,0.4311029554437181,0.26356199332739705,0.11722565269824363,0.07054926048630072,0.3888057722708518,1.0925404979529791,0.044973555871133566,0.23415696300674965,0.004921828846295537,0.21140963427460377,0.300630033970423,0.4986773810514996,0.8938793603746633,0.6416826432367471,0.7359783380796973,0.27891409574168874,0.61590244372326,0.6748182019179727,0.029773681583357057,0.8278307780386163,0.3304857915868548,0.0801495568962608,0.37493281900621606,0.7501372930721588,0.07543337443376893,0.5222327481530946,0.15005488868885036,0.07088714117614381,0.04099534532238283,0.15826595175698954,0.14050171812220563,0.1778523117775405,0.03019487406338658,0.10041116983010671,0.29759556038013757,0.039684203867185644,0.09498890804325993,0.10096934047183735,0.03079532560022388,0.22888347549037405,0.6390801045176824,0.13952194533097764,0.16429466540739213,0.5262424250340662,1.1879934513855175,0.12357728443297283,0.04454918650351707,0.7350939823402818,0.08312519758198322,0.5679162536612917,0.3418421078997354,0.07962424214172237,0.2967909859817905,0.22802537946592588,0.004766520633366175,0.23477746342532332,0.11469703864007995,0.04511022559176339,0.007490369202407629,0.7126668065346436,0.07077269343138388,0.33431570122355275,0.3364072456837798,0.12669758482963403,0.4722509366253703,0.02146981867764659,0.15892329127274812,0.15543295529691023,0.33682969028865306,0.09238011246081843,0.18011408386885625,0.08787183173914169,0.09196940431101494,0.3533609982897839,0.17590123480557757,0.4336588644310046,0.15714450055942022,0.12651309523414853,0.7498562301221098,0.1774758707468178,0.023214730312534116,1.0002403485884817,0.1546890837677731,0.3602696761160335,0.0980423093185241,0.16863172310096655,0.26246641555971867,0.05893887963033957,0.0725592824638091,0.1602618982038851,0.0775462362865037,0.01655505209543704,0.17221193653727912,0.023849710262401194,0.10048529540553505,0.44843231831683844,0.5226734861359945,0.14275739984007124,0.4144017848037974,0.30781238959290963,0.2675643842260056,0.3892768761257351,0.6047210997837201,0.3214627847441279,0.13341673899359655,0.06450158345143174,0.03545936967279341,0.4400450883543675,0.11595488378370387,0.086785795738515,0.4018328314996446,0.41536674776483057,0.13705385804408787,0.29416631415226885
KO_96,0.20281220432805433,0.250992193880332,0.36853444544117797,0.23050392209526072,0.09792164605102884,0.20810784173418898,0.058929806789894075,0.164531512243318,0.20238310245228353,0.09325087214356198,0.09645876746075399,0.6489296599649512,0.026880884325562262,0.2936528790192146,0.024042887354640916,0.17760589122499904,0.015380354939247661,0.18127024127185234,0.04948323059896022,0.06860520118240704,0.1491309397871058,0.20320350202222526,0.45204928993392196,0.0012733454216209148,0.199281090410712,0.041074193460679705,0.0342335473938648,0.11654142524884172,0.6762182725465509,0.15892862890175916,0.04138713498088565,0.5521383547186615,0.1275942866405481,0.2136178430427102,0.01788715053743846,0.22957131313271442,0.6260758083375491,0.2678705684887998,0.5670042476929229,0.39200443353360487,0.48965884810820753,0.014755705455187946,0.34186468047279245,0.04872663612125311,0.16750943276150967,0.7376102364427276,0.6946486778982855,0.2680478519590534,0.4927211012970861,0.579475567269932,0.14092496615630717,0.09488156895642252,0.18225620756496974,0.716470068325441,0.7098783928352707,0.10836823109223653,0.16028814508061454,0.023274592454637758,0.05160171767086172,0.1845181351522955,0.09702906264190178,0.08258891991479589,0.407192051850421,0.18571037986006553,0.1943575021456643,0.6939452857932036,0.6957177867654805,0.018731788133900605,0.16300205832901402,0.21262737783143681,0.2471242548014415,0.22817107745428783,0.09992128211295934,0.35225726270844315,0.43910046248480883,0.6362092468079525,0.05959942320047044,0.7701289111722305,0.4996287840287347,0.41289898333463676,0.3756875912233337,0.6629821742229333,0.14524455655759058,0.13342623496964143,0.46066562396327876,0.24666282120147065,0.4311025104360413,0.2635810979606958,0.11723252570102755,0.07055074036620308,0.3888458717418868,1.092555575622521,0.044968803450095816,0.23416325352421447,0.004917652736305201,0.21139412306302321,0.3006273619213606,0.49867129779029945,0.8939140111764001,0.6416665989652753,0.7359553292390486,0.2788854180908583,0.6159387910658327,0.674820832917985,0.02977587220838346,0.827856811437958,0.33048538044427295,0.0801309995582265,0.3749409623768426,0.7501695444952682,0.07543225826686914,0.522235427169414,0.15005626458620183,0.07089827540160916,0.04099288059384981,0.15826487518775118,0.1405036168289106,0.1778480996559771,0.03019228127443402,0.10041404952259718,0.29758016222700756,0.039680839558333375,0.09498800923012056,0.10098225153542767,0.030810690498576675,0.2288890896763948,0.6390787482311407,0.13954255883698913,0.1642737667285468,0.5262650699989677,1.18806194514547,0.12356671147965959,0.04455840961388997,0.7350432588641337,0.08314383062751415,0.5679354863435487,0.3418251880967011,0.07963554158353316,0.2967795752498283,0.22798978394483552,0.0047666982220567694,0.2347292951133022,0.11469825163219027,0.045116713805969794,0.007491906567007223,0.7127392522712612,0.07078953327404491,0.33432289306678337,0.33641127553834704,0.1266691630650486,0.4722719963364284,0.021472077671761583,0.15892839475508158,0.15544152670119682,0.33682121288307254,0.09236106388241533,0.1800990820568992,0.08787515951928938,0.09195193576321162,0.3533301432881537,0.17588054130952852,0.43362025382391584,0.15713860084258174,0.12649638685651823,0.7499249595464715,0.17747572446931129,0.02320930064866073,1.000285203931523,0.15469600581827295,0.3602826815598161,0.09803543989551262,0.16864994002932485,0.2624823274230901,0.05894039588382,0.07255598661731737,0.1602570455355583,0.07755760272960302,0.016558564495635888,0.17218664371919465,0.023850866586315276,0.10048251182655554,0.44845477449047455,0.5226166454409972,0.14275022370313944,0.4144066514007476,0.307801539526389,0.26755448734402765,0.38926177697550574,0.6047419939709763,0.32146943074936224,0.133410011216911,0.06449191271376975,0.035463282842141175,0.4400216462518243,0.11595874193671746,0.08679528628776496,0.486837479091561,0.4153785904225643,0.13707567126547962,0.29413144957625137
KO_97,0.20286648642385594,0.2509087351974282,0.36860598799974453,0.23051917022622237,0.09792439079267157,0.20804064623189117,0.058901214342970146,0.16455774186304006,0.2023895993831879,0.09326355345244894,0.09643102722121863,0.6489649313860958,0.02688027540363118,0.293662442979689,0.024046853213465422,0.1776557547834287,0.01538734671457571,0.181297379477354,0.04949350091886928,0.06856781960111309,0.14912939611330053,0.2031835507641674,0.4520661102143613,0.0012727898990757647,0.1992800358415118,0.041079435931067505,0.034232121811641876,0.11655202333462265,0.6762811725980918,0.15890992839560436,0.04137740515334962,0.5521999809947381,0.12759354923861913,0.2136577815576295,0.01788127989962374,0.22961844904881065,0.6260449112386129,0.2678979735601654,0.5669907881789394,0.39206332969012764,0.48968899757015366,0.014753871497622301,0.3418459366013492,0.0487256014300509,0.16748366930287228,0.7376233276347686,0.6946293666773219,0.2680070042211246,0.4926998854954842,0.5794424414210209,0.140922513146918,0.0948831962994472,0.18226027216074164,0.7165262019518679,0.7099038815620184,0.10837594505310139,0.16026701878687832,0.023271165742221708,0.051592382927917596,0.18456904006607966,0.09702522451980873,0.08257396616117642,0.4072131787573588,0.18571142557170622,0.19434143226733505,0.6938197594052732,0.6957714661478117,0.018736359497245607,0.1629936599473737,0.21260712307844692,0.24714251554956473,0.22812038954174102,0.09991888412057259,0.3521343490926692,0.4391150021524675,0.6361791272089953,0.05960247155603509,0.77019647702883,0.4997558441093632,0.41297170342390205,0.375664999494923,0.662972087435521,0.14524191987326449,0.13345414406478087,0.46064888174187923,0.24663823589426628,0.43121563990080175,0.26356973631907077,0.11719276891626916,0.07054178037811272,0.38884050812402804,1.0926097439656628,0.04497760049572218,0.234100957792412,0.004921642847005169,0.21138990551277315,0.3006514900593951,0.49872157028466685,0.8939393824045127,0.6416719679810956,0.7359595461054163,0.2789132861991007,0.6159156170904386,0.6748435382213243,0.029775857441178975,0.8278428023055566,0.3304594118391761,0.08014599942731572,0.37497168702948824,0.7502445607921223,0.07541788666717825,0.5222186402609923,0.15002674447102574,0.07090600995142281,0.040997853781325165,0.15829445837187509,0.14051227223198315,0.17782684578104083,0.03018336728908462,0.10044613383608356,0.2975552573615537,0.03968393758565887,0.09497733461524041,0.10097571660595243,0.030795182480663756,0.2288965290889761,0.639000311380875,0.13953538546610694,0.16426361091490294,0.5262423365127145,1.188004317899123,0.12355947790054898,0.04456851919120208,0.7350351211409615,0.08311244162455096,0.5679813011267016,0.3418213743864586,0.07963203646659209,0.29679861389754075,0.22798815728653668,0.004765296626245834,0.23478384348640863,0.11466717145311062,0.04511739132965429,0.007487075682814896,0.7127662630512345,0.07077423132444645,0.334356572521521,0.3363738439459196,0.12667931053554285,0.4722324365276507,0.02147382805430761,0.1589394055834228,0.15543163851696268,0.3367776009768586,0.09236176295982124,0.18010682045522675,0.08787500108473768,0.09195881139095222,0.35333931381735334,0.17588018051186058,0.43364487202019986,0.15715635976342748,0.12649471925377245,0.749906463586883,0.1774935091198649,0.02320672714933287,1.0002776916193727,0.1546831314764174,0.3602746691140538,0.09803970437101607,0.16865045941750145,0.26252449244174125,0.058929945602324334,0.0725664806399478,0.16025355353668205,0.07754338370285632,0.016550459981251178,0.17215843719593527,0.02384156873989444,0.10047248380142221,0.44841110526169736,0.5226760397897993,0.142767909630466,0.41443788741092596,0.307767510985502,0.26752775446021954,0.38925525708837105,0.6047155177793034,0.32145537509504385,0.13341597528468083,0.06447790439040654,0.0354667391595651,0.4400334580202783,0.11593985768702508,0.08679240417939466,0.4868273177894817,0.41531223556432934,0.13704773430857017,0.2941647487634253
KO_98,0.2023725512843849,0.25125259982778675,0.368341523100202,0.23311334328870661,0.09845390595322037,0.2101013112611493,0.059103495631492316,0.1644248912061207,0.20244652058781673,0.09361498073891764,0.09486791436943931,0.6489967372253855,0.026776921244446524,0.29371271897618484,0.02404644472144696,0.17848143083840196,0.015436116153728988,0.18136156221039548,0.04945258053133796,0.06930944799052026,0.15084396621680915,0.20300510041474817,0.46086270113817596,0.0012739483584466825,0.1979998465169785,0.04048981560182737,0.03420486972999957,0.11656532393587511,0.6750546936423948,0.16014141024877096,0.04157611716105896,0.5542855815428104,0.127695713548247,0.21381140407903765,0.017868762928028564,0.22959142363622267,0.6266223562583284,0.2684050328314701,0.5648044130103561,0.3921815145868465,0.48987615573035176,0.20601713228970717,0.3417384654090248,0.04874464385887366,0.16744862514886127,0.7372032413370753,0.6941248491574703,0.26833508627548663,0.49396553776335417,0.579353076199136,0.14104425130248802,0.09479634315051787,0.18246845830342426,0.7159645038423782,0.710530451072849,0.10833274017484279,0.15988584731348163,0.0232665488468452,0.05161488935379095,0.18439650806728192,0.09684216367724371,0.08264219885717128,0.40709729060143796,0.18585773673117417,0.19435082642268187,0.6943418313265953,0.6955157878502001,0.01851640040660639,0.163142563705005,0.21272581630316556,0.24697381285337291,0.22854002997107328,0.09852174369009765,0.35488932287285274,0.44490607835908275,0.6358560647587534,0.05953165939315744,0.7699652866037844,0.4992642084388694,0.41478822839753354,0.37584284820320457,0.6629794469417692,0.14523902449419274,0.15538384012613585,0.4420833043009555,0.24671709440101097,0.4302968105418901,0.2626693226303622,0.11737388718483363,0.07063334653489374,0.3891287319629244,1.0925296584704407,0.04487573998773822,0.23369249624658767,0.004912065735160873,0.21147973243799198,0.3005102164683324,0.503691251934122,0.8939265859438099,0.6414241122545961,0.7368826664720844,0.2791802354769452,0.6160705095864637,0.3550454462402604,0.02968241429195196,0.8273382403200418,0.3303360205105256,0.07999677215220356,0.3746342147707006,0.5882899196008778,0.07547972782900007,0.5227132659911088,0.15009933361609012,0.07090287587459833,0.04099618779053397,0.1582762525897766,0.140393453195879,0.17790707031812358,0.030216656130301424,0.10032265840634047,0.297452734822629,0.03965144165026515,0.09504492427369077,0.10094628022024633,0.030844874529007808,0.22894061214344413,0.6394120500575304,0.13821767424212048,0.164466050198968,0.5293361360656089,1.1881435021106381,0.1235748890786635,0.04453479943957013,0.7433244199813367,0.08285050196598412,0.5676514640983874,0.3458933016039262,0.07965409698390274,0.2972404162367858,0.22814628876907117,0.00476990630495947,0.23415194332557107,0.11503067051864113,0.04510787948532566,0.007458079871032988,0.7123563153607823,0.07073568936206032,0.3336638072848261,0.3364670369960601,0.12677795952781387,0.4723511609591267,0.021359361445594874,0.15904492308175433,0.15516115846366382,0.3369343462547092,0.09237250475630757,0.1799962311390166,0.08788171779457601,0.0919694546046418,0.35335888181874503,0.17590026571396494,0.4335968945335463,0.15709613922655105,0.12658079352787577,0.7496732793145668,0.17752045933180594,0.04026450568784145,1.0003082663482412,0.15475504407397625,0.36182978494462886,0.0979596956346498,0.17028811921340936,0.2622909356424935,0.059010834400565336,0.07251724060832973,0.1602856061482054,0.07757885899604428,0.09141002473350004,0.17216318427404792,0.023860494927520425,0.1005089004511012,0.44822853988742245,0.5223821022976213,0.14233494308942074,0.41429166850589577,0.3078723897346576,0.2677815996339087,0.3892411152336616,0.6050231798644126,0.32152708586309336,0.13347018277627745,0.06451043034392369,0.035203042699507026,0.4391997150429672,0.1161012002323564,0.08678506384432998,0.48688446133612034,0.415453637763488,0.1370467038828612,0.3016384955709029
KO_99,0.20290898263017976,0.25090435656988125,0.36863122611865584,0.23055396612849033,0.09790805583850874,0.20803912760178256,0.05888166150609294,0.1645730903504198,0.20240003489564024,0.09327294164220755,0.09644077733337802,0.6489715326578938,0.02687788875204837,0.2936712102479499,0.02404733001859768,0.17767357133067985,0.015374860353611634,0.18127975921463677,0.049482595210400625,0.06855081266037501,0.14914493449291855,0.2031907116333378,0.45209598507488175,0.0012723555650180844,0.19932459996427776,0.04107819903043925,0.034222322020492996,0.11653262534265707,0.6763877745507856,0.15890686051841002,0.04138051564157232,0.5522007541980035,0.1275972137368072,0.21367323786848874,0.017882286926433195,0.22962323617753422,0.6260364588214103,0.2679458038355575,0.5670992321757932,0.39205917974417276,0.48965928585267865,0.014744358444087516,0.3418707721373337,0.04871324948029093,0.1674960726389281,0.7375814493543813,0.6946254610773388,0.2680077379163224,0.49271136148127065,0.5794532564130384,0.1409361882228435,0.09490208190475688,0.18223930091684154,0.7166078564603938,0.7099594626715782,0.10838880799021557,0.16025692626363466,0.023279391971281524,0.05158490299645267,0.18457929269659426,0.09701874302589297,0.08255588504118826,0.40725553931543335,0.1856858579352956,0.19432391766061252,0.6938441672733348,0.6957856800573337,0.01872961914390332,0.16302365691927811,0.21262664776906368,0.24713906120806609,0.22813000911741335,0.09993144755424778,0.3521319031946625,0.43912445423668134,0.6362225678196715,0.05960453035367731,0.7701610700423178,0.4997475805159574,0.41299623215801823,0.37561657553196476,0.4599959547288526,0.14523259819519996,0.1334478196916626,0.46062066166297505,0.24665453585315544,0.4311746285549546,0.26358964587927824,0.117195354538293,0.0705311861453777,0.38879116472999103,1.092674252097871,0.0449778429923283,0.23411434602182854,0.00491797602793414,0.2114082231682324,0.3006245104352955,0.4987770581603151,0.8940362903436195,0.6417005714945143,0.7359732277961589,0.2789216791514671,0.6159356456771636,0.6748846993800982,0.029777425949710362,0.8278199906001984,0.33047910463299807,0.08014252532454369,0.37500126764103664,0.7502241183001486,0.07542220769196706,0.5222182483954053,0.15001130171150506,0.0709007076406754,0.04099954784715899,0.15830353587761742,0.1405064666733269,0.1778481536713387,0.030188112701385335,0.10044552668745982,0.2975481975685238,0.03968892607158815,0.09498912569747855,0.10099712722746677,0.03078702943540799,0.22889320832869872,0.6389650952301472,0.13950827564517043,0.16426286117192884,0.5262582828579183,1.1879745965759667,0.12356861583866441,0.04456990779304481,0.7350611936866844,0.0831198269605607,0.5679654110350711,0.34181238746215836,0.07964098661150225,0.2968099535176312,0.22799616874210388,0.004768429037524015,0.23479220212702437,0.11464276000797323,0.045113142386517924,0.007487901697956124,0.7127568509176417,0.07077790912662495,0.33436229093493436,0.3363762530136168,0.12666152038073003,0.4722875556117365,0.02146693307876475,0.15894953181346513,0.15543582967462352,0.33679960812922116,0.09236984531922318,0.18013115494212006,0.08787457055446408,0.09196240788230221,0.35335472366613896,0.17586076850339646,0.4336124556808979,0.1571583406046553,0.12649375996172532,0.7499392739362731,0.17748835018327386,0.023205629609878684,1.000297982226398,0.15465559762199302,0.36029152986334,0.09805768828833743,0.16864370518436259,0.2625133528435478,0.05894217367894742,0.0725718625073562,0.1602538390093176,0.07754146741313175,0.016548579730138364,0.17219701679101182,0.023845822699798767,0.1004755681422703,0.448463575650156,0.5226938002788284,0.14275467078014245,0.4144538675387055,0.3077926302930892,0.2675020610146376,0.38924479841887283,0.6047403517803016,0.321458244493254,0.13340612232919344,0.06447311519046023,0.0354756133949169,0.4400130708179432,0.11597365151102197,0.08678667266144972,0.4868381376652737,0.41531874559380444,0.13707205156959446,0.2941589168424686
KO_100,0.20283304495208757,0.2510306821662474,0.3685503849379404,0.2299255513968909,0.09795089713695931,0.20812682248295952,0.05893450170160413,0.1648231973619372,0.2024113663669517,0.09326378320812165,0.09646988034337217,0.6489658700966431,0.0268690323129766,0.29363896717758736,0.024043780324661253,0.1776142536874217,0.015387084936597914,0.18127034969114827,0.049481117653245005,0.06850494681686926,0.14914894077769278,0.2129338228809368,0.45206454331309287,0.0012733369884759833,0.1992704054892211,0.04105350382183195,0.034224784814109684,0.11654897590399273,0.6762430009034799,0.1589175915649548,0.04135487403419922,0.5517387571406093,0.12761802020332025,0.21371455157529787,0.019299993448241796,0.23168295629941973,0.625644443853495,0.2677811838244449,0.5672035154317402,0.3920203295826325,0.4896848511731138,0.014777595501179713,0.3405875565315779,0.048740249111366055,0.16752068204924,0.7376826711505283,0.6938666829172234,0.26800663005215497,0.4927277550237147,0.5786997758843488,0.1409315852003216,0.09489296682443975,0.18247506791674195,0.716419104254973,0.7096603016817674,0.10833135592564083,0.1603009804536344,0.023271153923663128,0.05158642075176014,0.1845388220873241,0.0970153809924774,0.08257718528582515,0.4072182035370409,0.18572234090049006,0.1943466257992294,0.693997865902175,0.6957400183916237,0.018731941508329998,0.1605434684482765,0.21261967622524064,0.24713452383397874,0.2280806832465866,0.09998676255420061,0.3521967452862454,0.4388609575349138,0.6362334938017006,0.05959280884197462,0.7700057823136196,0.49967258290839894,0.4128102744281804,0.3756739506446894,0.6629776947322632,0.146092298556687,0.1334312254588444,0.46068887266956915,0.24664554781394252,0.43104998835643227,0.2636375648696772,0.11723044109511072,0.07054515605109823,0.3888312425158415,1.0926248914842018,0.04189587338806158,0.23318272020944986,0.004920174115418049,0.21138746941356115,0.3006459417640921,0.49891645210809127,0.8940147636146252,0.6416757397922817,0.7359834134636037,0.27892541277745886,0.6159360060784294,0.6748254485766002,0.08261089783912706,0.8278665592650284,0.3296827366763263,0.08014643769774416,0.37495900765803286,0.7501746415953799,0.07543111825737808,0.5223467179590604,0.15002637733363836,0.07090072791334895,0.040991099808094116,0.1420377418119229,0.14050720156228644,0.17707934693189983,0.030193619839166713,0.10040852939299023,0.29706098531623504,0.039678217128670375,0.09499500381360022,0.10095750985101812,0.030806017350303617,0.22889942929807272,0.6391110677382067,0.13967910881306464,0.164279238020686,0.5263039728276211,1.1880169285550413,0.12356843491965273,0.04455965386882308,0.7350327803172102,0.08320333896089588,0.5679133133496527,0.34182530043658477,0.07963119221693496,0.2967794277448292,0.2279992007115799,0.004764935003051188,0.23474632124587458,0.1147137384714029,0.045108932306099934,0.007499333295099828,0.7126650931878705,0.07077570817931084,0.3343058943218709,0.33639639178624536,0.12670257204566346,0.47207203984532287,0.021459784960581096,0.15896623226260398,0.15543750100840723,0.3368348563127438,0.09236720532982402,0.18010511494036802,0.08787482616531596,0.09196305825282422,0.35332823102729766,0.1758995478388155,0.4336019025255431,0.15715568035607008,0.12649051679473625,0.7498421992066662,0.17740521505276632,0.02325616690128934,1.0001631653948322,0.15466794404644751,0.3602362643326215,0.09804124262706161,0.16864630590987414,0.26248861306651605,0.05893582346686818,0.07256040883000935,0.1604482620333216,0.07755859936291352,0.016552057361477256,0.1721911982837688,0.023847760628200706,0.10047451291231976,0.4484861622355504,0.5226454437234255,0.1427614573757178,0.4143834504200044,0.3078085801612877,0.2675676189499071,0.38926678492413846,0.6047755828571715,0.32154119384094654,0.13331029758424454,0.0645014883413531,0.0354707225462815,0.43996154480292676,0.11596532394232824,0.08679457424505906,0.48683832675024563,0.41532938943567904,0.13705025106426727,0.2941601115378433
KO_101,0.20284029145208166,0.2509606883023698,0.3685876738649105,0.2305320676737942,0.09792117251438333,0.20808025243689457,0.05891063991996041,0.16454822338643865,0.2023985496071044,0.09326011161870752,0.09644815800516268,0.6489625443059622,0.026882334674890915,0.29367242180723235,0.024046181678521576,0.17764526819706866,0.015374029386796193,0.18129844554624946,0.04948939112281191,0.06858669777018844,0.14912736055971373,0.20321041023430522,0.4520631674762497,0.0012733032783029273,0.19927193062487764,0.041078694414930866,0.034222975949419636,0.11654035416658064,0.6762740559604427,0.15891652989750152,0.04138515841849653,0.552193376250373,0.12759444730008007,0.21364613235601992,0.017888676549060747,0.22959207803260076,0.6260420689360195,0.26788143415056187,0.5669896044042502,0.39203058625600795,0.4896541046163404,0.014756722521966642,0.34187065642735825,0.048712696486084055,0.16750695350433967,0.7375760692855793,0.6946352019853866,0.26801631333404624,0.4927025806034459,0.5794871019811739,0.14093896906893444,0.0948868781927722,0.18227908261236964,0.7165604970190752,0.7099381294615007,0.10838397567215446,0.16027425825665165,0.023274901799088022,0.05159128675196121,0.18454625538355368,0.09701856302915539,0.08257352187946204,0.40718819334644507,0.18568615953662126,0.19433836926482703,0.6939285582990891,0.6957658043089858,0.018732013713276745,0.1629984761214649,0.21261792465986798,0.2471230586454249,0.22815833789689663,0.09992393857457905,0.3522310370918533,0.43913422218162596,0.636196880447061,0.05959288278552995,0.7701790141475886,0.49967694648425987,0.4129458348446003,0.3756541239138562,0.6630102793181282,0.14523874451822244,0.1334374865757382,0.4606100241875808,0.2466507617007924,0.43111479154437654,0.26357229032774504,0.11722332197388836,0.07053583126276117,0.38882041457790634,1.0925243775829299,0.04497623320801692,0.2341630524225734,0.00491971985789128,0.21139895846116222,0.3006084613757574,0.4986897621694737,0.8938994277684185,0.6416639982792769,0.7359874697946481,0.2789162035795878,0.6159421498603195,0.674791813723234,0.029786352644022945,0.8278654490128682,0.33046858866918805,0.08014125865048005,0.37495602416298135,0.7502034550309439,0.07542363388331219,0.5222573950015161,0.15004635674327438,0.07089127585126492,0.041001449232415756,0.1582702376432895,0.14048070579982772,0.17785087537986694,0.03018490312668178,0.10043981413305073,0.2975794400928411,0.039686947124006784,0.09498002502540459,0.10098758060666391,0.030801986818037495,0.22891597835265473,0.6390312466383027,0.13953047584405184,0.16425617124573857,0.5262829764578973,1.1880352727945942,0.12357474288128141,0.0445574240150647,0.7350525721724805,0.08311213398387858,0.5679464142837756,0.3418267807654507,0.07964053986342032,0.29679743213097926,0.12390078757340443,0.004766687284503259,0.2347624148280118,0.1146920234144054,0.04511630593024758,0.007490428629651231,0.712693451060598,0.07076842587872989,0.33433665695625825,0.3363988369722456,0.12666085354296952,0.4722973053246685,0.021472495330345155,0.1589451769199901,0.15544928082394355,0.33685067359470255,0.0923788284585621,0.1801112231236371,0.08787248456099526,0.0919638860529721,0.3533527448315151,0.1758986605018899,0.4336344011436906,0.15714904999491588,0.12649315232660163,0.7498455551275017,0.17748566058304346,0.023213495297523364,1.0002897232242218,0.15469539630727586,0.36029305687969776,0.09804744922838783,0.16862743163919586,0.2624937453250405,0.058931596923522456,0.07256059872383366,0.16024743233329836,0.0775429008531132,0.016558217616016762,0.17217138571852697,0.023847970788942394,0.10048879740324883,0.4484501703893146,0.5226538690785909,0.14275306471450477,0.41440836802948444,0.3078006186523434,0.26754738279752477,0.389277259754395,0.6047347372337264,0.3214853249889183,0.1334204812176607,0.06449501347721756,0.03547424839045305,0.4399969546452781,0.11596579895180677,0.0867839697733215,0.48683438482365526,0.41532388083352234,0.13706686918192432,0.294190104446792
KO_102,0.2028678022024948,0.2509438605409652,0.36856879472225024,0.2305534719777829,0.09791194741602637,0.20807297285817083,0.05891164897547809,0.16457320445225362,0.20239883672253264,0.09325369727482287,0.09644766346444746,0.648951655593978,0.026884769898026482,0.29366502506023473,0.02404282662230287,0.17763942613912528,0.015381556471657471,0.1812829847726891,0.04948911774177263,0.06858462164849431,0.14913229715565085,0.2031869099001272,0.45209234092893086,0.0012734806864873733,0.1992963245173666,0.04107154891956163,0.03423606253406673,0.11653905797147242,0.6762876302130341,0.15893468244319656,0.041389767031426654,0.5522361120104771,0.12760375545087968,0.21364509638804388,0.017888034557837478,0.22960257803682765,0.6260487634533547,0.26790561365309185,0.5670197489085247,0.3920347376761631,0.4896515537685751,0.014753712278347462,0.341850732879006,0.04872162628937957,0.16748086479442229,0.7375725174213057,0.6946231853422234,0.26801879708130233,0.4927026174234455,0.5794470219449642,0.1409281300126788,0.0948969921216165,0.1822501344893454,0.7165251044213661,0.70994052598055,0.10837418450150162,0.16029279147794198,0.023273336378738924,0.05159000421781165,0.1845414919610875,0.09701742679404372,0.08256555483429219,0.4072068542886115,0.1857116143594364,0.1943138869916877,0.6938687792648041,0.6957780596986887,0.01872802156088978,0.163019778727529,0.2125989287480187,0.2471243336908231,0.228138264581405,0.09990623442229855,0.35220940065642575,0.43916059888747433,0.6361947396535294,0.05960855851880954,0.7701428894474533,0.49971471004943346,0.4130076666269497,0.37564318171171157,0.6630016460116447,0.14523262337328408,0.13344889589270378,0.4606173508559891,0.24666082885851248,0.4311430144450381,0.2635641501433652,0.11720852052505606,0.07052533273476413,0.3888261375515665,1.092585501425554,0.04498023822326112,0.23412581335599725,0.004921396402649426,0.21139283714624463,0.30064342166555463,0.49875808775730024,0.8939133255626786,0.641703934419741,0.7360224566667731,0.27890283653269643,0.6159097094561399,0.6747715876561899,0.02977381374717489,0.8278627682179939,0.3305004182610551,0.08015564745452831,0.37498039670501637,0.7501326851551668,0.07540972655578594,0.5222087789258422,0.15003954167208258,0.07089999823844326,0.041000169870304,0.15826969102403404,0.14051684757948146,0.17784232848071618,0.03018939863077874,0.10044055637697497,0.297561998290203,0.0396870041330001,0.09499482739113288,0.10100071916186032,0.030799462711485016,0.2288977177678657,0.638989530194923,0.13952926541309338,0.16426715752897927,0.5262700584355011,1.1880002556510851,0.12357433603501385,0.04456352435949809,0.73503252792008,0.08311652940422938,0.5679677467165865,0.3418277452002086,0.07963260124875397,0.29678091505341664,0.22801791480505854,0.004764841075621003,0.2347811448350614,0.11466402280200381,0.045112745824538135,0.007488040186453517,0.7127514522320147,0.07078772414861148,0.33433446819413415,0.33641916111204995,0.12668635588106367,0.4722514081154964,0.021474740263960256,0.15891596212470807,0.1554006135898313,0.33683198265271236,0.09236528141043188,0.18011450826925812,0.08788125100218504,0.09195424014251743,0.35330713705300104,0.17587684778679538,0.43364401705286687,0.1571457157360223,0.12648203079840903,0.7499186520570856,0.17747669295869428,0.0232170431803741,1.000266379489129,0.15467212143915973,0.36024988285833703,0.09804864832459773,0.1686402974084595,0.262507359532872,0.0589423942430538,0.07257031513582461,0.16024539186707126,0.07753501224959432,0.016548970335907333,0.17218502189477974,0.023847136623638944,0.10047220612676748,0.4484481956913746,0.5226699685184725,0.14275513065349604,0.41439891329927964,0.3077766721033906,0.26752641380179226,0.3892598114294777,0.6046930696643098,0.32149157688761004,0.13340557303492281,0.06448831281693634,0.03547608942523383,0.4399830539018643,0.11596778804204558,0.08679615390734452,0.4868375282486004,0.41533559983441076,0.13706189239533678,0.29415503105348617
KO_103,0.20186770057677636,0.25151675159422315,0.3681817081605716,0.23650287036528697,0.09910782126577698,0.21257531108306074,0.05932013796591566,0.16433015698581058,0.2025048084659921,0.09407349678262847,0.09283384543031672,0.6491670784842003,0.026634219549418078,0.29384514316965793,0.02404801656857049,0.1796471046795135,0.015503309821918344,0.18148395848895632,0.04940407722333294,0.07019472565292316,0.1530569894556827,0.20277382437780267,0.4720503736180494,0.0012754535094034536,0.1964094428523324,0.03974487477406747,0.03417837282643349,0.116520721312345,0.6737296995328896,0.16171332128453234,0.04179949043462052,0.556960525038478,0.12781174537161372,0.2140944289129587,0.017851377336060834,0.22962892591300435,0.6273249986849112,0.2692081022529624,0.5621739015400494,0.39242019319277277,0.4901737847284036,0.01477915784393431,0.3416119820423342,0.048766631915462974,0.16738107521140436,0.7367784777859887,0.6935413228296923,0.2687372420388556,0.4955901535515909,0.5792540646440744,0.14118642026688036,0.09471767057516436,0.18265960195874417,0.7155046022525718,0.7115178674360341,0.10828256175599717,0.15934582571112665,0.023250830570063382,0.051640737389730185,0.18422675149824325,0.09664750489968602,0.08271273583781642,0.4069805319995669,0.18597619660930031,0.1943737252882093,0.694735968181776,0.6954109127652123,0.018246820355241222,0.1633178858542642,0.21287125709899846,0.24682407673179046,0.22901454135909763,0.09682537920531016,0.35814932813976025,0.45229638319182985,0.6355218179247563,0.05943293747914378,0.7697364849846969,0.4988278999200559,0.4172315167915212,0.37608651634619483,0.6629306828394563,0.14522817941397734,0.18277815162166397,0.4195882964088212,0.2467695800548954,0.42942536942457615,0.26155580620089264,0.11753327124096294,0.07074983875047462,0.3894399817157776,1.0925414319173632,0.044760770559293554,0.23306695800917587,0.004898004375173624,0.2115560228023006,0.30037649991444204,0.5102126355587313,0.8939439213584829,0.6411827944503399,0.7380687980470996,0.2795254847634164,0.6162742247515264,0.6747978365357009,0.029561674049813025,0.8267658172236015,0.33026105731723604,0.07980433284492218,0.37425602826827414,0.4111326190877672,0.07553950004767512,0.5231767554596013,0.15016066093766933,0.07092235911429723,0.04099897476139664,0.15831462643988745,0.1402474952357487,0.17798771855370138,0.03023454293482614,0.10022771545611908,0.2972772889293886,0.03961285787194581,0.09509128997210557,0.10091987644777753,0.030906979017632338,0.2289992223746834,0.6397689283044511,0.1364981894633124,0.16465060670122572,0.533157527957088,1.1883573727278187,0.12356746161085298,0.04449653279295342,0.7536574173513138,0.08250020954256183,0.5672642075381348,0.3511283600891161,0.07965622813026359,0.2978400603432566,0.22833967265829472,0.004774030132291782,0.23343218250723505,0.1153869065956382,0.045099551057049866,0.007415658407255583,0.7121008603535894,0.07068433551379603,0.332955320069115,0.33656344296045115,0.1268872535050995,0.4725107358864151,0.021217802714594048,0.1591688199071475,0.1547947767004734,0.33701284140325344,0.09237125671422063,0.17981073917934215,0.08788537442464359,0.09196170750163275,0.35337247572568514,0.1759420549740888,0.43358507865717444,0.15704874123152956,0.12668315075195186,0.7495116908268066,0.1775297653344109,0.07317619649724641,1.0003431471755255,0.15483385695224441,0.3638779660564275,0.09787525559288465,0.17236938970389581,0.2620286503029575,0.05908904184263022,0.07243080770532545,0.1603267323869004,0.07758929811629474,0.01656443212309108,0.1721371884740636,0.02387472266038603,0.1005105687782826,0.4480411950106051,0.5220066122427982,0.14180684461426485,0.41422383681592934,0.30797480627137513,0.26808898304445555,0.38926633401814176,0.6054193891427684,0.32160693502480786,0.13350249029967642,0.0645412944010312,0.03488501522124397,0.4381865746583714,0.11629037603968743,0.086790514519992,0.4869080185382327,0.4156514347876507,0.1370698552774919,0.31089556476073527
KO_104,0.20289968463727678,0.2508681205089074,0.36862358689529,0.2308879972035447,0.09789212160118835,0.2080050830906813,0.05889201369573001,0.1644163795813407,0.20238536582149552,0.0932586199823818,0.09642437863799125,0.6489829762225997,0.02688578790818443,0.2936723539115645,0.024047183191861003,0.1776859255035528,0.015379908295877235,0.1812788065228762,0.04950132451631576,0.06862386458533629,0.14913277288465712,0.19787990204642447,0.4520879561201272,0.0012718799911664647,0.1993108512080269,0.04109599720143341,0.03423909298234729,0.11651379744982242,0.6763209376640417,0.15891138836681368,0.04140154310679172,0.5524482025155807,0.12759770791663863,0.21362962102094454,0.017130272606158115,0.2284930530756411,0.626276960127708,0.2679874718153467,0.5669676944160534,0.39203903896222236,0.48963486354362973,0.014743667092939719,0.3425650566516698,0.048711380537650784,0.16749432524280636,0.7375782923270973,0.6950110683451092,0.2680336760969322,0.49269232486190234,0.5798844529287088,0.14092570001447602,0.09490821939705901,0.18215158593724182,0.7166396104501996,0.7100661485318236,0.10840120628207174,0.16025604073293112,0.023272816496249633,0.05159547945065259,0.18457660272997936,0.09702391266503223,0.08257172853879063,0.4072366934235317,0.18571295453935815,0.19431924939083417,0.6937470610199971,0.6957885209745627,0.018730024561741616,0.16436561723220844,0.212621345094769,0.2471624978086419,0.22816203300038843,0.09990826740646618,0.35210462748005716,0.4392533817090012,0.63617580995187,0.05959683719136786,0.7702509112774528,0.49976569606743565,0.4130236592879196,0.37561420716871285,0.6630011481863562,0.14475390346306244,0.1334719852706075,0.46061015802709215,0.24664366968161366,0.4312392706425509,0.26359962171167556,0.11721156453948106,0.07052787757428534,0.3887984875665919,1.0926671223186806,0.04680503289437169,0.23468879830407893,0.004921857968691966,0.21139014287419824,0.30063848311800173,0.49865823785552255,0.8938839627818755,0.6417249015897419,0.7359901021544331,0.2789232530416744,0.6158832481039913,0.6747668712024553,0.029774644682046294,0.8278588366021205,0.3309193510199578,0.08014785111032031,0.3749729571832615,0.7501383716235526,0.07542798688702926,0.5221526208976243,0.1500309585067898,0.07090117457562564,0.04099900276629764,0.16812966970073748,0.14051913876879854,0.17824307074753115,0.030187802536505024,0.10043996300635244,0.29785469915676965,0.03968613325394038,0.09501081268018992,0.1009900774380087,0.03079048790346504,0.2289175239590322,0.6389374219465356,0.13944924200553152,0.16424043834243016,0.5262141462756548,1.1879527557562737,0.12356002610930193,0.044562941040154465,0.7350503342463607,0.0830779096646274,0.5679868670812492,0.34181524701394345,0.07962803911471848,0.29678168247786135,0.22802081126731835,0.004763915610342592,0.234798130297561,0.11462211668485021,0.04511792399182708,0.007485825796549446,0.7127771686196306,0.07078270671408594,0.3343691895788009,0.3363967977553145,0.12664295194018765,0.47239492443492326,0.02147091233383193,0.15891781468362837,0.15543668673463296,0.33679292208087314,0.09237297743027495,0.18013064157737166,0.0878769014815402,0.09196513271951105,0.3533235963707587,0.17587774258241604,0.4336414085873885,0.15715635677389755,0.12649143326214138,0.7499362520175842,0.17751503041502653,0.023190342549113577,1.0003246411348163,0.1546839171133478,0.36029672919935096,0.09805236572872067,0.16865536564665792,0.26253188818813494,0.05893619673409772,0.07256807519728181,0.16013784947261414,0.07754743917936159,0.016543759377506004,0.17219272557326604,0.023848705916999245,0.10045594963520575,0.4484395803161367,0.5226850574836195,0.1427657775994329,0.41440921759925015,0.30779185034259887,0.26750427970259294,0.38928009662040686,0.604721163276791,0.32140685289994103,0.13344990943878626,0.06448602691948116,0.03548102173969596,0.4400361020608432,0.11594978995020623,0.08679846690887513,0.48680893531389685,0.4153421493736569,0.13705249564703997,0.294186955288679
KO_105,0.2028647456328961,0.25094448921737317,0.3686027991952695,0.23054809007866647,0.09792026447512503,0.20806180805484356,0.058910129213807304,0.16456921520428558,0.20239969342370617,0.09326324445892475,0.096440066651213,0.6490017876684901,0.026872900209128144,0.2936611378231716,0.024039519111625576,0.1776556807399481,0.015378263485895353,0.18128699558132352,0.049486781697131096,0.06857614015493362,0.14914812918771556,0.20319607374212428,0.45206572600464523,0.0012731451845664089,0.19929123318337785,0.04107816384183257,0.03423127924372227,0.11653893971700016,0.676303401544648,0.15891599966425193,0.041386318565604666,0.552203927193996,0.1276025749979344,0.21366161238291392,0.01788843129485822,0.22962720861424743,0.626065500458213,0.26791395495050435,0.5670452480090615,0.3920462666842138,0.4896747091129148,0.01475073915297477,0.3418572949185813,0.048729110838363246,0.16749291879148054,0.737669892845947,0.6946095050826347,0.26799455031302283,0.492718489103804,0.5794817737656041,0.1409154640154689,0.09488961821777832,0.18228238616556,0.7165570081516562,0.7099163165200236,0.10837532418985134,0.16026664275109612,0.023276718733149925,0.05159217572615402,0.18459007529992405,0.0970261970858774,0.08257438150137589,0.4072046652745072,0.18571501451348843,0.19432078481627627,0.6938866036270447,0.6957519419873252,0.018733863483874243,0.16302691239896658,0.21260923810445853,0.24715268883678573,0.22814181796762892,0.09993250631234459,0.35215640060192116,0.4390900521210349,0.6361561293733318,0.05959743984312396,0.7701557034825598,0.49970148553996274,0.4129303696836455,0.3756381839236609,0.6630288023196268,0.1452382999673077,0.13345390170116972,0.4606232611278016,0.24666299533264363,0.4311886605863496,0.26362246644704473,0.1172151408720857,0.07053335210170524,0.3888126354451263,1.092621762942262,0.044976182371390845,0.2341162662974446,0.0049208647693930714,0.2114073292352127,0.30063542315901093,0.49873642746338315,0.8939447086353448,0.6417134105957271,0.735959928686282,0.27893830017864973,0.6158870589531388,0.6748310869457104,0.02977930724975682,0.827849372991601,0.3304892383900181,0.08014935979757314,0.37495378951889746,0.7501976031569716,0.07541362055756429,0.5222242600889383,0.15002239897937975,0.07090663335085504,0.04099788666863186,0.1582793921760119,0.14049876509766676,0.17785851143184098,0.030182107897047332,0.10042884467063104,0.2975605907175655,0.039687349636888476,0.09498731420389195,0.1009886963116232,0.03079925011220825,0.2288863125017195,0.6390295510259681,0.13955679199013912,0.16425929624058141,0.5262712616809839,1.1879809178135574,0.12355963383469797,0.044559365822571424,0.7350569418526678,0.08311480505335796,0.5679676838934449,0.341798387193198,0.07964683186205548,0.2968020207739144,0.2280125369441206,0.004766328302580785,0.23477763632809737,0.11467167632287682,0.04511148216403267,0.007488920399214226,0.7127433761756855,0.07078001225974877,0.3343363000801027,0.33639288111642807,0.12666937577559148,0.4722688892507391,0.02146727551167762,0.15893036555698076,0.15543367141877706,0.3368060971613733,0.09237141936912319,0.18011421458606594,0.08786545168113317,0.09196336455931227,0.3533416251747741,0.17586807726011988,0.4336493093161886,0.15716312685232847,0.12648438053187727,0.7499078556325467,0.1774785301741523,0.023207650911086876,1.0002723034730383,0.1546729110281874,0.360254214852461,0.09804272358852313,0.16865642486486104,0.26251297210371094,0.05893401146148206,0.07256304649619864,0.16024973758879443,0.07754286136464546,0.01654725115237393,0.17220214545699847,0.023845855465966112,0.10047885378062218,0.4484349926912721,0.522657123389518,0.14275433459343156,0.4144100883535242,0.3077831664242708,0.2675430814541206,0.38923720345049406,0.6047540884074585,0.3214683039555606,0.13340535703355635,0.0644855072344817,0.03547060238601118,0.44003337862951747,0.11596264915825044,0.08679628746321014,0.4868294604536034,0.41532436922339716,0.13706665089240813,0.2941529641933994
KO_106,0.20286140272338937,0.2509551648623632,0.36859832875511067,0.23053841636721442,0.09791075125355102,0.20807297240182518,0.0589039523439617,0.16456631771200322,0.20240135052113697,0.09325164771317157,0.09645199754989209,0.6489554356730299,0.026877903140659916,0.29365594782888366,0.02404275524704028,0.17764750014805542,0.015374366508151851,0.18128899281262062,0.04948721484117215,0.06856241944810305,0.1491469631153833,0.2031990190803316,0.4520884295000135,0.0012721401376851742,0.19929167354021063,0.04107392861362231,0.03422554035888764,0.1165273380805695,0.6763106106472597,0.15891376898021436,0.041384608296229815,0.552170497143017,0.12760456426268585,0.21367097898412138,0.017883475552092073,0.2296105647846551,0.626064579074213,0.2679330642244787,0.5670472710348151,0.3920230171045968,0.4896566432064783,0.014743071971347457,0.34185004936670355,0.04872499832668002,0.16752017931615976,0.7376300507006437,0.6946338856274992,0.26804130864426395,0.4927111025722313,0.5794161137245523,0.14092454795262205,0.09488579134833872,0.1822851161498078,0.7165825336588217,0.7099389168868842,0.10838127815608867,0.1602727173041342,0.02326528145992846,0.05158616951510535,0.1845485814462257,0.09701963356285279,0.08256482819142699,0.4071813556591412,0.18569919988941158,0.19434725694303537,0.693889325060936,0.6957465952352022,0.018729568964153603,0.1630191980686981,0.21262632668556675,0.24715307218879856,0.22814510527207488,0.09993403117964433,0.3521635271822245,0.4391516328539424,0.636162556764538,0.05960517443648662,0.7701360288265888,0.49972390361177255,0.41299231490061217,0.37561384169434375,0.663071080971902,0.1452267759401442,0.13344011198535047,0.4606682886840845,0.24667571463490626,0.43118552201237287,0.2635837681016525,0.11720007526377059,0.07053634436731203,0.3888090540935327,1.0925725820463168,0.04497110715122272,0.2341245988538957,0.004919900256905315,0.21138049083021992,0.30062440634702875,0.4987639075834324,0.8939561226627275,0.6417563107232792,0.7359762266988331,0.27890935573704584,0.6159301302912062,0.6748223155547303,0.029776811793564853,0.8278441810009048,0.33046827635957304,0.08014291634319035,0.3749808928651725,0.7501706615366186,0.07541235649350717,0.5222139776830749,0.1500112850235524,0.07089081954265855,0.041001057094543235,0.15827333010179695,0.1405022311633654,0.17784864298984146,0.030179425145133366,0.10043939838281245,0.29751355933961726,0.03967914532390047,0.09499129455577375,0.10097063222186635,0.030795893692995863,0.22889223287602545,0.6390263848429595,0.13951969063796524,0.16426135896837588,0.5262687281787588,1.1879868636218778,0.12355670592894398,0.04455747467529724,0.7350628138252155,0.08311363521041862,0.5679728329241548,0.3418374712474996,0.079657804315083,0.2967792012860667,0.2280266115965467,0.004764493191462623,0.23478281941751095,0.1146748658244642,0.04510979257391813,0.007491810427476319,0.7127319948157371,0.07076009747391405,0.3343331722350599,0.3364171955818754,0.1266517639270618,0.47224759490984375,0.021472903703128952,0.15891864327615535,0.1554554548688494,0.3368033103492685,0.09237515553833507,0.18010655336824904,0.0878879918346335,0.09195993576894546,0.3533491570633674,0.17587657690447625,0.43359491514634396,0.1571369973291047,0.12649907402261484,0.749895987996959,0.17748583066454368,0.023206603069214668,1.0002911436742767,0.15466864267830915,0.3602751209322721,0.0980506888712536,0.16866854179938365,0.2625070500731048,0.05893773461276665,0.07256509568973579,0.16025519214810588,0.07753459856353438,0.016549513877860567,0.17220764402228617,0.023847892773127575,0.10047625647403848,0.44845524978421203,0.5226916260274136,0.1427405663564987,0.4144149772765447,0.3077792814995842,0.26752193050665707,0.38922542508130725,0.6046902026394924,0.32146395144987233,0.13339118466598351,0.06448135153142649,0.03546669611285931,0.43999603095833034,0.1159428949157009,0.08679255638433811,0.48679988629090304,0.4152880345372825,0.13705360419761883,0.29416001448466
KO_107,0.20286350792526267,0.2509426865014635,0.36859123614770883,0.23054688061265763,0.09791736759487331,0.20808997493017825,0.05890424585442487,0.16456099306354185,0.2024146573440497,0.09326899122737159,0.09644409799508592,0.6489804883455796,0.026878364251212056,0.29365386353703027,0.024046015475843226,0.177654993356942,0.01538118934137319,0.18128416575370873,0.04947995799911091,0.06857909704682427,0.14915357894237583,0.2031936705746577,0.4521034671808105,0.0012727183943645258,0.1992739330258286,0.04107624540209672,0.03423279404818107,0.11655239877651269,0.676281711641153,0.15890865183992933,0.04138461059595277,0.5521858263192952,0.1276052057631182,0.21366137438563268,0.0178850640364131,0.22962250564468759,0.6260740657977301,0.2679083271823981,0.5669948658257057,0.3920219543920158,0.48967832912846365,0.014745492024360134,0.3418439884327081,0.0487306682340485,0.16750966068368717,0.7376077416682114,0.6945967607504347,0.2680180129341095,0.492708302902936,0.5794655316747905,0.14092929062046944,0.09490774521403303,0.18227209661232996,0.716549450736033,0.7098970997805353,0.10837382628720552,0.16027854259134997,0.023275121997643426,0.05158506760440248,0.18455859806164296,0.09702610795785643,0.08258689913788245,0.40720881786027924,0.18569161493000372,0.19435400343265738,0.6938773264512025,0.6957488684278151,0.018729724205190788,0.1630103023247016,0.21261850446018415,0.24714448094173544,0.22812564117131737,0.09989746669970107,0.35218320917956053,0.4391438915450764,0.6361678518532694,0.05959895888569643,0.7701601861304314,0.4997180439472595,0.4129830463452448,0.3756556541662675,0.6630305515348244,0.14525081756323402,0.1334586185456318,0.46065284720892397,0.24664946381586192,0.4311642997202255,0.26357220577538704,0.11719963426598999,0.07052671024594312,0.38882108646183927,1.092580387822582,0.04497336646787701,0.2341362565235383,0.004922515845658077,0.21138039843591877,0.30062218296886245,0.4987897083182383,0.8939397156249096,0.6417126717512784,0.7359683303272793,0.27891679493156213,0.6159385057674409,0.674790167305399,0.029779418396781197,0.8278886133841288,0.3304784098685291,0.08014822408992335,0.37496948415825976,0.7501292836274704,0.0754347673066526,0.5222094856397687,0.15003529758884462,0.07089710498748654,0.04098788133758357,0.15827923558100576,0.14051268938198597,0.17784915934609818,0.030184477091856978,0.10045038735646893,0.29756161818813387,0.03968359059195574,0.09498535396577151,0.10097091476490214,0.030793338490573672,0.22892614001679437,0.6390003030873053,0.13952740453599885,0.16427551033805518,0.5262673205750747,1.188016772020207,0.12356053103031885,0.044564337576734815,0.7350300764652892,0.08312100637673064,0.5679560772023847,0.3418020549487209,0.07964156705826551,0.296785966712743,0.22800646682675788,0.004764167156031015,0.23477921092908405,0.11466848515763617,0.045108754515693704,0.007492587752836366,0.7127501427192771,0.07078168643446242,0.33433831682450316,0.33638696107700466,0.12667452993587136,0.4722585875415125,0.021470297856037164,0.15894418650668757,0.15543394532927735,0.33682108046062437,0.09237748713116953,0.1801288295242338,0.08788390098801846,0.09195726343146748,0.35331727746119107,0.17587231517815835,0.4336418993287663,0.15714385443600667,0.12648650446196893,0.7498892102349118,0.17749400734474596,0.02321534113814767,1.0003002605095013,0.15469766539678312,0.3602609230582544,0.09804970908271977,0.16863823204455747,0.26250623975152965,0.05894658004367913,0.07255832289348103,0.160233998013097,0.07754300079898811,0.016547521412765897,0.1721847574296036,0.023851289842715125,0.10047880852061138,0.44842765318514966,0.5226787478772899,0.1427694265727772,0.4144141434958257,0.30779757667131596,0.26754631491996284,0.3892599048162332,0.60474504863421,0.3214580511037273,0.13340453067956615,0.06448460796719944,0.03546032144207458,0.4399746336762879,0.11596048429358596,0.08679255883136151,0.486813042981055,0.4153271459994151,0.13704219701581863,0.2941408327241452
KO_108,0.20287569929993476,0.2509596931254837,0.36859296936399033,0.23053937931112656,0.09791691839844126,0.20805558331003676,0.058917409140225356,0.1645612165865959,0.20242872926544414,0.09326898741817649,0.09646553324987138,0.6489291517149439,0.026874023135385224,0.2936413400981245,0.02404409293404596,0.17761359256188222,0.015379960007710755,0.18126809649743092,0.049487519729841646,0.06857070659601215,0.1491130087583813,0.20321915935611073,0.45205297409724887,0.0012728009965956497,0.19930214453496065,0.04108030965777119,0.0342259434917495,0.11655454543450294,0.676315939188859,0.1588946749430363,0.041385717214488055,0.5522010986193655,0.12759229302141778,0.21364884706589002,0.017880878448641828,0.2296227926306133,0.6260889445534072,0.2678814805888184,0.5670224693486826,0.39203417007379426,0.4896529476144977,0.014753631040561335,0.34182141986641856,0.04871697669254518,0.16752095200366215,0.73757346395844,0.6945697602412879,0.2680219250536667,0.49272761524906605,0.5794325140718776,0.14090711429805466,0.0948936726787379,0.18227723113391286,0.7165468578017032,0.7099200306656328,0.1083819493104519,0.1603011216864758,0.023270898265191395,0.05158440087546195,0.18455228607172144,0.09702609183219564,0.08257556713314544,0.4072077267279056,0.1857078391950597,0.19434596434776694,0.6939052853191418,0.6957587043005498,0.018731843298801634,0.16301151032302372,0.2126034706243673,0.24714833655849927,0.22814696189335323,0.09992968801345618,0.3521859410249093,0.43910267937441977,0.6362257714485525,0.05960598358826052,0.7701337519004913,0.49969247204886086,0.41297803810203104,0.375632718509899,0.663016718483612,0.14525399311140977,0.133446999806758,0.4606384013968742,0.2466580307743001,0.4311618630423992,0.26358300782839195,0.11721067998510007,0.07054305738592281,0.3887998905020245,1.09259024063522,0.044977523912978455,0.23411233909501944,0.004920076487344331,0.2113779792988226,0.30062131355623206,0.4987144203572156,0.8939402218891024,0.6416882275931467,0.7359798353262508,0.2789124933990281,0.6159402083566984,0.6748502676589967,0.029779916045737008,0.8279097332243917,0.33043176150470743,0.08014581387597379,0.3749759359548572,0.7501447527164874,0.07541939459009817,0.522238284210913,0.15001847628750395,0.07089464456645451,0.040996085985400076,0.15828441759542553,0.14049447900203055,0.17784973329653672,0.03020336380201548,0.10044056069908841,0.29752623553840524,0.03968527861374423,0.09497571079000197,0.10097786487658612,0.03079318948023054,0.2288883927228119,0.6390356118339862,0.1395247849612032,0.16425569544507299,0.5262848827110498,1.188004616335637,0.12357531487900299,0.04455312892623461,0.7350928018987488,0.08311143067605176,0.5679496064824958,0.3417799168669377,0.07962839353942751,0.29678118117018365,0.22802194041982132,0.004764871104272828,0.23477585257916514,0.11467412902847864,0.04510461896767007,0.007490772615435826,0.7127664891419916,0.0707785869723683,0.3343305519544287,0.33639068404871303,0.12669543576447667,0.47224327598245275,0.021470508600510186,0.1589279136089951,0.1554606020058354,0.3368052150637024,0.09237433949741104,0.18012690169870635,0.08787726272570844,0.09196206072244652,0.3533781150435738,0.175871335449544,0.4336499686857171,0.15715702231614978,0.12648976493941053,0.7499038632871384,0.1774805711711222,0.02320716106512913,1.000261389133429,0.15467277620542344,0.36027090679254437,0.09805173328665032,0.16864702562686731,0.26250874170796407,0.05894738239771456,0.07257547947650664,0.1602490821891732,0.07754577165376904,0.01654723191281421,0.1721811732998787,0.023847401652235322,0.100479534337102,0.4484523296762157,0.52269309762396,0.14276395749358384,0.41444552483666763,0.30778651393833995,0.2675295562278141,0.3892528463216574,0.6047147765703514,0.3214745873667584,0.1333998804979457,0.06448917942162577,0.035469725075469596,0.43998711328916784,0.11595664762007257,0.08680605392290094,0.48681567083882454,0.4153466279355927,0.13703339120749916,0.2941579879146326
KO_109,0.20024011208042325,0.25245203892641577,0.3675000352307677,0.24636399627295416,0.10106452718763217,0.2200778605105967,0.06001580093840958,0.16389840108761344,0.2027149228243188,0.0954332329335635,0.08730482248811487,0.649524234420132,0.026244974622496812,0.294165968607003,0.024066157559252403,0.1830048515602967,0.01571580927714984,0.18175369238108835,0.049262589120078734,0.07296517918987173,0.15955563947575466,0.20201634960444678,0.504108611445706,0.0012784179547519173,0.19200313496442284,0.03772032989015692,0.03406437023585291,0.11649060809735425,0.6694429546233785,0.1662601528479943,0.0425060896089532,0.5648935240479467,0.1281760260261215,0.21475579690245097,0.017802984101761624,0.22957692391178103,0.629490680648238,0.2710687676422384,0.5540755672168265,0.39303753927062884,0.4909989802649491,0.014818588048552938,0.3412509668012496,0.04883301229842972,0.16723715842367592,0.7355700854436956,0.6916341558898215,0.2699734286904351,0.5003808684765239,0.5790153591624222,0.14161700589386075,0.09441211239658794,0.18333032488920564,0.7137888460276726,0.7142253562729286,0.10810684173680743,0.1579739321722265,0.023225484634088252,0.051716876306173686,0.18370933192047226,0.09599281619893589,0.0829631912322835,0.4065110271339928,0.18645046673942542,0.19440736073665738,0.6961776407573109,0.6948996022234469,0.017537191536646395,0.16386245430505686,0.21320507493949176,0.2463003196547755,0.23039087366687402,0.09197961520949748,0.3681196209210817,0.4738243219010813,0.6346407009873684,0.059183745415370616,0.7689862108052119,0.49736788912151003,0.4242769842111833,0.37682196704502446,0.6628643873042791,0.14519518883992225,0.2604792141868457,0.35929848655209323,0.24695439803021366,0.4265604949716151,0.2582463681504486,0.11806838195714423,0.07108641119054103,0.3905343063864365,1.0925171253317254,0.04439122002746872,0.23131917186325338,0.00487218359217897,0.21188757405984318,0.2999560680383364,0.5285868689726123,0.8938829034377758,0.6403276833545741,0.7411997449427574,0.2804540906409317,0.6169350130500446,0.6748178152347957,0.029219739131913933,0.8249783570901853,0.3298267189634877,0.0792678696919766,0.37306112335606617,0.751390128737812,0.07574502896037547,0.5247348920654575,0.15032926497522686,0.0709321334663549,0.040990047754231276,0.15834909343703513,0.13986596709958146,0.17818054679626666,0.030325750743820358,0.09991833416225752,0.29681723307024827,0.03949851290655038,0.09528330853477664,0.10081140290579513,0.031084912701512916,0.22922037061467163,0.6409077140646783,0.13162374675516428,0.16526513123382472,0.5439780960644894,1.18902673063617,0.12358742781791966,0.044423607048336436,0.782801058283201,0.0814380085676016,0.5662659773784979,0.3663954117582299,0.07968854916579841,0.2994045316724394,0.2288410425466063,0.00478524594278239,0.23124157583715094,0.11658314168204302,0.04509562847161745,0.007292486612798161,0.7109410835624892,0.07056029727440974,0.3306377639738271,0.33679792509626816,0.12718581350442526,0.4729408881851761,0.02082233043977197,0.15951161207100964,0.1538111417414565,0.3373718020696427,0.09238582882811971,0.17935097501752068,0.0878819637159024,0.09199197338374583,0.3534797506863583,0.1760634782563552,0.4335434833621585,0.15689277237836743,0.12697756467807136,0.7489244047727014,0.17763690321480358,0.02327056806731339,1.0004940097021466,0.15507562404671457,0.3698266271116761,0.09761867701261563,0.17845904104470972,0.26124629557787493,0.05933322902193477,0.07219831349037305,0.16044674070637835,0.07767322737000788,0.016613661957072964,0.17207899625291578,0.023923973662315058,0.10062348910835886,0.44745839055071013,0.520953003490193,0.14021708025404395,0.41389880916378957,0.30822500645493145,0.26895648390738275,0.38928734872568804,0.6065898781006254,0.3218698842519716,0.1336587260688314,0.0646140318374532,0.03395324686853221,0.4351621158801715,0.1168080502921249,0.08678627388408476,0.48703458468635047,0.41616126470892156,0.13705623229737166,0.33645743055259025
KO_110,0.2028354103079128,0.2509847089897016,0.3685365002401501,0.2305251835811215,0.09792224077799162,0.208113805237979,0.05893466937679653,0.16454171488602126,0.20239714429419894,0.0932683122126069,0.09648087389411061,0.6489464942468836,0.026884327831542085,0.29363105837572867,0.024047076714689117,0.17761895598943928,0.015376307520080786,0.1812772968529055,0.04948951916789446,0.06860337599108655,0.14912804229235688,0.2031994884181689,0.4520242506031898,0.001273336201983495,0.19927918351474572,0.04107659827103688,0.034230494916483056,0.1165625549884748,0.6762182372018604,0.15890270748635296,0.04138257971937754,0.5521861942376792,0.12759760353485253,0.21361263340790795,0.017883119635902073,0.2296012616429549,0.6260694148692586,0.2678532914374078,0.5669443631477856,0.3920283993171991,0.48966245024945715,0.014747456391211401,0.3418597322984047,0.04872848240454265,0.16750621379235642,0.7375969836842005,0.6946028046858443,0.2680346472422591,0.4927160616962391,0.5794535720516324,0.1409197955007217,0.0948827572688545,0.18230487478787877,0.7164771585519841,0.7099090748339137,0.10837597439864086,0.16030629980707195,0.02327245369047646,0.051598346511700324,0.18454334896036675,0.09702858132816519,0.08256822402185314,0.4071963288905324,0.18573912496169703,0.1943490463212635,0.6939464122865079,0.6957342762733092,0.018734177982015432,0.16300381369404923,0.21261458767868405,0.2471249122565635,0.2281787273362717,0.09991358950538089,0.35224636977742146,0.43913865271115843,0.636175305667269,0.05961034204536093,0.7701676787969344,0.49965781116195734,0.41294848616759994,0.3756315235473018,0.6629881072833903,0.14524056486129025,0.13343963706732695,0.46061330977698883,0.24664018129536724,0.4310869145645555,0.26356078286675744,0.11723070135815442,0.07054401164010987,0.38886882199213413,1.0925530321329577,0.04497392938984992,0.23415767039906765,0.004919000368832381,0.2114075571467755,0.3006188128018008,0.4986709341968102,0.893925858297228,0.6416627699945331,0.735972616897506,0.2789091277187139,0.6159003022433255,0.6748051049217737,0.029776399776731934,0.8278257238775985,0.330465000531117,0.0801532278364237,0.3749089926301106,0.7501208729837786,0.0754212138830285,0.5222986171629754,0.15004193617308362,0.07090310026096489,0.040982660630114374,0.15826511354893402,0.1405029616192505,0.1778609848182581,0.030193887338086232,0.10042764677300574,0.2975722338697695,0.03968444105963226,0.09499494308204891,0.10097021220378367,0.030799330593081473,0.22887620173483803,0.6391173401883707,0.1395245435697549,0.16428630933952168,0.526280028980999,1.1880407205882888,0.12356190797977157,0.04455145841240929,0.735031390197077,0.0831307454262513,0.5679089923908837,0.34179521727382944,0.07963492489976984,0.2967851705985498,0.22801171485171426,0.0047685678171352835,0.2347430491000621,0.11470538490157696,0.045109284131284254,0.0074907752861636395,0.7127113035394024,0.07078094841202374,0.33429821244668084,0.3364028780568961,0.12668567876675363,0.4722501480832865,0.021467961387597437,0.1589494845275937,0.1554416574056215,0.3368532689593277,0.09236895822929327,0.18010897128975312,0.08787820660363144,0.09195969324651448,0.3533472575332555,0.17588800253351072,0.43362453667515044,0.1571561274945376,0.12650906246650784,0.7499068398503227,0.17749380288269306,0.023217068777034573,1.0002769076031097,0.1546788615420544,0.36023304973931725,0.09805353735453112,0.16863588384516842,0.2624882692465497,0.05893698468973397,0.07256176424862348,0.1602505765518529,0.07754366796592833,0.016549752103419156,0.17220448236478342,0.023851980965262583,0.10049022288809999,0.4484243303834788,0.5226620751185714,0.1427514708302781,0.4143899729175287,0.3078257532355651,0.2675429284691125,0.3892852213987618,0.6047217956416348,0.321469650710558,0.1334175400613226,0.06449444056452014,0.03546487325398205,0.43998218517439,0.11595702225600692,0.08678423600357357,0.48682132866884975,0.4153437861997067,0.13705493697469134,0.29418220945601775
KO_111,0.2028632394438247,0.25096235948252443,0.3685739428206297,0.23054188463154995,0.09792084228115643,0.20806903330371496,0.058915366021678586,0.16456079371550641,0.20241389471853752,0.0932606035017288,0.09646318166838597,0.6489678690666394,0.026875900399226046,0.2936634007210422,0.024037583662178452,0.17762112665554022,0.015378001885621117,0.18125874677140733,0.04948992991668196,0.06856718568510656,0.1491406986735631,0.203185803072715,0.45207509234574056,0.001273634229096106,0.19929109419823268,0.04108040874954325,0.03422861105982112,0.11654199318276347,0.6763370102410244,0.15892615136555868,0.041387587159507314,0.5521870629162775,0.1275943403759912,0.21363233673614265,0.017879331230365798,0.22959000794114134,0.6260628753973695,0.2679116102117873,0.5670598161191631,0.3920264825178825,0.48966140975742006,0.014753105218909294,0.34187770794943456,0.04872057136742664,0.16751059204483407,0.7376030615799322,0.6946442454849179,0.2680464916443769,0.4926944469757857,0.5794545459393214,0.14091710511246364,0.09490134959041788,0.18223398935390078,0.7165551957569692,0.7099269260678264,0.10837822282714496,0.16028301948277454,0.023279900675312562,0.05158828101449778,0.18454945085927713,0.09701928627387775,0.0825688695735024,0.40721163810222544,0.18571191127536044,0.19435410234116646,0.6939153523065359,0.6957673439389834,0.018730229945999544,0.1630096084017937,0.21261589602878195,0.24714178271190282,0.2281247660342525,0.09993441985370544,0.35218402529083476,0.43911336810245283,0.6362246650433889,0.059605911590568085,0.7701510721286354,0.4996934296818827,0.4129216012381673,0.37564499968427406,0.6630024932998902,0.14524200122996833,0.1334488035877597,0.4606327057713631,0.24661923582941506,0.43113819432472816,0.26362167271093473,0.11720851899152883,0.0705386468049748,0.3888271000208152,1.092580768334859,0.04497013998343116,0.2341739043473948,0.004918560127020471,0.2113838936952088,0.30064919450721406,0.4987674220244877,0.8938965406663837,0.6417211366767617,0.7360297499655836,0.2789122621594677,0.6159200256306802,0.6748094643553761,0.02976938295822546,0.8278614318813025,0.33048569477002915,0.08014750154285612,0.37497086425672355,0.7501701346439066,0.07541592724359458,0.5222123210200856,0.15002017306058632,0.07090236383017084,0.040989175192262056,0.15828200315388327,0.14050747339667097,0.1778321436891473,0.030189198643577282,0.10042454341563253,0.29758010283660796,0.03969026209464,0.09499150106936416,0.10096544208207386,0.030797211494208897,0.2288957174409799,0.6390407717276253,0.1395365189430812,0.16427539523420606,0.5262836631508802,1.1879622249817634,0.12358512697791238,0.04457065519501033,0.7350377813330702,0.08312296538736492,0.567937373708438,0.3418040900403962,0.07963803513779949,0.2967690857950904,0.22800209683940645,0.0047651319535350865,0.23476340020764053,0.11469783083542892,0.04510684210218461,0.007490092157931837,0.7127530928672796,0.07076937653247019,0.33433877752668173,0.3363901136706163,0.12666540831475653,0.47223189607929017,0.02146965730581091,0.07076191168071479,0.1554548629343461,0.3368093554426873,0.0923560366154458,0.1801236886308736,0.0878808858012045,0.09196969101492282,0.3533305385225935,0.1758958075963063,0.43366659441925626,0.1571534207637321,0.12650255731689525,0.7498598880174671,0.17747644390187037,0.023206202432602893,1.0002763465590414,0.15466701836210664,0.3602541704669712,0.09805228210513546,0.16865753466263134,0.2625033720689026,0.05894105036145631,0.07256867789005307,0.16024889218397803,0.07755017552490354,0.016548668423859103,0.17219148395886238,0.023844128387197707,0.1004777589878682,0.44845707152291187,0.5226738987113555,0.14276293386225364,0.4143872517817813,0.30780093849474144,0.26754655274692174,0.3892728907276784,0.6047440001794341,0.32147424204195996,0.13341042884587162,0.06449295929505108,0.035467355881759095,0.4400370939353373,0.11595205872454348,0.08677086085222664,0.4868350109075309,0.415355650613435,0.13704904607151452,0.29418426788206503
KO_112,0.20282557985395502,0.25097336638649037,0.3685262600931411,0.2305213190699058,0.09791062066203327,0.20809940907827193,0.05892903055615928,0.16452151283064204,0.20238060415185447,0.09325944414001482,0.09647229137301674,0.6489446188272621,0.026881606965174883,0.29362860403676083,0.024041086468902982,0.1776021247315674,0.01537811369286297,0.18129691060911513,0.049503861179071657,0.06859277982568003,0.1491230928325309,0.20319490383749256,0.4520482910433591,0.0012732519553981358,0.1992905057233634,0.04107941543821979,0.03423827035864247,0.11656638811580114,0.6762506020883587,0.15892421261375309,0.04139433814000941,0.5521916380696947,0.12760200019076617,0.21360799814803244,0.01788027857634235,0.22959951325637667,0.6260279467279813,0.2678773873237857,0.5670287910131161,0.39202897333363274,0.4896603184963135,0.014754422081747978,0.34186579367520264,0.048731427974476285,0.16750418049982768,0.7376194220762722,0.6946457174993269,0.2680217765717968,0.4927110670707073,0.5794871766737759,0.1409071775849216,0.09489199834553777,0.1822806935956026,0.7164387636932473,0.7098949584526095,0.10837169758462027,0.16029000962982382,0.02326974799989042,0.051596472032932036,0.18452137608437044,0.09704527001197438,0.08259137759574268,0.40720052076273666,0.1857424462628179,0.1943438185639438,0.693940488642916,0.6957564665693069,0.018727177193214938,0.16300801879715426,0.21261278332199687,0.24712678576892144,0.2281681457023301,0.09991033569729983,0.35222383114090555,0.4391255814687993,0.6362604059130895,0.059601687762373165,0.7701011676217339,0.4996830833516001,0.4129530922045961,0.37565414251023893,0.6629540270044831,0.14523385587738494,0.13343555535680673,0.46068528133003683,0.24662888798198865,0.43111297392782216,0.26359081936349305,0.11722494447538498,0.07053810118627749,0.3888703523893073,1.0925457134381158,0.04497254391467028,0.23417896416633074,0.004924218263155608,0.21140584729710926,0.3006179818579026,0.4986546149013214,0.8939123198977108,0.641639822345663,0.7359730052445932,0.2789121629136626,0.6158833612645332,0.6748253561524968,0.02977556995941604,0.8278545919136453,0.3304747778230212,0.08014841385314682,0.3749369999045191,0.7501586426543579,0.07542442956932212,0.5222156322057004,0.15005753381453438,0.07090515271046925,0.04099676696569418,0.1582691023333362,0.1405012689906032,0.17784654898711724,0.03019046922857382,0.10041715335833702,0.29755791633708273,0.03968079500179491,0.09500140548030746,0.1009956196383356,0.030803028362011535,0.22890929968085846,0.6390540094271411,0.13953579418895404,0.16426543446249747,0.5262843867816689,1.1880886403430544,0.12357841104591064,0.04456711766683527,0.7350131680875251,0.08312092975700014,0.5679661063269988,0.3418393823736818,0.07963631916150671,0.2968217660315307,0.2280099800122252,0.00476635870587055,0.23475122604173895,0.11470416786076205,0.045107194079569986,0.007487216261909234,0.7127315453563887,0.07078411632719192,0.3343035655142205,0.33640209471862326,0.12668558650392195,0.4722535374645124,0.02146916540377739,0.15893345255288463,0.1554263747854468,0.3368490526071495,0.09237727590486244,0.18012609162030876,0.08787924542437626,0.09195775177558424,0.35335412865212734,0.17590651809107302,0.4336536345233872,0.15713754662776355,0.12650369029787722,0.7499606620319731,0.1774788678529103,0.023216528330934173,1.0002872139342935,0.15467176798507046,0.3602562207302075,0.09802722058566209,0.1686461881165543,0.2624856247304755,0.058933005142790824,0.07255662690144474,0.16025251557028672,0.07755173414854818,0.01655104678540134,0.17217382326043254,0.02385320609890281,0.10047618616289461,0.44846569875430004,0.5226476210615046,0.14276308600340706,0.4143703961591686,0.30780718692827413,0.2675425984204957,0.3892546575252348,0.6047052489338957,0.3214444360649929,0.13344803881958742,0.06449692032457653,0.03545780084673248,0.44001618019595407,0.11597105618141032,0.08680016095420147,0.4868388896434106,0.41535203817863636,0.13706075521105623,0.294163233904082
KO_113,0.18016914327369915,0.2648851436982422,0.35925139800045053,0.2127990751290847,0.10162789665023457,0.22132681619758127,0.06381861496626866,0.1608135209059833,0.19999268618223284,0.09262404509622425,0.10097317982553075,0.6315068641251873,0.02684551875008983,0.29611402461743513,0.023451823620538822,0.16344172428155934,0.015856185173567714,0.18589295674029088,0.04848582794248271,0.0733741319606473,0.14842929690728268,0.19884880747926428,0.44640836317792537,0.0013466354947456202,0.19427824482419112,0.03977310100353745,0.03253288905135623,0.12196071112643621,0.6564004292651318,0.15934642154783193,0.041709448157623556,0.5382432342838666,0.13270565116169306,0.2077559179009068,0.017743626511775436,0.22325268298828094,0.624504176341729,0.24965894575244532,0.559620115285888,0.3868944260063635,0.49363785904279195,0.01528882958457345,0.33816918672957774,0.05311444410465296,0.17237274255801477,0.7514489080437159,0.6867716655902673,0.2731193700429656,0.49451261873014285,0.5768742512356059,0.14048952440370552,0.0907570584256848,0.18972748316558605,0.6922777607982432,0.6837781104448487,0.10570623667304165,0.16729938449370504,0.02280301816850226,0.055225746814779986,0.1784196873846727,0.0992247325474737,0.08578525944194126,0.4008157566505783,0.19027421250624235,0.2007673730670943,0.7095221392105192,0.6787127139363536,0.019118295218700235,0.1564880007057081,0.21332559302361315,0.2398115286989583,0.24177236070413788,0.10126658551636851,0.3741712760816537,0.43116833264375176,0.6317189565217299,0.05880384794993734,0.7586663744623252,0.4835758241316032,0.38981119312016344,0.38608233357503985,0.6611818478587549,0.1486893573461127,0.12803293872876007,0.46962167729494414,0.2490799514122236,0.4194175494059414,0.2631700339969844,0.12454487002271324,0.07417204487614251,0.4038332727516302,1.0748904142902598,0.044690804575751024,0.24131610640520867,0.005104324116007729,0.2133242911817671,0.296888256117154,0.4793223886882251,0.8914901927831057,0.6285702130907821,0.7357431623475864,0.2728097490834907,0.6120946732614752,0.6739229480307648,0.029010258025400117,0.8259761174499191,0.3257729286581372,0.0785682473825582,0.3585848824892344,0.7501823879734558,0.07881357070396647,0.5306290247847967,0.15777348544923953,0.07379252809428193,0.04060099960074235,0.15482647371966407,0.1406187369377819,0.17718445835609964,0.031825482344236086,0.09591291184812485,0.29890640484037123,0.03807933746186917,0.0975298991236287,0.09945998200247338,0.03344241522820831,0.23248829270056862,0.6599323413957128,0.14782175653522034,0.1726446514023384,0.5220866964767727,1.1923429832532995,0.11127575667610165,0.042679785398825165,0.721411325475029,0.08932386935344198,0.5530964496759925,0.34540303000879385,0.07985039861267836,0.29837548315528156,0.22416997866344562,0.00491190971547861,0.22612224269342016,0.12497260796926027,0.04494562135223515,0.008143363228189721,0.7081168504957283,0.07082896691673712,0.32710941286409534,0.33824787664953704,0.1313213848570088,0.47682581943569297,0.020746320533588603,0.16091265461276558,0.15457372024002244,0.34135666824975863,0.0925232515816194,0.1735600085047821,0.08925676230764507,0.09208942676063775,0.3535311792891002,0.17841826392212512,0.43295572978525837,0.15348410952829358,0.13083069135260908,0.7473612858482014,0.17844326404231578,0.02377377706289767,0.9965749002609214,0.15817667971038923,0.3584591507984029,0.09447696486990988,0.16760638151769577,0.2521685000337151,0.062378965337774095,0.06951587255505493,0.16130069921824952,0.07854640234976487,0.01677966117887534,0.17205771962967203,0.024498404462960463,0.1013256947888181,0.44555363675302395,0.5080272190148609,0.14202857995960283,0.41006624025299243,0.3114738424189665,0.27982967346323995,0.38979711240193726,0.6069124909739538,0.32573878630047404,0.13479313754746444,0.06562313906702096,0.03380147637880129,0.43605440465458134,0.11628038576383248,0.0804488097483396,0.48763213891286894,0.42226792249454576,0.13708017047577045,0.29055265695294474
KO_114,0.20286547304092767,0.2509284426783566,0.3686093773129206,0.23053088532771537,0.09792193998554317,0.20805824035995302,0.05890103221089263,0.16455966427816776,0.20240100693329297,0.09327176301259815,0.09645429471768951,0.6489765096715093,0.026876611840630588,0.2936645227898027,0.024038314454967402,0.17764744928196793,0.015379196886364981,0.18129499889498812,0.049496643738739174,0.06856532138929831,0.14914388833381342,0.2032000915977862,0.4521005413646249,0.0012723087204400375,0.19930177496508975,0.04107239462195845,0.03422575700642286,0.11653434480145548,0.6762869067699874,0.15894715811128027,0.0413790578571961,0.5522022242225764,0.12758097076374808,0.21367631872105478,0.017884509650896205,0.2296250629114384,0.6260541531142592,0.26790217132568533,0.5670041441163494,0.39206287339937196,0.4896718741985157,0.014746976369833787,0.3418276331022499,0.04871307772083617,0.16748582309188145,0.7376097929081967,0.6946028759147468,0.2680128326545066,0.4926899314662648,0.5794711801587107,0.140918347875512,0.0948923184471141,0.18227817895626205,0.7165231505608873,0.7099320548371085,0.10838183896951384,0.1602647937018599,0.023273872777343985,0.0515832777258295,0.184542593793794,0.0970426147990496,0.08255643538270886,0.4072185603196319,0.18569489466059066,0.1943238817592864,0.6939075225383945,0.6676316682379291,0.018734831090182855,0.1630083718278742,0.21259076252593126,0.247153241157573,0.22811685547073346,0.09990877030800602,0.3521752616079213,0.4391475801837041,0.607948089099476,0.05959575823982289,0.7701730774244095,0.49969075289050624,0.41296998061955975,0.3756263725572964,0.6629982544972312,0.1452309473060031,0.13345329812705364,0.4605890923414602,0.24666589344413523,0.4311847439957747,0.26360518453538595,0.1172278740617339,0.0730428004949636,0.3888036221323123,1.0925698162942932,0.04497700174891086,0.2340996789931702,0.004918934521266427,0.2113720619089396,0.3006235031237403,0.49875746744172494,0.8939147293330348,0.6417093911350864,0.7360026933151781,0.2789064694385944,0.6159298443420391,0.6748188196957494,0.02977305558121672,0.8112926534290219,0.3304879662018499,0.08015300618365473,0.3749632537591103,0.7501973957497088,0.07542362089682794,0.5222074223163984,0.15004320493511442,0.07090565160230196,0.04099697684546387,0.15828094488492755,0.1405083930134427,0.17782980340309906,0.0313064761007945,0.10045655610739201,0.2975062967171635,0.03967386931097074,0.0949806343478307,0.10098563342972414,0.030801030647502996,0.22887664929452226,0.6390577109406856,0.13952213125450907,0.16426087351926813,0.5262515253515968,1.1742903760609356,0.12356121544497352,0.044566043016866654,0.7350782537206046,0.08313134190373607,0.5679188389578954,0.3418143079705457,0.07962478854078639,0.296795686259221,0.22798814814967008,0.004765367093605387,0.2347719644384673,0.11466666506383981,0.04511057792151142,0.007491912270218587,0.7127752663153291,0.0707740487533183,0.33434414330490797,0.33638226534401444,0.12666505922818685,0.4722707442015948,0.021469895209987492,0.15892033442468265,0.15540523965099354,0.33680123083656466,0.09236969539224874,0.18011063741173283,0.08786853425936236,0.09196376311087137,0.3533386961440587,0.17587374809360098,0.43362704081876013,0.15714084033688688,0.12648892831957065,0.7499020760267066,0.17745355998158252,0.023209793547290837,1.0002736172043627,0.15467878792538045,0.3602580891634239,0.09804053174836644,0.16864144970012193,0.2625065386315443,0.05893673128827974,0.07256438220181381,0.1602643668107431,0.07755463306141039,0.016551389574715247,0.1722042204368159,0.02384936104037744,0.10047424819348937,0.43056966936271684,0.5226756918293866,0.1427499812956117,0.4144128086854899,0.3077953455755485,0.2675366614245861,0.3892608017504283,0.6047439695536254,0.3214556210068436,0.13341194057824077,0.06449368983754716,0.03546609521492725,0.4400485304870453,0.11594022259453349,0.08679244210668831,0.4868453034446317,0.41537308739822587,0.13704660891147227,0.29420008919263957
KO_115,0.20284852296119504,0.25095678321873366,0.3685839181395656,0.23053188424422483,0.09792319768424936,0.20805846109469636,0.05890504063464418,0.16455782648767842,0.2023896033336309,0.09326066195868063,0.09645048892137044,0.6489645031577231,0.026877863079698385,0.293661826608208,0.024041383654449123,0.1776333344092847,0.015383083330889495,0.18128622348340062,0.049477576830203686,0.06857454412434145,0.14911862433804876,0.20320273023195165,0.4520251377469079,0.001272568548254769,0.19930694967061824,0.041079467115082355,0.03422509053802101,0.1165408832063073,0.6762631335206207,0.15893358167902122,0.0413878810493452,0.5521737889071031,0.12758895912913948,0.21363465641070398,0.01788130891127823,0.2296090917203391,0.6260324467205862,0.2678812557024635,0.5670115619735646,0.39201978121662423,0.4896784643632688,0.014746308961983205,0.34186179481571016,0.048719451710295444,0.16750028662209035,0.737623243238976,0.6946132492715454,0.26801697371155925,0.4926817804375887,0.5794808515777746,0.1409239603685774,0.09489265655045337,0.18225796149221576,0.716514572493633,0.7099038129723532,0.10837603487349329,0.16026952442715786,0.023275164227465374,0.05158872875235433,0.1845456134903511,0.09702045419799218,0.08256930349263683,0.4072517353555639,0.185706311752587,0.1943395045172713,0.6939094117278789,0.695758758385278,0.018727767094238568,0.16301123682433813,0.2126235700048644,0.24714794618288355,0.22815196792634598,0.09993569475991168,0.35216964027204534,0.4390804314828308,0.6361962934718509,0.05960741443661627,0.7701826248348922,0.49970954845832205,0.4129452068051142,0.37564347640760953,0.6630150251355982,0.14523475957701912,0.13344116537486742,0.4606275098581105,0.24664124376534477,0.4311793047117614,0.2636069124232209,0.1172291045726646,0.0705470951875703,0.38882648947677384,1.0926113540103326,0.04497210372784221,0.2341520686194249,0.004920125803608959,0.21139193986418245,0.30063231340228497,0.4986807544203995,0.8939828906789813,0.6417438848488223,0.7360266876087318,0.2789072742219498,0.6159508818185332,0.6748128888612661,0.029774888556861733,0.8278578630704756,0.33050020427074284,0.08013638190843565,0.3749393747790369,0.7501769836753165,0.07542622866590246,0.5222208705522187,0.15003707631362645,0.07090867667796771,0.04099452779387392,0.15827549891650922,0.14050148201059523,0.17785227593959899,0.03018831352304198,0.1004325454786096,0.2975688899497058,0.03968673884753988,0.09499217005452244,0.10097294120390428,0.030795927135859047,0.2289118540148484,0.6390390413073512,0.13955320219832631,0.16427264494161326,0.5262771797086044,1.1880372432445654,0.12356763709828797,0.04455720388842046,0.7351070578380559,0.0831083986437271,0.5679409374657062,0.34179796040993055,0.07963732788449146,0.29680030580281536,0.2280021428451765,0.004768574119961657,0.23477835508398712,0.11468998738886299,0.04511667940175666,0.0074908528699269795,0.7127076047967688,0.07077585105919258,0.33434774413211593,0.33639364367617314,0.12667181969414498,0.47227937204941456,0.021466402244312264,0.1589252440106919,0.1554245352040401,0.3368007509447465,0.09237741979580509,0.18012141544235305,0.08787634518742833,0.09196342320963734,0.35333179072541204,0.17586546294433672,0.43363747519242635,0.15715589599380578,0.12649479234180705,0.7498359504785146,0.17746957639439223,0.02320920440591407,1.0002551867952716,0.15467146201703932,0.3602434546579255,0.09803544854399555,0.168641675431968,0.2624981493915215,0.058936709281041305,0.07256543621567062,0.16025068179954077,0.07753859455586727,0.01654929441646822,0.17219399811993422,0.023853940516328213,0.10049130267471676,0.4484639007673353,0.5226437612054894,0.14276858802518003,0.4144327988195258,0.30778634585790066,0.26753734236285553,0.3892496379681831,0.6047401290167397,0.3214878980632765,0.13342184808794208,0.06447535863914335,0.03546432334827766,0.44000117844467546,0.11596378967872165,0.08680566820090667,0.48681918562843396,0.41531091416167587,0.13704932844267817,0.2941872593801149
KO_116,0.20293548543752982,0.25071717002915084,0.36862740699201485,0.23061473395770424,0.09781246875078572,0.20782118131247887,0.058852057830481676,0.1640253547657993,0.2023416836856701,0.09324276568204856,0.09639671434761202,0.6489914045095282,0.02297139167674019,0.2936398270570519,0.024045827183920225,0.17769896736831212,0.015382559859689655,0.18127512507123736,0.04955367989745575,0.06850804219268365,0.1491320219515653,0.20317879700519043,0.45210932506970253,0.0012803250140775593,0.19934206541967123,0.04107244631165679,0.03424140776911731,0.11654812793662318,0.6763891660581648,0.15889883752583442,0.04137674078975549,0.5522357693646001,0.12757247409481962,0.21354152815611396,0.01790357686421791,0.22966077859704204,0.6258734510631145,0.2682025721144351,0.5671029769216793,0.39200446903443875,0.48963432249013095,0.01475446829986521,0.3418149097697103,0.04868780517341605,0.16748397043987237,0.7374345795191186,0.694732746521289,0.26794721127310983,0.4926341890633335,0.5794468817270214,0.14088646021256065,0.09490893471704959,0.18211353681377976,0.716721637763926,0.7099904516040764,0.10846854172353462,0.16017371820701168,0.02327575698565937,0.0515998043336715,0.1845772798198172,0.09703797968947864,0.08258293412253398,0.4073354998913142,0.18566382977185802,0.19433764373652643,0.6936017369291542,0.6958178483798412,0.018717173278797843,0.1630236684266744,0.21257338470551873,0.24717840430601273,0.22823346866855873,0.09993015077822974,0.35197578009283326,0.43920835201002223,0.6360616920813783,0.05961912565554397,0.7704250910169609,0.49976650861350774,0.413041170842239,0.37559270947698575,0.6629991070928234,0.14520884347713803,0.13348457912988843,0.46062116716628293,0.246643593608447,0.43138195777684385,0.2635258538744076,0.1171897686973045,0.07051257268187258,0.3887620130334053,1.092577101124062,0.04497958208058446,0.23413618090819696,0.004862618298114515,0.21137817772983053,0.30062241501535486,0.4983653439787012,0.8939682855179585,0.6417694236707364,0.7358714665462176,0.2789363424557894,0.6158074198346042,0.6748190219167154,0.02977213734888427,0.8278919757289223,0.3304896269544478,0.0801532425543112,0.37501106559084785,0.7501938933115837,0.07541827735054529,0.5220629967414173,0.15002860158780978,0.07090331079938145,0.04100281884697296,0.16043285145125624,0.1404866553368773,0.1778305237184352,0.030179150412305025,0.10048476172224015,0.2975757708783604,0.03969141218937675,0.0949741884625327,0.10100403718601741,0.030782713750769342,0.22886229526138605,0.6388522551966709,0.13935074189603297,0.1642182131009984,0.5261807240717553,1.1879388120333862,0.12357405961423049,0.04456373776989913,0.7351049339478343,0.08309791190276743,0.567992733606294,0.3418132341847027,0.07963325215490628,0.2968099479743681,0.22799154556130355,0.004765445785020759,0.23488641730838833,0.11455839868038013,0.045116482587911275,0.007486303935955185,0.7128373778288862,0.07079562152927292,0.33442779841426795,0.3363942294994169,0.1266480075995282,0.4726214131783793,0.0214824742196912,0.15890840635042172,0.15543253691151582,0.3367854545729095,0.0923571128507856,0.18013629783884613,0.08788099789313497,0.09195694727438573,0.3533663146352657,0.17585134582078174,0.43366460715981725,0.15714082945189822,0.12647336449370644,0.7499758014975257,0.1776230358883751,0.023207636304441663,1.0002589085403402,0.1546680150084761,0.3602917246886889,0.0980597647391966,0.16866433527101438,0.2625292247956726,0.058918979946972996,0.07257178700248192,0.16025132224129565,0.07753949195202002,0.016549926396615733,0.17218691101804945,0.023847914910268577,0.10047413829476912,0.44838225125677683,0.5227131925526304,0.1427896427282865,0.41442115076316677,0.30775631505135287,0.2675236626244539,0.3892715698344505,0.6046685049165933,0.32126208184641786,0.13360824522394996,0.06447735441162186,0.03550100050760543,0.4401207455154313,0.11597422728865515,0.08679737290113228,0.4868264535996742,0.41530456750534306,0.1370537305679395,0.29418365445614286
KO_117,0.20288621195219614,0.25094246081956034,0.36860398811888057,0.23055852067460675,0.09791489698008499,0.20805621535273858,0.058895634959822654,0.1645635534414334,0.202414481812368,0.09326121749507557,0.09644062236991137,0.648978394723114,0.026876866156394702,0.29364810221298965,0.024047910258876447,0.17765820360646167,0.015375934344532804,0.18128394323233468,0.04948829713917372,0.0685644785456276,0.14913817752565206,0.2032029017479238,0.4520699428045464,0.0012720600641271526,0.19928874344880104,0.04107754373558744,0.03422609855849031,0.11652013797778558,0.6763405078297348,0.1589342498718481,0.04137754437660811,0.5521807264723809,0.12760648368708197,0.21366490075538588,0.017885032857594674,0.22962794373049022,0.6260747771392379,0.26795199614600973,0.5670891240268385,0.39203418680119806,0.4896607504776104,0.014747020880995968,0.34185612644802194,0.04871776975172693,0.16749861272655042,0.7375984834017835,0.6946789324931284,0.26804612968569436,0.49270077395762935,0.5795045119723095,0.14092602955982136,0.09489812566680647,0.1822421819677639,0.716563505317508,0.7099362020663037,0.10837843227362058,0.16028188121310877,0.02327673887875519,0.05158141000493845,0.18456633315877422,0.0970145882909571,0.08256627045574393,0.40721193136467915,0.18570261018190973,0.19435155156454126,0.6938819927230637,0.6958043751862287,0.018730581200075817,0.16300727833915685,0.21261681553110456,0.24714850968369376,0.22812299706004016,0.09992812160259694,0.35214436092839513,0.4390950409779321,0.6362320346403768,0.059605164071479436,0.7701650569859871,0.49975161908911453,0.4129401250476955,0.37561634127383253,0.6630066355504798,0.14521769727665362,0.13345245948745665,0.46066293251364465,0.24664342117017027,0.4311801615660304,0.26359266828221645,0.117215778867514,0.07053737839935208,0.38876958624309615,1.0925735577486049,0.04498140300396317,0.2341255890003996,0.004920433860860928,0.21139089526187727,0.3006320310036861,0.4987353521841172,0.893914646774878,0.6417225635075038,0.73602313775728,0.27894332785988923,0.6159154127296567,0.6747958799137524,0.029777082313521195,0.8278965728674689,0.330492330877399,0.08015456863903207,0.3750025367195647,0.7501539271407015,0.075413267285936,0.522190197153654,0.15002120020568122,0.0709045171177042,0.040991128401021065,0.1582805034914832,0.14049156845511043,0.17784712204149006,0.03018761552935273,0.10043559072409837,0.2975528165730906,0.03968569117682787,0.09498784816319905,0.10097790826461026,0.030788096561655095,0.22890015355179769,0.6390293089537424,0.1395414492069569,0.16425376739632747,0.5262942394212964,1.1880909864848788,0.12356788946717791,0.04456038319045054,0.7350758190375856,0.08311942197860814,0.5679788762606045,0.34179798119402827,0.07963044974176887,0.29678030865538674,0.22802147302418335,0.004763710378548537,0.23477859514251456,0.11468052575204082,0.04510903692540823,0.0074913809721930975,0.7127500233879202,0.07078478483045414,0.33434087287294323,0.33638555018048205,0.126676086449401,0.47226883334317904,0.021466406062205783,0.15892842450004954,0.15544028372107574,0.3368084378462104,0.09237561188297451,0.1801279209516775,0.08786795617165899,0.0919732082926251,0.3533370124271765,0.17586285784135963,0.43363536723051416,0.15714441724498085,0.12649391617288533,0.7498932377106333,0.17745885438022135,0.02320649237353229,1.0002729606765006,0.1546686704255209,0.3602643183650735,0.09804497411922604,0.16863386140935,0.26250601803204204,0.058928242563370134,0.07256525927708438,0.1602451851758211,0.07754863573125725,0.016551191359686447,0.17219438924050376,0.023846117533671298,0.10047336226061163,0.4484698308087079,0.5226982373125976,0.1427451706702418,0.4144335985347831,0.30779962046588244,0.26752837093999754,0.38925556836010916,0.6047237946809738,0.32145777193956415,0.13341296099644825,0.06449715806366166,0.0354713311436743,0.44000304233440035,0.11596370766418694,0.08679965477616751,0.4867982866310903,0.4153275243881788,0.13705104937677998,0.29413227745682474
KO_118,0.20288572653159553,0.2509296993109426,0.3686384307685379,0.23052653118506172,0.09790641885940507,0.2080179918996435,0.05889563870595252,0.16457258973759964,0.20242195280736242,0.09325103088836934,0.09644023478453187,0.6490294395496955,0.026875917022210913,0.29368435162745354,0.02404177523726936,0.1776460592776717,0.015376649869997046,0.18132039385348567,0.04949275172234718,0.06856386936255822,0.14914913339120373,0.20322013351687265,0.452116908460902,0.0012745136067768231,0.19929038502893448,0.041056267352789555,0.03422472047820799,0.11650726788190097,0.6763573199978636,0.15893836948089995,0.041380059880240225,0.5521419746464207,0.12760711466530156,0.21368423797298886,0.017882851963548052,0.22965149486970848,0.6260264099059722,0.2679430545001138,0.5670819359651046,0.39202252476765187,0.48965376374862013,0.014753667256254493,0.3418121840315379,0.048713179296939656,0.16749504875427046,0.7376275905984748,0.6946162427874448,0.268012631997604,0.492704031834591,0.5794407290306167,0.1409419148104501,0.09490141860984909,0.18227535871185876,0.7166083970339393,0.7099023828298244,0.10837282004558356,0.16025943519442254,0.023273601676738347,0.051585600216239376,0.18458928607061156,0.09703147445891236,0.0825659429634367,0.40722044931261614,0.1856816326259012,0.19434533629839254,0.6938365595136274,0.6957393239465082,0.018724075518494598,0.16301266570836848,0.21261151354603744,0.24716754894435128,0.2281164930489725,0.09995176425160851,0.3520938683961596,0.43907172411266376,0.6361696401975622,0.059593749537221,0.7701582652007035,0.4997615679492442,0.4129812339549344,0.3756177938279285,0.6630360551384409,0.14524232229306336,0.13345813103481524,0.4606589669354222,0.24667445762691365,0.43122830481038016,0.26361862644093775,0.11719977863066644,0.07054492998740348,0.38879601100078154,1.0926285287706683,0.04497338433423811,0.23412371315900565,0.004920577482257409,0.2113918879964804,0.3006380067081013,0.4988073543966373,0.893969692796997,0.6417502626687106,0.7359753690271917,0.2789219491314371,0.6159296603009812,0.6748355666256716,0.029779655935738336,0.8278227704831914,0.33043553134864123,0.08014559515262394,0.3749683802762265,0.7501649567053529,0.07542522391601518,0.5222006834543788,0.15003110966978725,0.07090471488548633,0.040994198000650434,0.15828432016657626,0.1404972030020452,0.1778610554136408,0.03018868326528685,0.10043805374957925,0.29753776810233046,0.039687538712927725,0.09498154421796662,0.10098715157767424,0.030793477654685573,0.22888720680232036,0.6389738685424236,0.13954533022526655,0.16426508516253685,0.5262371050740721,1.188008308994018,0.1235698790301383,0.044559517700345046,0.7350775670778933,0.08311454996016752,0.5679905503532228,0.3418204785129655,0.07962711222102828,0.2968253240692333,0.22801947647019713,0.004764232827689959,0.23477932744107435,0.11466158840746264,0.04510203257281222,0.007492760801584904,0.7127567619638147,0.07079130223702607,0.33437156516143873,0.3363546540069405,0.12665706342510008,0.4722797831796158,0.021468509190242107,0.15892612624269611,0.1554423350222725,0.3368035762513927,0.09238237977987467,0.18012027782143464,0.08786567736159151,0.09195579387348465,0.35334569829996926,0.17587852153857078,0.43362985100280793,0.1571531455989088,0.12649578786375545,0.7498753259217347,0.17747468386946752,0.023209507934483453,1.0002726195622387,0.15465667171073777,0.36029025278083987,0.09804575979385505,0.16865080563209073,0.26251966333081334,0.05893918066001026,0.07256245875535791,0.16027069034933505,0.07753568998808975,0.016554178375676482,0.17219821713012884,0.023848765662240125,0.10047192351430856,0.44843204240415746,0.522669234459012,0.1427414831194217,0.41443409452697044,0.3078090205590799,0.26751460464022053,0.3892498709534701,0.6047567582949337,0.32147828137083073,0.13339915391053647,0.06448876748787614,0.03547520795435165,0.44000233429714414,0.11596452111071126,0.08679881437837653,0.48680326253571465,0.4153107514616009,0.13705850150377094,0.29416369241526635
KO_119,0.2028145638574068,0.2510059660635391,0.36851200087505087,0.23051899877052226,0.09794174511777991,0.20811616542248232,0.05893149638204643,0.1645290763659285,0.2023747432975351,0.0932655467731384,0.09647289749303889,0.6488859700986264,0.026879442484137952,0.29361216129564893,0.024037704061046623,0.17759115802147002,0.01538633052718856,0.1812751652399523,0.04949780039567662,0.06860751962567159,0.14912890820039154,0.2031997724366748,0.4520422190685351,0.0012731184894486604,0.19927129237984442,0.041078471264485626,0.03421389842770674,0.11656293921117676,0.6761626104937507,0.1589051989984394,0.041393618705124355,0.5522221924983067,0.12758164235412825,0.21360269319427622,0.017882003625220584,0.22959345575330414,0.626067388209176,0.2678335958198172,0.5668957600740454,0.3920360536064668,0.4896597082603854,0.014746992509939237,0.3418232727092111,0.04872542041806434,0.16750095952499972,0.7376021923500963,0.6945638460876197,0.2680260095872648,0.4926912157080967,0.5794580530209965,0.1409230404062173,0.09488101842592703,0.18230314756002036,0.7164659159425114,0.7099159228133554,0.10837272087259599,0.16031247528669834,0.023277879818923264,0.051577125121215255,0.1845233269288472,0.0970306352220944,0.08257754163604082,0.40719307474506394,0.18572607929369717,0.19433019304303434,0.693980672579718,0.6957310637757651,0.018730358341183393,0.1629823288308184,0.212615951358936,0.24710128680200305,0.22816848372769197,0.09989049576702581,0.3522923241321717,0.4391470772671231,0.6361720922877507,0.05960045790028636,0.7701092937922214,0.49960600477625594,0.4129344719629837,0.3756302471451604,0.6629836349820221,0.14524420573338342,0.13341691021526672,0.4606598524382964,0.24663803193698494,0.4310411145208388,0.2635627210442552,0.1172459093241611,0.07055055581831461,0.3888406144771017,1.0925469686792877,0.04498334048530398,0.23413100325759786,0.004921139213412067,0.21140124102963637,0.30063669410419036,0.4986467008178063,0.8939435273365647,0.6416750815715623,0.7359635523545921,0.2789010485001958,0.6159290075016911,0.6748090907315992,0.029768091950890856,0.8278120731873642,0.330423288236914,0.08013773607670907,0.3749501821185339,0.750165457842177,0.07540513877678028,0.5222988479401776,0.15004594741525407,0.07090329944424753,0.04099925314430764,0.1582571671538534,0.1405050968641373,0.17783748491561638,0.030197450749835916,0.10040422988035129,0.29753048648544184,0.03967926437879891,0.09498694518705088,0.10097350498195745,0.030806586659097475,0.22888303182146183,0.6390780927031722,0.13954765287871523,0.16428240823483684,0.526306287999074,1.1880129111931272,0.12356945211954108,0.044560882862998655,0.7350190457480178,0.0831190123451096,0.567938956458823,0.3418097402108153,0.07963982555627505,0.2967872408469846,0.22799083209420534,0.0047639605133075365,0.23475410364620425,0.11472237566626307,0.04510963124530599,0.007489489803954051,0.7127127621637485,0.07077584877863788,0.3343103841266811,0.3363958823547258,0.12669185799683175,0.4722559590467096,0.021468292031823884,0.158942738141632,0.15542669714411872,0.336834997564677,0.0923835489680954,0.18011810971352604,0.08787498156076114,0.0919702701631952,0.35335803228076906,0.1758964921698354,0.43364861106398467,0.15714871593251992,0.12651416235937868,0.7499023882934014,0.1774804948317756,0.02321431223552492,1.0002241593155528,0.15467049932272564,0.36022855704390244,0.09803905237552613,0.1686526121292134,0.26249759701534264,0.058942573478090225,0.0725506613300903,0.1602525910203417,0.07755920188890002,0.01654569773243389,0.17217683603521383,0.023850130952521083,0.10048760531509032,0.4484264709353539,0.5226379934795632,0.14276183316558427,0.41437432830126053,0.307793936542841,0.26756387459639025,0.3892232481762519,0.6047315269430164,0.3214908762212078,0.13341493676985364,0.0644948555482527,0.03546152693858658,0.43997780477535037,0.11596937972691364,0.08680158751817146,0.4868292926861372,0.4153527641993556,0.13704996173253686,0.2941732486623858
KO_120,0.20307358468170728,0.2511320694206221,0.36710438320552297,0.234068616939252,0.09919383691111172,0.20813248745786742,0.05535227079018443,0.16331323570958955,0.20246467170559135,0.09416854971669625,0.09745971145617605,0.6463169688837769,0.027179604584627343,0.29112261442586335,0.023092713099069188,0.1774130708451137,0.01546209528613632,0.18103309809586035,0.04965885077726054,0.06939434199217583,0.14884866357180035,0.20301983297828288,0.4508348080669123,0.00126668249172758,0.20071529741066027,0.07605788836832666,0.03405553390469471,0.12408823788363466,0.6749698508963369,0.15813049939885604,0.041514031668160624,0.5556311535016862,0.1273709817834166,0.21285010198865872,0.01790777362555459,0.22047744192245028,0.6277790050491634,0.266626161452354,0.5650906644721325,0.39237373436668976,0.49187372246242494,0.012612739784082058,0.34604824421079494,0.0487839621108224,0.17637874016079563,0.7744185296441521,0.6989267573939403,0.269343581424033,0.49222945777917326,0.5820085035215743,0.139389262497271,0.09492720769104418,0.2908658299526986,0.7152320734282146,0.712061556147442,0.10860928580372457,0.1606266504974341,0.023376736539568514,0.05163499094538172,0.18396167840807115,0.09638467982165472,0.082506435378566,0.4071375616672964,0.18455429780758603,0.1941702144290553,0.6957961895276421,0.6964771873911607,0.01866691803687667,0.16367210737254384,0.2128507962757798,0.24672690855542798,0.22869981446124443,0.09905997261211259,0.35315089921482773,0.4402693779683326,0.6382853814947057,0.06052854622825218,0.7693904449573801,0.5018702706636198,0.4134869342721181,0.3755353967697691,0.6617946117170456,0.1441613462595832,0.13199633951560316,0.46003497277351396,0.24626767730830368,0.42960623175199175,0.27134999161106604,0.11732835513088624,0.07070991677170071,0.38867090214638866,1.0925091660934858,0.045400865737027195,0.23701991974505293,0.004963079210591167,0.21114989107911758,0.3007404832723159,0.4961002551423969,0.9403908845319748,0.6410799088954021,0.7353826159262138,0.27851180738717846,0.6162628551799814,0.6928881187665269,0.029622449956135333,0.8278735750059973,0.28589304115534914,0.08008672612351014,0.37509205805835577,0.7575136115231293,0.07528844729003965,0.5688579469639542,0.14968894252028098,0.07132251347807975,0.041001134357863726,0.15816640722762343,0.14025282889680812,0.17826020743472618,0.03038893825048095,0.10042147037669961,0.29951818430620625,0.039697953784407394,0.09496658264941135,0.10095459115578206,0.030839794979327366,0.2292937527894113,0.6380048225674612,0.13929861638261673,0.16370642889375087,0.5270322493518237,1.1883179722065378,0.12364358804622694,0.044589530205827434,0.734617370021934,0.08250505198635248,0.5680902803326197,0.3411976246561508,0.07959178917681416,0.2963867592837175,0.22784312166301657,0.0047727065138501645,0.2347981826568384,0.115379744666585,0.045096844152080914,0.007422420390690158,0.7121327518152903,0.0708074570058341,0.3337042796248863,0.33502458332939494,0.12691701873545283,0.4718967282030737,0.02142154380653401,0.1701520457988786,0.1556073379907557,0.33751491261980965,0.09239454168592927,0.18017216429071575,0.08788081573312073,0.0919450208938854,0.3533793819153535,0.17714290578122266,0.4335635691537851,0.1562170319252174,0.1264597167022619,0.7495290415037542,0.17779878223695955,0.02236912427387519,1.000468687228402,0.1546567489482844,0.35950014642031136,0.0980806200410969,0.16842642521736134,0.2626124799207178,0.05891230555194345,0.07259993260461899,0.15912602029415174,0.07770460790467745,0.015128684175292513,0.17216768072378685,0.023838651967373743,0.10069320069105901,0.44973309784082094,0.5228028507286044,0.14310900852992714,0.41369939185616567,0.3066339251938589,0.2674502402142472,0.38929773493844705,0.605488458471878,0.32121853850456705,0.13388401400682434,0.06466239931658356,0.03545869012832523,0.43860387647676047,0.10729213805130929,0.08682897327942843,0.48670615449878146,0.4152979449947054,0.1370534149929801,0.2943824435780352
KO_121,0.2028905484100359,0.25090016095046214,0.36861766086922254,0.23039938701023138,0.09788954755323871,0.20799672790878188,0.05890538092526675,0.16456166018331725,0.20239385052385,0.09324767984459296,0.09643328104594519,0.6489810407288369,0.026878033885991852,0.2936805823257844,0.024046611939150083,0.1776527511528093,0.015376515126270295,0.18127801614507313,0.049490198069050466,0.0685456208200991,0.1491376010261361,0.20320147768253483,0.45204630509577554,0.0012723759180217527,0.19952539696041627,0.041084120731887386,0.03420184795633291,0.11653313002912416,0.6763404546961395,0.15892432441660853,0.04137580308609229,0.5520471114176707,0.12758858420590913,0.21365682258854146,0.017888230568834537,0.2296290652397355,0.6260117212344793,0.25995007606707093,0.5670927766936745,0.3920522585949181,0.48963110994117043,0.014750822986163351,0.3418467452561164,0.04928844763098405,0.16750934691752847,0.7376920425025053,0.6946264287645098,0.2679865271911458,0.49265755981714787,0.5794459795590121,0.14093073746659068,0.09491011595525845,0.18223334582689532,0.7165911631305204,0.7098547193132552,0.10837483949108734,0.16026487481998303,0.023273761898549076,0.051594060190535286,0.1845667488831435,0.09701615574169706,0.08257589232104365,0.4072420886602706,0.1856947723776092,0.19431028603481637,0.6938370120539273,0.6957945509858484,0.018731043201942355,0.16301349896599318,0.2126076968933734,0.24717739499526273,0.22812608043142638,0.09993957407749894,0.3520671024180634,0.4390058167148261,0.6404987765726119,0.05959744617790185,0.7701795166349729,0.4997413426268125,0.41295052485974726,0.3756442598054588,0.6630255599755003,0.1452295809419096,0.13344517515220186,0.4606657243253012,0.24662902116821583,0.4311887518313728,0.26360508377160385,0.1172015848118926,0.07053242284533809,0.38877486909498926,1.0926523409317555,0.04497558382194782,0.23413664178305693,0.004918666270437344,0.21140171310413447,0.3010050111952017,0.4987594735128718,0.8940039913401258,0.6416973953310505,0.7359484947096849,0.27886198598675105,0.6159072028764295,0.674864068945978,0.029789402901046282,0.8278856024199219,0.33049734934427394,0.08015762252723843,0.3749805410868398,0.7502499502188089,0.07543261617705938,0.5221833966249301,0.1500255368396275,0.07091738703842833,0.04099946406890249,0.15829990233654878,0.14051943029496905,0.17783779615960016,0.030184626025496136,0.1004581117002341,0.29754841147676886,0.039687083120083656,0.09498535284143207,0.10097300414609109,0.03078764270868345,0.22888138649292838,0.6389654016214655,0.13954548233741515,0.16425656916405207,0.5262124898516226,1.1880397762806536,0.12357461543276746,0.04457015471305644,0.7350090941014468,0.08313456932331661,0.5679759134175766,0.34178278609061497,0.07964869046335303,0.29679784888363064,0.22797914028132776,0.00476614538385656,0.2347930313289305,0.11465703408239442,0.045109088300186756,0.00749300631449054,0.7127358894823441,0.07077502216478847,0.3343828501205898,0.33641104715620646,0.12665411494084888,0.4722626675368095,0.021469997418985302,0.15893290901293364,0.15542049556859472,0.33678831065626774,0.09237338457627568,0.18011863341887116,0.08788246609114858,0.09197497775041179,0.3533658188458343,0.17585695381035785,0.43359410855313885,0.15712614017903706,0.12648406323160036,0.7498662980163043,0.17748656120949854,0.023207126619754805,1.0002935956724848,0.1546799272834839,0.36025889859891436,0.0980486505515757,0.16863147162677244,0.2625289000615315,0.05893392532530923,0.07256973633677224,0.16025704827485301,0.07754738898883487,0.016550804672662924,0.172190038877358,0.023849544834852774,0.10039980283366082,0.4512138990773457,0.5226964606451603,0.14277067364684684,0.4144511925009312,0.3080655362428193,0.2675381073734254,0.38927533776176193,0.6046948013535615,0.3214585857163389,0.1334157956801849,0.0644894595521196,0.03547032238493001,0.4400311851024678,0.11595424313979519,0.08680134118734906,0.48680844570021015,0.4153679967468329,0.13705251401573013,0.29413624653605447
KO_122,0.2028772750381761,0.2509346927075074,0.36864429679460475,0.2305290332912559,0.09792102318591836,0.2080270402301199,0.05888141332526709,0.16458791097847172,0.20241049500560748,0.09325327165903283,0.09643592760914232,0.6489881629808859,0.026873607015758597,0.2936752722538958,0.024041441252371322,0.1776726014999066,0.015379985103687911,0.18129853631365245,0.049485396517153606,0.06857256981356698,0.14915500284534805,0.20320725467958356,0.4520824984331644,0.0012728478131898214,0.1992907586670758,0.04106777210399942,0.03422448919325701,0.11649922323415,0.6763388843038177,0.15891394921851235,0.04138497537193701,0.5521674904093601,0.1275891450731092,0.21366265569877047,0.01788416385176571,0.22962574365956986,0.6260526186564768,0.267909450720292,0.567081210241318,0.39203322657527573,0.4896657157191017,0.014751432108048398,0.34184899512419414,0.04871678501724955,0.16750193159607818,0.7375679354134013,0.6946301192356615,0.2680142588493438,0.49271491598427053,0.5794530858404655,0.14092865984912548,0.09488865016711039,0.18225562411778082,0.7166193818536285,0.7099194043498689,0.1083675227289319,0.1602453252301668,0.023269610947201393,0.05157305414649406,0.18459000186319363,0.09703445802038926,0.08256815989453528,0.40723948294080264,0.1856864451032129,0.19433642641648638,0.6938596126684713,0.6957337018935568,0.018729482954433895,0.16301354822401803,0.21259949969157496,0.2471755012897001,0.22812809096364936,0.09994736665809462,0.35212693706867515,0.4390834863652152,0.6362002932627298,0.05959475991818901,0.770215618180584,0.49977655707677465,0.41294628730979244,0.3756199662078558,0.6630451052460554,0.14523315787832328,0.13344664815187923,0.46066588824201676,0.2466567311249884,0.4311999225881498,0.26358670311684385,0.1172017759461081,0.07054807435765424,0.3887921180480853,1.0926456132149913,0.04497852465970795,0.23413176523493442,0.004919904941976851,0.21137782613946682,0.30064731765965735,0.4987610760441163,0.8939356438039252,0.641756309691927,0.7360211638457416,0.2789326977492562,0.6159382001846553,0.6748062714451792,0.029780589069117416,0.8278208481568322,0.3304525101293427,0.08015317102273815,0.3749846657627621,0.7501646327318511,0.07541750316958643,0.5221865253446577,0.1500262304673061,0.07090730337315909,0.040994015674619765,0.1582862793444632,0.14049262449901062,0.17782898216326196,0.030179060719698687,0.10044944176598886,0.2975327951036731,0.03968841551655929,0.0949949441471648,0.10097606365973502,0.030787401964759906,0.228881829279226,0.6390038751225637,0.13955838826654499,0.16425969100099144,0.526265102426255,1.187964002698746,0.12358214344500512,0.04455787387650465,0.7350074096380615,0.08312456796229964,0.5679477756189361,0.34180875141334355,0.07964880138107182,0.2968089305089676,0.2280071211595882,0.004765328780773001,0.23477790435424975,0.11466055835073484,0.04510738729230706,0.007489870519187952,0.7127513636247789,0.0707676171445038,0.33435367395977766,0.33641387156747554,0.1266522909173404,0.47228770010115817,0.02147481038901429,0.15893318710769166,0.15542431696860992,0.33679005543317403,0.09238579287442256,0.1801118060663299,0.08786797658344583,0.09196220241613196,0.3533689673939172,0.17587021107079634,0.4336336755436544,0.15712581860971758,0.1264922972538198,0.7498994394800893,0.17746693258372861,0.023213301300776944,1.0002913785190268,0.15467955905351546,0.36029918690565055,0.09805335556663304,0.16865627407443262,0.262535492961472,0.058924371802945595,0.07257118141528439,0.16025296056739952,0.07755159064372205,0.016552450366353538,0.1721867550135727,0.02384935597036056,0.10045947739399284,0.4484766574850533,0.5226941184121241,0.1427479839424524,0.4144631127412615,0.307763717151032,0.2675216186962841,0.3892467537390991,0.6047686347771081,0.3214815612769313,0.13340574859927934,0.06447886689151007,0.03546945549654887,0.4400235124873549,0.1159572325888118,0.08678966183563569,0.48681013325328104,0.41534208999774114,0.13705482893493273,0.29416580161757405
KO_123,0.20286053993720032,0.25096057033392843,0.36860729675624554,0.23052105846376222,0.09791972255029052,0.20807401788692664,0.05891098904404502,0.1645729352874366,0.20239382827853855,0.09325149353002452,0.09644998011393757,0.6489723662902454,0.026868260648946093,0.293669959325937,0.024041904338679813,0.17762891942724415,0.015373713519514432,0.18129327617427912,0.04948906522725154,0.06858189566847572,0.14915110032931717,0.2032189409889948,0.4520590304677557,0.0012716958206218138,0.1992900918833507,0.041066661333141456,0.034219685454571915,0.1165227901037788,0.6763224119955181,0.1589186175887354,0.04137852843581296,0.5521560810719688,0.12760216773521488,0.21366981690506245,0.017881378746386584,0.22964116737236637,0.6260673010336135,0.2679007641489853,0.5670791094868609,0.39201542270733136,0.4896633315142918,0.01475481766341683,0.3418217705252573,0.048723938313050816,0.1675052221773621,0.7376150613604356,0.6946141761554561,0.26801397824039824,0.492720828936315,0.5794383394164725,0.14092946425187855,0.09490461062057916,0.18228097609687935,0.7165582549751499,0.7098831918063974,0.10836469524157627,0.16028216305420975,0.023271029207036404,0.05159368292340246,0.1845394722079376,0.09702557008456188,0.08257828785681362,0.4072059627219831,0.18567557097664084,0.19435319193476647,0.6939202861149635,0.6957577289059226,0.018731984881716922,0.1630169965105932,0.21263065201931122,0.24714508855905762,0.22815147546356615,0.09992422220683647,0.35215617768475216,0.43909652622688855,0.6362049736455319,0.0596078180029698,0.7701122977532199,0.4997374937318298,0.41295504333792293,0.37567599686026265,0.6629880695773817,0.1452442768464108,0.13343354152105524,0.46069088880926473,0.24664581411945607,0.43117534668079743,0.2635892572131163,0.11722300646539273,0.07054023980506623,0.3888163503856484,1.0926201730243754,0.04497600296559881,0.23412782225688156,0.00491961450043223,0.21139716917034765,0.3006437379021354,0.49874596576925256,0.8939286428924418,0.641705485387212,0.7360063741672896,0.2789108404172377,0.6159372347066486,0.6748005528942328,0.02977603341622142,0.8278691631799581,0.33042228170509186,0.08014482569326284,0.3749859441255196,0.7501551521584029,0.075430006486132,0.5221908990995128,0.1500246167541173,0.07090237896459078,0.04099505522615754,0.15827219636316817,0.14049600392716788,0.17785034460419413,0.030186416766016147,0.1004303151813301,0.2975477343320987,0.03968392353615352,0.09499264751150735,0.10096697846595813,0.030800681068005827,0.22890138489780523,0.6390479739573505,0.13953678536165845,0.16427584685340244,0.5262909472497184,1.1879824870438715,0.12358489762418734,0.04455039762060725,0.735092666836312,0.08311934287432488,0.5679398768959822,0.34179998865162214,0.07963171439560456,0.2968243595782558,0.22800351526962875,0.004766855218749346,0.23476163071002865,0.11466945688559939,0.04511011121954823,0.007488796735347972,0.7127549874892518,0.07077658999384422,0.33434030656163005,0.3363920184899098,0.12668081835030937,0.4722488904134372,0.02147016168693099,0.1589412689082382,0.1554280906316661,0.3368120153281838,0.09236673657755866,0.18010042907359713,0.08787254911374814,0.09195441528498303,0.3533336738722834,0.17586325745077053,0.4336201720279754,0.15714276347219389,0.12648972523842691,0.7499114925049625,0.1774948204029984,0.023214878620596506,1.0002404948363328,0.15465618135774994,0.3602971987123482,0.09804417161801256,0.16864633028906315,0.26251253967243904,0.0589379502170146,0.0725637686506047,0.1602636406132002,0.07753581156489653,0.0165546103409969,0.17219417534094553,0.023848780031292552,0.10045957954659494,0.44844307340383566,0.5226805813381882,0.14275526539106934,0.41438225335765494,0.30779318467969496,0.2675439741915518,0.389253245224493,0.6047410789333743,0.321515078156564,0.1334061051654893,0.06448862692186631,0.03546809283495357,0.4400069071403618,0.11597359299057775,0.08678821851016683,0.4868345057013653,0.4153424327687788,0.13706056479190673,0.2941414173529414
KO_124,0.20287983812951982,0.2509281560824805,0.36858536655734764,0.23055497066080424,0.0979222928230036,0.20806718207029098,0.058904777800747245,0.16456124265844074,0.20240032193057955,0.09326365573930671,0.09644521553680435,0.6489588639297243,0.026872210515477262,0.2936482321762884,0.024041099907496824,0.17765172282941413,0.015383262860197202,0.18125250662874595,0.04948690122890162,0.06857810664521646,0.1491250361828087,0.20320997856485692,0.45209477824710304,0.001273358465741602,0.19927943217311225,0.041087239214326006,0.03422663312192141,0.1165372249046875,0.6763185455427055,0.158899641413247,0.04138428475071612,0.5521636759770943,0.12758987490968388,0.21367855813047512,0.017885456383173022,0.2296272800836829,0.6260371698274305,0.2679170052849179,0.5670483175095566,0.3920197459519706,0.48966138000011955,0.014750085093785805,0.34184822388327524,0.04872267099699406,0.16751201932703114,0.7375501607851291,0.6946535196392858,0.2680008710721107,0.49270432774968415,0.5794817440347376,0.14091637475236685,0.09489804025935386,0.18227978161314884,0.7165782436792046,0.7098982400397331,0.10838222469955695,0.1602617384698492,0.02327504169933901,0.051583832494399656,0.18456342876490012,0.09702002166395299,0.0825724325974112,0.4072349773567965,0.18568101286599842,0.19434738771966184,0.6938530317998166,0.6957727611386909,0.018728480607454325,0.16300612427939093,0.21263010934412063,0.24715914055207502,0.22813709089026638,0.09992453324306076,0.35215345917760754,0.43910265226752393,0.6361861189493063,0.05959183726627277,0.7701408612171683,0.4997109867601724,0.4129833816050531,0.3756406339689768,0.6629828861639753,0.14524690270446228,0.13345174113201072,0.46064585581965917,0.2466430226904551,0.43112852105077915,0.2635771318466598,0.11722134584410279,0.07052675933161401,0.38878434766595077,1.0926425502211656,0.04497527836430925,0.23412232770553065,0.004921488227197563,0.21138375239429646,0.30066327273025784,0.498765667177086,0.8939463670581772,0.6417022372608076,0.7359738332159829,0.2789563397343611,0.6159139339252537,0.6748315553344283,0.029782362578496764,0.8278599765861216,0.3304563284550589,0.08015021084056853,0.37498588922400833,0.7501732440454455,0.07541951617767027,0.5222522587590727,0.1500285072281043,0.07089820016078827,0.04099550113470789,0.1582786616281713,0.14050348223735798,0.17783605318422133,0.030179852929198028,0.10045002251099736,0.2975322097597866,0.03968644608232251,0.09498132967629005,0.10096804566608784,0.03078705989735376,0.22887691852717465,0.6390132283058352,0.13952618475687512,0.16425199451221448,0.5262793618047621,1.1880075341835716,0.12355812358554744,0.044557088409545795,0.7350867507333207,0.08311133080320471,0.5679594130696604,0.3418327639938691,0.07964520083996071,0.2967642447298226,0.22801347403303554,0.00476639968506652,0.23477308635634694,0.1146811423095897,0.0451134246945614,0.0074915465630613146,0.7127313576396856,0.07077279377006271,0.334340693048558,0.33636844175290304,0.12666344983462088,0.4722702982423982,0.021465329345702378,0.158965083783423,0.15543489683026915,0.33679595964388626,0.09237961295267613,0.18012212858889648,0.08787429723737626,0.09195689679278105,0.3533388559528339,0.17586715119023202,0.4336188371484544,0.1571303617622199,0.12649578906110187,0.7499289039420054,0.1774801576688908,0.023204651022489517,1.0002803295596558,0.15467674113043686,0.3602627794730455,0.09803617128152457,0.16865377326833875,0.26250778579009687,0.058924850715004605,0.07257516399172842,0.16027264808985067,0.07754566103177478,0.01654929551659965,0.1721877542960844,0.023850628274036573,0.10048684422500227,0.44846302325348397,0.5226586510748128,0.14275949720470502,0.4144134836495457,0.30777860360890513,0.2675442303999446,0.389251232781303,0.6047068403450677,0.3214876444549144,0.1333965864843702,0.0644833036395473,0.03546116905831254,0.44001034680010875,0.11596149872201376,0.08679503329621237,0.48682628631483205,0.415316315386746,0.13705802772932668,0.29415406698257146
KO_125,0.202865137223947,0.2509170238547898,0.3686019826126203,0.23050273580290404,0.09790524549499287,0.20803346606509762,0.05890420970320659,0.16456155853781543,0.20239464537332913,0.09325672791886562,0.09644566207401634,0.6489701848508763,0.026875759313963216,0.29366067300599674,0.02404400693188827,0.17763398759981636,0.015379181391385117,0.18128223279342212,0.04948583803424264,0.06855728905801223,0.14912638975002632,0.20321369547790805,0.45207768021744527,0.001273243798572647,0.19930411933564182,0.041073196888645594,0.03423012050882347,0.11651927250599488,0.6763480459187756,0.15891503577126515,0.04137744912439409,0.5521610892226457,0.12760519943216364,0.21365621911063792,0.017884657870943718,0.22963291400306518,0.6260202536529355,0.2679200466564487,0.5670841684169788,0.3920274787833999,0.4896602251909186,0.014752316369869895,0.34183351687564634,0.04872227193288234,0.16750433569133788,0.7376069418362043,0.6946109557115571,0.2680246168113271,0.49269763410043316,0.5794617561517338,0.1409298548116019,0.09489103137704318,0.1822562955655898,0.7165806641675911,0.7099466282479338,0.10837926439943847,0.1602614338897209,0.023269641037415804,0.051594230414634346,0.18457736931458626,0.09702922962449778,0.08257314434518039,0.40725666170560226,0.1856940327337491,0.19433712792213753,0.6938224985913408,0.6957435958111277,0.018728944795100923,0.1630149575694782,0.21261164636027655,0.24712833539924894,0.22813760134248517,0.09994058679877997,0.3521511955919418,0.4390642689420472,0.6361858205854408,0.059597249118387256,0.7701253445185774,0.4997417339928882,0.4129530418423952,0.37563760419490116,0.6629994196578581,0.1452478360679234,0.13346886719015635,0.4606569461254506,0.24664935121041423,0.4311885507351389,0.26360014272214266,0.11722423159988624,0.07053759218491139,0.3887908672342701,1.0926046220801118,0.044973892657967536,0.23414075110733198,0.004919379262632546,0.21139729028568846,0.30062220967294506,0.4987432976232047,0.8939405429422529,0.6417006018718422,0.7359582802566242,0.27892496644447695,0.6158982499493755,0.6748302191528703,0.029787845256644133,0.8278328714762253,0.3304551628219074,0.08014396920541765,0.3749549551400212,0.7501825057350154,0.07541726198458032,0.5222158182209397,0.15002703860485914,0.07090352796630775,0.04099457793538409,0.15827887309263228,0.14050023404900366,0.1778434094731788,0.030193894729649753,0.10044370087105974,0.29754296555492266,0.0396869905338374,0.0949804393593177,0.10098498938947843,0.030790095903889064,0.22890035638250228,0.6390044439776628,0.13954680524133983,0.16426830918494445,0.5262514497326847,1.1880034972138807,0.12356816475678278,0.044566712490461555,0.735068668457694,0.08311701998604508,0.5679695662274282,0.3417983189769641,0.07963842984928525,0.29679579444308707,0.2280072241931021,0.004765351618493638,0.23476653912144912,0.11467289685480883,0.04511377713702893,0.007491923474694926,0.7127559125711344,0.07077660250448801,0.33434072988331537,0.33639711985369847,0.12666083001063086,0.4722793743500046,0.021476137150384655,0.1589329741930189,0.15542923593797855,0.3368189350826019,0.09238479043022185,0.18011833849203565,0.0878732434775425,0.09196270776963432,0.3533588296415275,0.17586999450540497,0.4335905019693839,0.15715441368424085,0.126499850432914,0.7498931611098231,0.17749732711936989,0.02321129159120627,1.000263058717039,0.15468578476845316,0.3602754569924134,0.09804747306308767,0.16864990302278518,0.2625059282522663,0.058933363852815196,0.0725664370910417,0.16023973916050485,0.0775376418090723,0.016549250429501734,0.1721971789593105,0.02385389780482267,0.10048561769440816,0.4484346075419196,0.5226708904433571,0.14276895471768325,0.4144238811218438,0.3077700318022226,0.26753493117058014,0.3892232982161407,0.6047299203206509,0.32146818141201194,0.13340217414819028,0.06448651375513717,0.035475452823925,0.4400111345336223,0.11594678233522512,0.0867997567322891,0.48681871575872293,0.41532815694614533,0.1370499319998779,0.2941498326917804
KO_126,0.2029145388810787,0.25089985059700065,0.36864744189738025,0.2305778472608316,0.09790124950131202,0.20802227859811126,0.058892539448972124,0.16457112485953548,0.20239357210348863,0.09325399022712819,0.0964302374695892,0.6490227479611989,0.026881178310063595,0.2936609511948172,0.024038759544333335,0.17767377747653368,0.015374596181023797,0.1812605278820363,0.04948881117119656,0.0685497691254659,0.14913956866320743,0.20321652491761225,0.45209502808827423,0.0012725911763121452,0.19930698197356786,0.04108127124972639,0.03422407288793538,0.11653975588547487,0.6763950677369189,0.15890445539278703,0.041377408381254976,0.5522181765432296,0.12760003493646285,0.21369512293776202,0.017882318268337853,0.2296584876928123,0.6260696920080773,0.26796958033733065,0.5670934935234653,0.39205590181323363,0.4896699400067168,0.014752744528911193,0.34184780860709046,0.04870353105759749,0.16750793878036754,0.7376147323229137,0.6946462080493336,0.2680166514117132,0.49271259003491835,0.5794477021206683,0.14093748833410788,0.09490156755347176,0.18224415826945947,0.7166676976220133,0.7099802210550147,0.10839199121938065,0.16025052452351154,0.023275100988628356,0.05157697703323024,0.18459280854139176,0.0970174523599589,0.08257254420379387,0.40722598740545707,0.185659546173279,0.1943157125092324,0.6938762960448266,0.6958105653261307,0.018735071073154672,0.16303220180975503,0.21261542582532553,0.24717007434508992,0.22810658445264947,0.09991959121761741,0.35210877829869375,0.43913391504350713,0.6362230757597611,0.0595957893982398,0.7701966062025031,0.49977764469121694,0.41301215558545584,0.3756323470632212,0.6629840917742583,0.1452285068753635,0.1334871249317582,0.46060880948364147,0.2466507335220136,0.4312268562588183,0.2635937843118351,0.11719389703730981,0.07052677144394372,0.388782351206924,1.0925926141989861,0.04496821138309644,0.23410896822094887,0.004918951444913225,0.2114112765702163,0.30061566136128487,0.4987792975232518,0.8939073060285834,0.6417157350428886,0.7359822713938823,0.2789376541471082,0.6159223414443009,0.6747686682385616,0.029782704667312657,0.8278934465826161,0.3304843321371962,0.08015640836348108,0.37503197261675897,0.7501365941036139,0.07541646623579235,0.5222081781033138,0.15001503103411054,0.07089047611818877,0.04099803484042381,0.15827630584488916,0.1405019060265324,0.1778286157539567,0.030184924607822617,0.10045640122133698,0.29751014718873914,0.039683597579178394,0.09497298716842371,0.10098681259570604,0.03078192387158056,0.2289096918183384,0.638947513030806,0.13951079160789542,0.1642373802934067,0.5262881748966203,1.1879705037831305,0.12357670827506931,0.04457160695119712,0.735080608323902,0.08310315147569923,0.5679891811147844,0.3417942204421999,0.07964729937439911,0.29678056267469693,0.22801701176117212,0.004765519616045707,0.23476264668004437,0.11464962785281685,0.04511579744150179,0.007491808608129927,0.7127638673993462,0.07078047637101442,0.3343622930950906,0.33638758172664196,0.12665509417118687,0.472259408473608,0.021467732955371407,0.15892590468328674,0.15544702151475104,0.3367934532782833,0.09236652266811145,0.1801414972797632,0.08786628694938033,0.09194870674852125,0.3533449444585218,0.17585701322149458,0.4336373968136935,0.1571501499749043,0.1264790462652222,0.749887851138289,0.17748058202881883,0.023204440174421668,1.0002907694254803,0.15467535130495963,0.36025571072406115,0.09804387246749165,0.16865866719360517,0.26252900423621356,0.05892634230398883,0.07257388473416043,0.16025444973974676,0.07754508456967583,0.01655173638640097,0.1722011948987704,0.023846425750265347,0.10047405769743345,0.4484567649034737,0.5227113809029833,0.14275989079399845,0.4144484662182173,0.30780421313179246,0.26750434065129103,0.3892659139620398,0.604736766128017,0.3214549471049326,0.1334061515393336,0.0644804664349059,0.035473034415658355,0.44001803203853346,0.1159529763866895,0.0867929893670768,0.48686431340067426,0.4153056652455357,0.13706599020122265,0.29418083439559994
KO_127,0.20285349878844444,0.2509430447905391,0.3686090677152581,0.23052114647923666,0.09791978799149031,0.20806727632580457,0.05889889483269974,0.16458272758685139,0.20241841578277117,0.09325069419700897,0.09643100130921946,0.648997891704755,0.026880173178293026,0.29368165741555236,0.024043824400401616,0.17764834033334795,0.01537264910142616,0.1812952388633467,0.04948279815653104,0.06856830176360788,0.14914586093488166,0.20321842509006832,0.4520592846932315,0.001272339225474593,0.19927523388270404,0.041071786672856214,0.0342196445682092,0.11652609575330339,0.6763169933270738,0.15892721554534425,0.04137268074469673,0.5521331198539755,0.1276053595012479,0.21366435069626472,0.01788571294132388,0.22962011183799436,0.6260421767339549,0.2679037503600966,0.5670346328090643,0.3920046525510088,0.4896651431281385,0.014750782886543044,0.3418169693632557,0.048718175788384686,0.16751530223814357,0.7376075625488615,0.6946147023434965,0.26803075954854144,0.49271403182045637,0.5794270590108007,0.14093136307362086,0.09489206481392873,0.18227207736093892,0.7165517481243353,0.7098920313510116,0.1083675611971922,0.1602678589045155,0.02327362258078058,0.0515868874093271,0.18455365718424757,0.09701107133560301,0.08258068140387642,0.40721324744765913,0.185681875362906,0.19437399106650016,0.693860910547994,0.6957208992153162,0.018730768634444957,0.1630183110138845,0.21261695779976475,0.24715762057082813,0.22815492110267951,0.09992627421070206,0.3521675269865774,0.43909355972696706,0.6361653267681969,0.059596587573735475,0.7701487037145602,0.49972856691430034,0.4129228704167253,0.3756416859937357,0.6630268618688371,0.14523252448641247,0.13345188563671762,0.460664485842694,0.24665036108767657,0.43115404493223486,0.2636065449805693,0.11721366324229257,0.0705380710324048,0.38882706789385674,1.092720533460486,0.04497160805373173,0.23414676761205583,0.004918570960240379,0.2113921050896262,0.3006369323552149,0.4987610700207639,0.8939433867236042,0.6416986112596705,0.7359913217329002,0.27891945782688266,0.6159450575834984,0.6748014179965012,0.02977311461945618,0.8278508143329899,0.33047700516648454,0.08015056884413843,0.3749779060279097,0.7501554999085055,0.07543108863659492,0.5222339557963128,0.15003842104157367,0.07090982520423203,0.040986686085284364,0.1582799359339506,0.14049493204232433,0.17785748383845743,0.03019271759100681,0.10043674503750302,0.29753661211386384,0.03968382047030401,0.09498352382571287,0.10099251247065709,0.03079733165776927,0.22889604932769594,0.6390093970121158,0.1395520568969399,0.16425988344115958,0.5262291842677024,1.1879461802264022,0.12357153988102781,0.044557233328926964,0.735007991996056,0.08313889340444157,0.5679378264817341,0.3418039989516476,0.07963770325078855,0.29680368522357103,0.22803244123510813,0.004769096156780081,0.23476709030811743,0.11467238514216976,0.045114938437150705,0.0074891891959354044,0.7127543923905751,0.07077625346556594,0.3343503718432627,0.3363742827375002,0.12668505139409575,0.47227284051692986,0.021471847112179174,0.1589220642444413,0.15542950771240854,0.33680652217152685,0.09239310795952858,0.18012201745464135,0.08787991919566904,0.09194967032606881,0.35332464666402424,0.17587678091967512,0.43362677049565046,0.15713471815727614,0.1265085594613878,0.7499197746364707,0.17748011462858648,0.023214776470574256,1.000242119412769,0.1546710700749939,0.3602680586410233,0.09805883162644613,0.16864050953828394,0.26251900519494614,0.05893575898583496,0.07256319485185318,0.1602513304499171,0.07753817564524966,0.016545649014646023,0.17220384090245236,0.023847608042521506,0.10046997626608578,0.44842892405099793,0.5226656709778426,0.14274030188960407,0.4144264827829877,0.30778509258806275,0.2675482358973661,0.3892864631320127,0.6047300904459498,0.32146734010629063,0.1333957123369158,0.0644927539267871,0.03546435510579855,0.4399934161331023,0.11595815434321949,0.08679020016186455,0.4868514151789468,0.41533937323569126,0.1370408680735954,0.29414347473956065
KO_128,0.20284041299141992,0.2509878421363349,0.36853562711898114,0.23053305972613133,0.09793231509732395,0.20812407419525653,0.05892604486616328,0.16455545821173484,0.2023853889351296,0.09327426650359341,0.09646851218085406,0.6489160512567799,0.026885104497647642,0.29362580274869116,0.024044516471403314,0.17761391702547571,0.015387138365034048,0.1812727395648424,0.0494913608096465,0.06860001348836603,0.149116638658166,0.20320830150339012,0.4520369693921033,0.0012731048871254035,0.1992692633369784,0.041072528210912174,0.03422595627054157,0.11655648248044126,0.6762133206837625,0.15890073586322936,0.0413892529670576,0.5522362495603979,0.12760586823433018,0.2136336262735828,0.017885877025824688,0.22960304410041216,0.6260726658837192,0.26786348835175083,0.5670142981251518,0.3920394840270044,0.4896702765126281,0.014746945697934706,0.3418665262489067,0.04873211436898973,0.16750116210606203,0.7375839510734405,0.6946075045786693,0.26802921301295,0.49271929473029347,0.5794974744000307,0.14091370291287775,0.09488595134657789,0.18228386541041458,0.7164752702863675,0.7098969794149179,0.10838374499120726,0.16030796142396272,0.023279257135901343,0.05158784155716892,0.18453113188054962,0.09702422198991999,0.08257172742913522,0.40720400093462217,0.18571550417378097,0.1943630663328922,0.693934569863271,0.6957348864098697,0.018733605393387972,0.16300656703676458,0.21262408260820906,0.24712523866079208,0.22816925076611408,0.09990808182086572,0.3522418853839063,0.43915286218273974,0.6361735527701722,0.059606543008348764,0.7701363911929117,0.4996487382755704,0.4129609686545141,0.37563759737065183,0.6629709461208757,0.14523412931545415,0.13344187332576962,0.4606493403366901,0.2466510394761401,0.4310946480585246,0.2635796907559834,0.11723577391556739,0.07053939176266211,0.3888319714724975,1.09254831422542,0.044975198397797005,0.23414852861860913,0.004922907924217803,0.21141652288766447,0.3006414008814907,0.4986765540665488,0.893915559899774,0.6416713374734498,0.7359346461448069,0.2789291518170975,0.6159276208913471,0.674771306750784,0.029772300094614807,0.8278519952627236,0.3304814500134394,0.0801457328003691,0.3749269641280288,0.7500852859637427,0.07542085052213682,0.5222754056530324,0.15002372240158093,0.07090794074139681,0.040990886922911696,0.1582670628306841,0.14049310066710144,0.17784015373383671,0.03020098223414483,0.10042189665301117,0.29755326546464056,0.03967827156757045,0.09500705880069472,0.10096399592513844,0.0307998516134432,0.22888642645084442,0.6391128380674664,0.13953445320784827,0.16427915063060416,0.5262902923134606,1.1879896590273267,0.12356240326800351,0.044548193473596516,0.7350157711851827,0.08310763678649499,0.5679288969321694,0.34179082380850073,0.07963286229874675,0.296775653453757,0.22801233302756296,0.004764920186217933,0.2347684119539232,0.11469545685456743,0.04510816407760412,0.007489946228360198,0.7127114811916941,0.07077146786662375,0.3342988528371334,0.33639597230246493,0.12667440273452096,0.47226224772073144,0.02146757391905392,0.15893688763696304,0.15544054207462882,0.3368276199997984,0.09237497206622546,0.1801123372093139,0.0878835159105485,0.0919620111763586,0.35335027740763536,0.1758876672266687,0.43361672514255506,0.1571545536745427,0.12648377440597466,0.7499002134159085,0.17747821170575162,0.023210499442352622,1.0002979172083204,0.15468557648387024,0.36022565864787165,0.09804692593514835,0.16863741963401938,0.26249598700179405,0.0589400186719072,0.07256565515823526,0.1602525714834841,0.07754683134928425,0.01655406337947635,0.17218046654122723,0.0238525355457966,0.10047768816172764,0.44844943904804224,0.5226745996161638,0.14276008759940897,0.414392672141394,0.3078024028734854,0.2675461957494428,0.3892674704341762,0.6046989739562225,0.32146576760742795,0.13340809995846936,0.06449358124667576,0.0354560657355342,0.4399988876013933,0.11596293035885184,0.08678213107571982,0.4868531919797723,0.4153490229884798,0.13705753963688783,0.2941440722356656
KO_129,0.20289114495320856,0.25092637392701556,0.3686209578034313,0.2305377211098284,0.09791538690414556,0.2080355907922662,0.058909801319170965,0.16458332916721605,0.20239967372300843,0.0932462035261878,0.09645080237928419,0.6490063210995067,0.026876070582681554,0.29366919148865606,0.024042947241901695,0.17765232489947405,0.01537888024091876,0.18127293118279184,0.049481101885437855,0.06856094956735356,0.14914010635459748,0.2032201963465483,0.4520897468359154,0.001274122602156187,0.19930808571147435,0.04109218385359725,0.03422339087923079,0.1165258856563086,0.6763398272194093,0.15889661838126992,0.04138949785104322,0.5521793180251946,0.12759138546191118,0.21369382458524167,0.017886593993996055,0.2296064271336597,0.6260299934785771,0.2678755698599695,0.5670398317854266,0.39204035711168683,0.48965218557016577,0.014748426339968729,0.34184129909588706,0.048717310567890304,0.16750083088776266,0.7375915336151567,0.6946274062371172,0.268003423099096,0.49268930053461696,0.5794776968651209,0.14092954441977631,0.09489338866249909,0.1822655973760758,0.716636182964486,0.7099303031601364,0.10837954682008143,0.1602516957386025,0.02327740460386862,0.0515851413551492,0.1845816528337923,0.09702156584466733,0.08257432730680075,0.40720480510602775,0.18568277880937706,0.19432481692771075,0.6938570724271831,0.6957989822903015,0.018731819148571867,0.16300992141330045,0.2126114673735065,0.2471671673055566,0.22813418277896477,0.09993376883393806,0.35213469374007306,0.43911462879333935,0.6362189445527696,0.059596575172593605,0.7701976295276068,0.4997187500168882,0.41294677378216593,0.37564064116490586,0.6630370650020392,0.14525374897668253,0.1334610016710793,0.4606192594176797,0.2466193158743871,0.4312024224004928,0.26359965235772786,0.11719800750606028,0.0705369788513217,0.3888049195300603,1.0926510910452865,0.04497424442828514,0.2341248938894543,0.004917671379666806,0.21140970376142876,0.30062812032112596,0.49881786980095216,0.8939118062600269,0.6417506634957366,0.7359985814919597,0.278913701960579,0.6159315399072312,0.6748548477741018,0.029776853134705905,0.8279347937553329,0.33045030719252116,0.0801453215801336,0.37498348118146585,0.7502241545072135,0.07541485597224568,0.5222531588338098,0.150026753766333,0.07090860750837277,0.04100672932990944,0.1582779406165551,0.1405193784011966,0.17782545368449798,0.03018443386791599,0.10044794996374563,0.297541967941016,0.03968444342925559,0.09497843799746898,0.10098350386734956,0.030791461623553288,0.22889158194209175,0.6389759325605683,0.13953263183045514,0.1642506489733317,0.5262221993070535,1.187968960708166,0.12356304319297463,0.044560419789967186,0.7350462683247745,0.08312119742020815,0.5679644801413495,0.34182345209702025,0.07963701510937912,0.2967936937250423,0.22802135140376578,0.004764885136851277,0.234769726917925,0.11465851400369123,0.045104041908076584,0.0074850911589297835,0.7127451067854186,0.07076765832262048,0.3343656111685498,0.3363809224382986,0.12664793064362642,0.47225591318487575,0.021474290711843192,0.15893970352167425,0.15544560855178738,0.336798709708888,0.0923666154853077,0.18012457112853553,0.08788158631679155,0.09196165042438388,0.3533262251156298,0.1758593418660496,0.4336264531192072,0.15713532590665436,0.12648902687021227,0.7499230730062488,0.17746145247809608,0.023199123213727316,1.0002734799846265,0.15466127307092495,0.3602523002477341,0.09805853482188027,0.16866106937411282,0.26252249801042793,0.05893277236199859,0.07258076737679547,0.16024567378665822,0.07754040889959973,0.016554084850095532,0.1721693317657735,0.02384583650334108,0.10045531484086079,0.44846810569821427,0.5227053076633764,0.14276477633786422,0.414458104303681,0.3078004980523687,0.26753130842728073,0.38923634161071596,0.6046962166771109,0.3214423343514573,0.13341155122024115,0.06450241387386542,0.035471756089840906,0.440021713322982,0.11595081445452644,0.086788625300366,0.486841701585567,0.41530971492541874,0.13705225311277047,0.29417510681530407
KO_130,0.2029043252329466,0.25090583429014474,0.36864039645292906,0.2305516566250892,0.09791389284507122,0.20803112593589865,0.05889664515234671,0.16458508759137458,0.20240030242224277,0.09325784254101832,0.0964322087933723,0.649001988914429,0.02686871715148271,0.293671852291731,0.02403920255540116,0.17765950975167424,0.015380889313120023,0.18128368353346852,0.04948393282084093,0.06856325401494359,0.14914053331831031,0.20320008473601725,0.45209365337257373,0.0012733748697544606,0.19929787304626775,0.041069535123735096,0.034229783957618866,0.11651586342506712,0.6763261700017396,0.15891937232370254,0.04137934314714578,0.552202238099501,0.12758541878289775,0.21368156988053696,0.017881922724872774,0.22963342654798433,0.6260160412495066,0.26796480514194326,0.5670361174079769,0.39204773030568063,0.48966533867347856,0.014750064127425636,0.341833309710584,0.0487160601255287,0.16749166279609243,0.7375981570605219,0.694648651022159,0.26800631822013615,0.4927057210599792,0.5794568622074888,0.14092758288887317,0.09490579277949253,0.18225178638649356,0.7166125743916594,0.7099797311819097,0.10838942533103818,0.16026177876560457,0.023271353487557458,0.051583176192543816,0.18457620673539332,0.09703569502011626,0.08257423783556236,0.40726624518750637,0.18569294740362538,0.19433880778117282,0.6938320869062476,0.695799307623288,0.018724392849411554,0.16300428115396356,0.2126237545679547,0.2471644746343051,0.22811982986916715,0.09993268085331565,0.3521172004949517,0.43909903426485364,0.6361997957006911,0.059605442959189,0.7701649715290521,0.4997447114489605,0.41298613863634365,0.3756156018923578,0.6630462299123399,0.14524713223017688,0.13346021281313178,0.46062140833557025,0.24664772010321723,0.4312279609725673,0.2635755689331479,0.11720507332847643,0.07053851439472812,0.38879023501564663,1.0926140354431746,0.04497766427942992,0.23409897558244055,0.004918591995631113,0.21138760691882916,0.3006450201113483,0.49880143392324766,0.8939765008649603,0.641721946828633,0.7360027425002235,0.27893255659114713,0.6159169890718083,0.6748280029602122,0.029782309775513188,0.8278462110408702,0.33046471353168183,0.08015118341585781,0.37500998026218696,0.7502032485410608,0.07540503891417219,0.5221767328846323,0.15001872678337383,0.07089903663598489,0.040993577152923476,0.15829149784964858,0.14049697960742405,0.17783398947971923,0.03018853617666924,0.10044812682956769,0.29753447211484,0.0396892938626333,0.09498734004278916,0.10097531340787401,0.030791600616767754,0.2289068880352595,0.6389931147440081,0.13954321864467178,0.1642486684996243,0.5262740624993759,1.187979264094309,0.12356776517105171,0.044562973135459705,0.7350656938720213,0.08311719922474357,0.5679707782009988,0.3418289152972991,0.07964415655556942,0.29681843575352895,0.22803270201449083,0.004765181601304236,0.23475918105915816,0.114652411068494,0.04511058424362959,0.007487032495345337,0.7127833593034709,0.07076469873512893,0.3343823422048898,0.33639752584544524,0.12665223512354565,0.47225816848498076,0.021467075210860182,0.15891004829957553,0.15544100513224796,0.33681857555265926,0.0923724074241943,0.18014701402456337,0.08787526851068299,0.09196355885823979,0.353347375657548,0.17586757271104717,0.4336281201456492,0.1571446478281945,0.1264807673461899,0.7499164038079095,0.17746637957372552,0.02321335969423132,1.0002763039799587,0.15466699411396906,0.36028196593878187,0.09804846423026746,0.16864695486150946,0.26251896901401817,0.05893230981917146,0.0725602299479273,0.16027022066383795,0.07754082105626117,0.016548770259116892,0.17219178240002203,0.023849918165074646,0.10047242942469788,0.44846204327847705,0.5226995109580187,0.14274514042443345,0.4144106114271508,0.30780890380547027,0.2675142401657645,0.3892646579021298,0.6047308195419608,0.32145571738944867,0.1333991075492241,0.06447926815622614,0.03547193931488335,0.4400234550096052,0.11596099195126372,0.08678986280446178,0.4868238938119301,0.4153360157196277,0.13706101584113414,0.29419215970567597
KO_131,0.20283398398084132,0.25095944161797556,0.368546402281508,0.23052190979984868,0.09791068696272082,0.20807714570987268,0.05892289058199984,0.16454259134556923,0.20238722599770526,0.0932512589875365,0.09647063238950551,0.6489522696295332,0.026879414220126727,0.29364560629425074,0.02404666937997897,0.1776040921507585,0.015388642854924858,0.18129116309258,0.049488327903943106,0.06859436052493631,0.14910811183021822,0.20319306098550008,0.4520408021414615,0.0012719243036819255,0.1993071723419727,0.041078043615668164,0.03422688690916828,0.11655967234531976,0.6762180885092726,0.15891013951658314,0.04140157496507272,0.5521685217539063,0.1276011723341345,0.21361697874174826,0.017887921698470064,0.2295888550933776,0.6260037112304453,0.2678711483734402,0.5669723788408841,0.3920168298339604,0.4896727157978605,0.014752656044575015,0.34184601957916455,0.04872339599735271,0.16749942564113882,0.7376277108284662,0.6946336704030814,0.26803390755406226,0.49269160718399435,0.5794434838866225,0.14090375057522775,0.09487708226115733,0.18227982409771648,0.71646634053565,0.7098648170221282,0.10837558827607775,0.1602986591496843,0.023271047563030188,0.051598036521707726,0.18452773497132485,0.09702743416540771,0.08257618444700365,0.40720321967612455,0.18574446485192736,0.19435608613619176,0.6939162784871681,0.6957243230242933,0.018732690938265746,0.16302121745465906,0.21261335904887455,0.2471457209124621,0.22816507306326075,0.09990876186439021,0.35219717940139217,0.4391085967047555,0.6361855948723205,0.059609668759817096,0.7701013185095982,0.4996180662137999,0.412936001170247,0.37567090245985474,0.6629629292707151,0.14523701071701411,0.13343147360323404,0.460614042223108,0.2466357442540432,0.4311191583191064,0.26358079113992344,0.11722397826626113,0.07055102566060978,0.3888070448430176,1.0924871808087764,0.04497820280268745,0.23414925580525564,0.00492164989393363,0.21138713652750707,0.3006086549173277,0.4986649235900707,0.8939499563818851,0.6416577690888475,0.7359954858680403,0.27889350833048976,0.6159019882843232,0.674802648039172,0.02977504079514223,0.8278482547831655,0.3304727143516751,0.080150062371536,0.3749414468540839,0.7501630796115427,0.07542797101931324,0.5222595019736586,0.15004928299798512,0.07090394733403607,0.04099289104566777,0.15826862661582708,0.14050837225764093,0.1778357714490829,0.030191573761978938,0.10043155066210716,0.2975662423167188,0.039679741106145076,0.09499167696406764,0.10097298127517568,0.0307970567030547,0.22888527988226245,0.6390824303185624,0.13952786027287092,0.16428745966736077,0.5262905889241443,1.1880630505266199,0.12358331072185356,0.04455688925042529,0.7350385312968937,0.08312914803514142,0.5679337770106648,0.34181770575036247,0.07963432754835723,0.29678601373629004,0.22798946513259094,0.004764857924516562,0.2347696060429865,0.1146913013872958,0.04511102582418656,0.007492035343084646,0.7127086368205964,0.0707781467845592,0.3343212476512351,0.33639684609316267,0.12670989413409517,0.47225967081705716,0.021467499603981765,0.15896074606003474,0.15545043475957013,0.33684609901172846,0.09236919417193158,0.18009965906873035,0.10267532754189333,0.09196707192255718,0.35335374384267854,0.17591110257761985,0.4336350327122806,0.15716186815565336,0.12650163351025473,0.7498470946132334,0.17749405486737696,0.023215297666558356,1.0002201229548933,0.15467856305134983,0.3602650451505416,0.09803678205633463,0.16862349480369168,0.26248574429074795,0.0589367418321134,0.07256071576614975,0.16024146131529154,0.0775591565321292,0.016550941981626523,0.1721686666216627,0.023854030346530032,0.10048903395480747,0.44844086581775194,0.5226731372966145,0.1427739361637056,0.41435545527476647,0.30780417364176976,0.2675588350604633,0.3892338079705724,0.6047168529453834,0.32149409570222326,0.13340765645803482,0.06450261364735836,0.03546646129810909,0.43998645771514755,0.11595053448585352,0.0867923092845433,0.48680201585244753,0.4153327097233501,0.13707330381749466,0.294197196431699
KO_132,0.20283989794955917,0.25098866122871555,0.3685348649153468,0.23051249443850202,0.09791633890278935,0.20807563730057402,0.058920038516256185,0.16454170093158438,0.20238661630994897,0.09326683311707969,0.09647208187079997,0.6489034288060074,0.026887538317672485,0.29361958523955267,0.02404677813296457,0.17760122088184618,0.015379830220536241,0.18126471130915434,0.04948835666433286,0.06860462117526227,0.1491192856120091,0.2032014924150422,0.45199202829322827,0.0012740942040642745,0.19930587133768773,0.041087275967235305,0.034221915468798964,0.11657660579833867,0.6762126751778634,0.15890551446432,0.041387163213913655,0.5521866466597993,0.12760060309171556,0.2136448739222548,0.01788249901574104,0.2295869312349717,0.626049891793328,0.26786620654080856,0.566960386008411,0.3920235803495355,0.46381562978438706,0.014753888521065251,0.34185797181496413,0.04873355099468484,0.16750876036501908,0.7376173891940244,0.6946299929930914,0.26801610778189666,0.4926850865051379,0.5794458379714776,0.1409058795552598,0.09488482189087569,0.18228129702514842,0.7163802774869265,0.7098648575023235,0.10838845969424094,0.16029994273842724,0.02327980380030176,0.05158667189974497,0.1845298648775397,0.09702126083163856,0.08256417160212629,0.4072346026973226,0.18572170777948938,0.19435479673968528,0.693942278513824,0.6957060278761293,0.01873128434718384,0.16299737157305857,0.21262033166973437,0.24712207064901354,0.2281556315207566,0.09991991779155215,0.35222705843222263,0.43909210123428305,0.636132950858632,0.059612161572041994,0.770123681294216,0.49965760708988444,0.4129061567925011,0.3756614715610738,0.6629938835147382,0.14523132889881793,0.13341733791322663,0.4606641307651615,0.24663969585104634,0.4310819820983921,0.2635579981115902,0.11723850948376657,0.07053800420968336,0.388830212324593,1.0925014784711373,0.04497045510498049,0.23414928276563368,0.004919393669623173,0.21142264519219,0.30064451422244465,0.49863076968032954,0.8939328262916241,0.6416599151165805,0.7359708937395935,0.27890036176134425,0.6159186791249533,0.6748395629682954,0.02977942567162848,0.8277838069675952,0.330448029551836,0.08013340633986518,0.37494823453408055,0.7501669117954037,0.0754216863408128,0.5222467999995538,0.15004747656924128,0.07090414682866518,0.040997127910243444,0.15827752047629687,0.14048994045163624,0.17784790153713398,0.030190311873838655,0.10042096232969158,0.2975676533882632,0.03968519410703955,0.09498783320987317,0.10096887981173491,0.03080761883851706,0.22889225988200088,0.6390815596430302,0.13953735334268713,0.16425680789869396,0.5262873431853193,1.1879900520065079,0.12357508115366517,0.04455998740145302,0.7350517193265718,0.0831182460185687,0.5679196371085734,0.3417721981714398,0.07963712966178783,0.2967598260857209,0.2279940597666851,0.004763940833895577,0.2347559649488964,0.11469379534056391,0.04510486740369119,0.007494577873938579,0.7126686194330889,0.07078590732921837,0.33431187905232485,0.33640106054428937,0.12669945553999926,0.4722222227219321,0.021471779884372308,0.15895330912621583,0.15544138915629938,0.3368282303602067,0.09237937041315422,0.18010939436803816,0.08787541312816176,0.09195928668354471,0.3533232780935267,0.17591536447972095,0.4336071992593563,0.15715685264901735,0.12648563620947098,0.7498858273768667,0.17748598570591823,0.023206100923743873,1.00024594082423,0.15467347201380616,0.36022204814016584,0.09803806258393154,0.16861022634186293,0.26249289630910416,0.05893955015093483,0.07256363790710434,0.1602353207950601,0.0775578158978469,0.016557263309874504,0.17219597307904871,0.023846257895354047,0.10048660892147854,0.4484174201632725,0.5226777296297691,0.14276103264147988,0.4143775222949221,0.30781028332547167,0.2675477431181341,0.38925109829717836,0.6047220546479566,0.32146899031118864,0.13342443056164452,0.06449686638776783,0.0354597828016167,0.44002639484915107,0.11593613391211248,0.08679261880727726,0.4868084390457005,0.4153502711474394,0.13705504179195632,0.2941514096408184
KO_133,0.20287336442959658,0.25091897480932396,0.3686107400059746,0.23053084854405081,0.09792227982190066,0.20803572243582588,0.058895265096704154,0.164569747129144,0.202394410291765,0.09325610832322662,0.09644137008863343,0.64896989287002,0.026879324585525173,0.2936467673731112,0.024040905749153643,0.17763965968715878,0.015378580872291724,0.1812933199300714,0.04948397072494485,0.06856649286889696,0.14913338151336403,0.20318206848045398,0.4520493541301059,0.0012724756520350205,0.19932237940433065,0.04108823179991531,0.034221889104837235,0.11651791732731669,0.6763070309816165,0.1589083917209548,0.04138443968100476,0.5521543388452954,0.1275946959025646,0.21365008145959608,0.01788614206641519,0.22962266668902845,0.6260401144691331,0.26789729840938,0.5670351455888374,0.39203509141985077,0.4896807967239351,0.014751684341597099,0.3418415415685755,0.048717018399870596,0.16752055697724472,0.737612731596821,0.6946244924645747,0.2680149265867334,0.4927031903910586,0.5794881264622552,0.14091054411814338,0.09489525260681256,0.18226473832454906,0.7166128389641456,0.7099168955929434,0.1083729300780424,0.16023469065555226,0.023275168944653996,0.051596394252668105,0.18456238494355248,0.09702280962668602,0.08257600394541371,0.4072290478778008,0.1857129734237811,0.19433804796770102,0.693839001875356,0.6957758218818644,0.06790478338951558,0.1630129398961834,0.21262040481891,0.2471700412036019,0.22814720290513704,0.09994870527473684,0.35212430314877763,0.43905988848052613,0.6361844154991997,0.059604885297657895,0.7701768580414472,0.4997245457348372,0.4129166047842944,0.3756287704794911,0.6629913235615085,0.14524207415820695,0.13347197244059422,0.46062596041069964,0.24663194460480894,0.4311899109150737,0.2635873568917424,0.11722646821095098,0.07053552289788541,0.3887745879961332,1.0925825165198306,0.044970268692277465,0.23412525130070783,0.004920864232395327,0.21137581403873926,0.30063225160385926,0.4987412990952248,0.8939370020930281,0.6417262827473723,0.7359842719608491,0.2789131008235407,0.615937554471037,0.6747845942083873,0.029779727715591554,0.8278921758367255,0.33043342812298704,0.08015315578240273,0.3749609653561668,0.750139170285294,0.07541908285168096,0.5222312154071864,0.15003593096494788,0.07090659792234066,0.0409945829803288,0.1582987737547929,0.14051460441617733,0.17784058953855003,0.030184381207646292,0.10043011056807988,0.2975389310806416,0.039688258420501464,0.09498610609905289,0.10097658068453014,0.030797136066073535,0.22887853165870659,0.6390212375975839,0.13957177547929883,0.16425028716435428,0.29860089981711757,1.1880118694035335,0.12356549740622635,0.04455929862591359,0.7350274701509182,0.08312286268565142,0.567933714886424,0.3418221866079244,0.07964113329472686,0.29680961750874374,0.2280254431213321,0.004763441867012763,0.23479665918640633,0.11464924613274018,0.045113516200969504,0.007490084626713428,0.7127609289159355,0.07078584444212906,0.3343829065406088,0.3363830338565168,0.1266541688074157,0.4722551710830762,0.021469188461929755,0.15892202498159658,0.15543183569671287,0.3368225820672242,0.09238901958554648,0.18012169664337088,0.08788136532512952,0.09196513511123232,0.35335533808667136,0.17586583969600209,0.4336134841439259,0.15714819201794483,0.12651093040777336,0.7498855339681443,0.17748584976430337,0.023216260430454033,1.0002719598012024,0.15466063455518078,0.36027798022214325,0.09804781538470966,0.16863593116543033,0.26251529337543045,0.05893708971933821,0.07255818802541122,0.1602625531389238,0.07754459619657877,0.016558284773032242,0.17220842158498026,0.023849676789924,0.10046738870066316,0.4484531156786683,0.5226980005600562,0.14277075268407038,0.4143828859344839,0.3077754118652652,0.2675475598397395,0.3892557069362852,0.6047147058797794,0.32144819905150085,0.13341001335950883,0.06448290365303012,0.035468154697680346,0.4400201848506671,0.11595782491342622,0.08678672007733271,0.4868204129718333,0.4153457585070316,0.1370484862207298,0.2941672318917426
KO_134,0.20286274281051384,0.2509608842468548,0.3686051866393851,0.23049511227706332,0.09792255625144607,0.2080980273573066,0.05890948024087261,0.16458035394036957,0.20241624341143033,0.09326328391172722,0.09644242576160626,0.6489877919965004,0.026878589084339714,0.2936759790285571,0.02404354052496859,0.17764824481934277,0.015368363382862373,0.1812759968926097,0.04948079681338223,0.06857660397876514,0.14915099148038308,0.20322192796652444,0.45208022246727103,0.0012721803234136137,0.19926796742927957,0.041071612674583126,0.0342218213601946,0.1165249906347798,0.6763165034990078,0.15893055405898207,0.04138532010194295,0.5521368157329288,0.1276057894211323,0.21366506936602547,0.017877929358918188,0.22960977571819943,0.6260753004935717,0.2679168159912378,0.5670508274410513,0.3920273459996625,0.48965754982149845,0.014757594814435804,0.3418302696599746,0.04873463125459432,0.16751118638756715,0.7375736743062956,0.6946031957637033,0.2680016276043929,0.4927343932528724,0.5794539657913095,0.1409185943458223,0.09490259020496469,0.18227338825554673,0.7165546986439669,0.7098891162510348,0.10836711527386178,0.16025776585231102,0.0232757619461987,0.05158590285574689,0.18456651457126824,0.09702587599703355,0.08257649935538487,0.4071563434266347,0.18569998737883245,0.1943585092822503,0.6939044849268591,0.6957240616638214,0.018728643193167097,0.16302209993062614,0.21262015448396857,0.24715628613618468,0.22814786635370066,0.0999353113717503,0.3521785327112862,0.4390896771153625,0.6361422258689268,0.05960222196110527,0.7701389146977304,0.4997165693955593,0.4129563359384599,0.37560734454664624,0.6629945237229586,0.14522611769434818,0.1334324755299165,0.4606576568522848,0.24664349086699822,0.4311592411940653,0.2635813900118751,0.11721058220542879,0.07054795969128816,0.388792906720957,1.0925951045999223,0.044973712221384535,0.23409070743087462,0.004920551079660029,0.21139346944983775,0.3006328307751126,0.4987504146521459,0.8938924391350159,0.6417029966340689,0.7360118478023887,0.27890312351878044,0.6159264959462617,0.6747774331278323,0.02977408881707335,0.8278539138320311,0.33046660957128277,0.08015413195715981,0.37497545648786673,0.7501650313784769,0.07541973349887232,0.5222240638108168,0.15001936386201267,0.070898451497599,0.040995385911679706,0.1582597092901341,0.14050209415085807,0.17784477252829256,0.030181822791824776,0.10043840508482799,0.2975361193137534,0.039684241522140756,0.09499235028825552,0.10098361670041237,0.030795549651147454,0.22889538596664613,0.6390264673434601,0.13953805973302824,0.16426401072063687,0.5262876174138978,1.1879569289704746,0.12356785904270834,0.04456086691661469,0.7350532772756901,0.08312970952727135,0.5679700961453604,0.3418018841485643,0.07963882923867387,0.29680003571699176,0.22799691683657053,0.004764537478255885,0.2347605396528545,0.11468381716426358,0.04510329600130274,0.007493743203829926,0.7127380275242806,0.07077855253031563,0.3343339925630754,0.33640618912705045,0.1266765743553528,0.4722399316243429,0.02147199674278017,0.1589192697800157,0.15542772125580398,0.3367865074594827,0.0923638358635314,0.18012351946779376,0.08786645462903958,0.09195272493879897,0.3533262824271548,0.17588469372938148,0.4336169796094106,0.15715975854290629,0.12647625165083048,0.7499169407341315,0.1774807834413397,0.02321603306857352,1.0003005763634112,0.15467072429541204,0.3602908156129094,0.09804522785551698,0.168643196106946,0.2625110920502179,0.05894223056281142,0.07255643021406163,0.16025938873898507,0.07754982040024604,0.01655236545450186,0.17220585074008327,0.023849392637192015,0.10047433905905655,0.44837912637375854,0.5226573710645073,0.14273283977345963,0.41444102174514547,0.30781501153250174,0.26753490773533706,0.3892624666803652,0.6047376587230884,0.321481072043566,0.13339945201819972,0.06449293696196963,0.03546419009738146,0.4399771453054279,0.11595600677655998,0.08680354950750735,0.48680978594591107,0.4153054834172581,0.13705478100604745,0.2941432681065515
KO_135,0.2028323875690518,0.25097444343321107,0.3685864501741271,0.23051512036423286,0.09793505909501779,0.20807544775550985,0.05891524579490254,0.16453592454973107,0.202421085597005,0.09325241539602899,0.09646202702626053,0.6489269361387258,0.026880515242843774,0.29364615139107425,0.024037293858020486,0.1776001626151908,0.015377923744079302,0.1813035919247133,0.04949128835798338,0.06858520258477643,0.14914143463235155,0.20320545914709726,0.4520706229714434,0.0012727577923974784,0.19929503412059993,0.04107537230644181,0.03422438508811686,0.11652713805962138,0.6762431909523658,0.1589208451016174,0.041383543719055414,0.5521804580045874,0.1276015642352151,0.2136297568546179,0.01788241893834365,0.22958862216035378,0.6260721209055872,0.2678693751409002,0.5669811105552173,0.3920206742557366,0.4896765385062116,0.014748535178768903,0.34184863602675225,0.048719510129122554,0.1675097232154359,0.7376072401968955,0.6946304184656152,0.2680227588973861,0.4926861528943211,0.5794580069926929,0.14092830082308963,0.09488933142211471,0.1822677042205652,0.71652107531363,0.7098897041532699,0.10838004285576296,0.16028938725206934,0.023274467287262898,0.05158583830396979,0.18453724584236772,0.09703325773077251,0.08256196467579627,0.4071990927227893,0.18570527410770435,0.19434796542364577,0.6939159640793461,0.6957692501290487,0.018729501422658192,0.16299101465446492,0.212621470939849,0.2471272453424013,0.22818647620271143,0.09991662693371832,0.35217977062230343,0.439104587629461,0.6362113200327015,0.05959281486351918,0.7701379459439244,0.4996959385779971,0.24064017262807663,0.3756537997755974,0.6629709969039018,0.14525274184453646,0.13346399730821332,0.4606453428793698,0.2466638395466423,0.4311454436549608,0.2636000034169682,0.11722131728817148,0.07054185169668092,0.3888511514420011,1.0925120649530513,0.044981279350785115,0.23414480900595896,0.004920220860330889,0.21137451058433235,0.30060958095914364,0.4986690065576337,0.8939345512689694,0.6416747798550942,0.7360267164258962,0.27888653752938747,0.6159735586468752,0.6747795780576303,0.029775479275391786,0.8278607644280199,0.33047281839334725,0.08014496765173476,0.37495290880517407,0.7501279459301372,0.07542307807894325,0.5222441540591659,0.1500246367084562,0.07090138864171179,0.04100583922367563,0.1582591137041286,0.14049834600448144,0.1778434218772221,0.030190988775755073,0.10042936596642406,0.29755539310866913,0.03968829813126352,0.09499257185336728,0.10097238758347768,0.030800622208514036,0.22891633235881878,0.6390517237767166,0.13954886245230114,0.16428312953381752,0.5262732934330636,1.1880175074109174,0.12356868944703825,0.04456366165265629,0.7350306902414233,0.0831270712845485,0.567941564148314,0.34181883690481835,0.0796428471611312,0.2968102863315116,0.2280124259902104,0.004766066333735814,0.23475768766822105,0.11470303631853229,0.04510666695381221,0.007492736933951964,0.7126668227478804,0.07077844489018068,0.33434418252013753,0.3364072303737495,0.126677710601407,0.4722749256426342,0.021470001509438345,0.1589499048639439,0.1554302546527685,0.33681132201099184,0.09237054327535171,0.18009273501014986,0.0878650022841161,0.09196099676300083,0.35334929600403636,0.17586871766918705,0.43362788236496264,0.15714012284455894,0.12649107313474692,0.7498338560869481,0.17747131579660366,0.02321215943371231,1.0002364644176134,0.15467153093986571,0.3602612170422517,0.09804776460067287,0.1686336099741151,0.26249423082667633,0.05894340843912342,0.07255478254349185,0.16023101760521885,0.07754039307814377,0.01655413190084698,0.17218117586031495,0.023843192083233572,0.1004754626074066,0.4484657648504182,0.5226622604314294,0.14275138322957484,0.41441880825696903,0.30777951621549526,0.2675704131399081,0.3892518411149963,0.6047556497341342,0.3214783120931571,0.13341780787543586,0.06449160117939055,0.035464326212347026,0.4400317044031851,0.11595470879503376,0.08679492398283428,0.48681747610172316,0.4153751869355398,0.13706186806862558,0.29416839778992604
KO_136,0.20286936608277628,0.2509614763334671,0.3685471727433258,0.23057965643782424,0.09792286438080752,0.20807635781954414,0.058917336126551985,0.16454160155353134,0.20238985207352542,0.09326813969314678,0.09646079503998764,0.6489394545664954,0.02688490103085466,0.29362232077459494,0.024043654583952082,0.17762886823368534,0.015378373567364668,0.18125599477214133,0.049497052927772324,0.06859909810139778,0.14912290082827084,0.20321146800805434,0.4520719396096839,0.0012732651730040113,0.19929797377986702,0.04107910409825377,0.03423048731905144,0.11654548356942505,0.6762484745787977,0.1589227014680302,0.04138521657514567,0.5522059901955368,0.1275871401739973,0.21364706814792228,0.017885972114440672,0.2295894860825372,0.626081341795431,0.2678898119430944,0.5669539288720526,0.3920404820967347,0.4896639009759245,0.014752155274646926,0.3418722889231317,0.04871669712961621,0.1674919211932671,0.7375758998210291,0.6946745164308451,0.2680235625608481,0.4927010085996167,0.579492022418551,0.14091162533957655,0.09489238894057399,0.18225768995497715,0.7165161357950502,0.7099540808799893,0.10837899272068884,0.1602773407899857,0.023281158110482005,0.051584255076993664,0.18455033886512465,0.09701984826166266,0.08257710432851119,0.4071886808452033,0.18571490893043188,0.1943270124115408,0.6939406812835432,0.695756284585668,0.018729673480754,0.1630147369947426,0.212600839176604,0.24714076817593972,0.22813859214940105,0.09991244371344411,0.352203239931096,0.4391243925177438,0.6361876475036876,0.05959338852750701,0.7701563609784134,0.49968463605117786,0.4129539022402055,0.3756174912071581,0.6630190836286796,0.14523478804473305,0.13343448521099233,0.4606512572804691,0.24664087606824278,0.43113402321726485,0.26357894256929537,0.11721648059142177,0.0705413374149989,0.3888082890032376,1.0926186301820986,0.04497613185819277,0.2341441970960226,0.004920570212631324,0.2114113884535071,0.3006266204140321,0.4986771038253516,0.893893120111427,0.6416802553283713,0.7359494393116841,0.2789178921570721,0.6158904184534746,0.674811379031795,0.02978144284295227,0.8278543390708099,0.33045964308870807,0.08014099650062788,0.3749942349492801,0.7501490634808553,0.07542040055781482,0.5222296954304826,0.150009197858696,0.07090575795479936,0.041004237975612395,0.15827029990502842,0.14050885399323187,0.1778490260508275,0.03018984138671233,0.1004258221053406,0.2975544135108841,0.0396906742862706,0.09498140182150416,0.10098489911294034,0.03079378097696305,0.22889320480220926,0.6390488889904659,0.13951782184033978,0.16425061762209212,0.5263078323823983,1.1880242683078448,0.12358327761273376,0.04456192204356612,0.7350364486264215,0.08311387923708918,0.5679684837323817,0.3418228521605879,0.0796376025098546,0.2967738866520116,0.22800800692393497,0.0047673442464333865,0.23477398840139835,0.1146755150065241,0.04511131234875887,0.007488773596590989,0.7127020566052774,0.07078863324324867,0.3343177905053672,0.3364106987424302,0.12667830692080026,0.4722133087492148,0.021468770742984408,0.15893374373933555,0.15543968592469828,0.33683283483059084,0.09237660091640575,0.1801051071509587,0.08787939492753012,0.09195908218373548,0.3533041588686275,0.175865644106933,0.433654607364223,0.1571440495371593,0.12648590734324028,0.749869416267474,0.17749152485434305,0.023210278916661845,1.0002784812105783,0.15468103245594952,0.23857946658838425,0.09805787714969513,0.16864873764019087,0.2625076651309066,0.058936525959691614,0.0725690648181505,0.16023026120013115,0.07755889252531502,0.01655324150630023,0.1722138908432389,0.023842682581336247,0.10048958516978128,0.44843019682840185,0.5226934107567286,0.1427671545353806,0.41441623457696036,0.30777099930535673,0.26754950795856,0.38924165855362125,0.604740878487057,0.3214835848005269,0.13341262798061504,0.06449065155477542,0.03546344523185168,0.44003164569306014,0.11595479172628566,0.08678676518236744,0.48683070785000326,0.4153391543807974,0.1370554960732958,0.29414969672365254
KO_137,0.20279424059965256,0.2510044135834778,0.3686193118328414,0.2303983774135135,0.09785946871129672,0.20819143394647713,0.059166089964050955,0.16462459899210066,0.202384833702896,0.09322479762353045,0.09633545775812737,0.6491039402869959,0.026859925736652277,0.29377143542851547,0.024113112938554938,0.1776493615984003,0.01537999233566683,0.21832543432487875,0.04948575877228103,0.06857477818228977,0.14921002073216677,0.2032263137886277,0.45249412198321315,0.0012739038323246077,0.1991492781608195,0.038770717673752605,0.034238628418663576,0.11609559682642588,0.6762632532637564,0.15903304220037776,0.041391160053163505,0.5520320742470386,0.12762104020404316,0.21370121544820206,0.017883024010940357,0.2302004915412449,0.6260231918560917,0.2679347343688364,0.5670051574512637,0.391998073562085,0.4895040747702238,0.01675568140449609,0.34155766283304245,0.048726253867664555,0.16693409932242687,0.7376704413176249,0.6942916718071196,0.2679438555660201,0.4927901376946572,0.5793110180047923,0.14101513595533585,0.09487733972581831,0.1823172585686819,0.7165326377652245,0.7097650641240814,0.10835014432898307,0.16027177267600326,0.023262085379953758,0.0515897617959342,0.18456680948131307,0.09705551433545463,0.08257942055198476,0.407173362526437,0.18579229215653573,0.19436010835433482,0.6938366051359033,0.6956756696746478,0.018724004566381538,0.16294866259087354,0.2126100654927032,0.24715358687749803,0.22815735190146463,0.09992277672256529,0.3523037873740487,0.4392821088798517,0.636064023585496,0.0595529806844912,0.7701603809426328,0.4994944510893035,0.41296104442782244,0.3756803662682368,0.6630869843525954,0.1453157143841324,0.13443372710683735,0.459928805044984,0.2466829904742758,0.4311004945873891,0.26360085869037575,0.11723656558626855,0.0705290453647689,0.38882602847463577,1.0925523241920685,0.04493783532650313,0.23393273918823415,0.004917567072192357,0.2114049773351853,0.30060715419026157,0.499022941845845,0.8528881291252941,0.6417398339351358,0.7360583560984977,0.27895548348371635,0.6159057700602035,0.6588287579946026,0.02977276472460494,0.827834265919641,0.33030003035173183,0.08014400791835546,0.3749063664554925,0.7424906278789507,0.07541921116320471,0.5222788680085263,0.15006953161442863,0.07087782111601597,0.04098420034656179,0.15826954493106077,0.14051614025327394,0.17783006012545316,0.030182228239535414,0.10042062553991084,0.2974126195184486,0.039685469015920405,0.09499684653252466,0.10097263517126151,0.030806365604210975,0.22886817787195496,0.6391975817518929,0.13950397325826863,0.16431354995757488,0.5263413635823435,1.1880181842854673,0.12357898063011548,0.044552504697818233,0.7353876034549162,0.08317155481563228,0.5679229368772961,0.342024786473903,0.07965100130654572,0.3193062092198544,0.22802921402281626,0.00476538361688185,0.234727898570386,0.11466762470562612,0.04510756712716047,0.007492486870233063,0.7127091957558351,0.0707802259751387,0.33431335645533355,0.3364888798991183,0.1266743585624644,0.47225646798024157,0.02146733228801121,0.15892937611537916,0.15541509222075622,0.33680150596754893,0.09236640339396376,0.1801179477975673,0.08787470659778926,0.09197350294035966,0.35332917644392337,0.17582093201669433,0.4336434701234367,0.15722953236335252,0.12649992745332525,0.7499139118918784,0.17747904096784745,0.023875715665899855,1.0002727250062045,0.15469007757511474,0.3603574739382761,0.09804316882493627,0.16872607678137336,0.262501199569012,0.058950421787238645,0.07254640846698644,0.16032296876707597,0.0775404302284202,0.017938429384716455,0.1721913262006036,0.02384938751211192,0.1004524973348784,0.44836839554875724,0.5226098847256919,0.1427249928217623,0.41441003697247425,0.3078857180642075,0.2675631572836357,0.3892488936982695,0.6047309695905013,0.32149170355410506,0.13338272345376706,0.06448189179171986,0.035454473509963245,0.4400364220936023,0.11654793758044518,0.08678597932053887,0.4868346105208521,0.4153342738425692,0.13705867991693882,0.29444653989255826
KO_138,0.20285805822775396,0.2509558646135141,0.36859960954333576,0.23054467512259672,0.09791991880226494,0.2080829552852815,0.05890772227261311,0.16456196497105494,0.20239995985024284,0.09326199892879787,0.09644906382341598,0.6490118484866754,0.026872186502891686,0.29365660931484683,0.024044020824771077,0.1776576596926611,0.01537182291689153,0.18128645280288677,0.04949219288761707,0.06857925918231768,0.1491546256976858,0.20318523717502882,0.4520904807553984,0.0012732152406557062,0.19927909086681442,0.04107244785890235,0.034219934221569485,0.11653900568718346,0.6762546799611014,0.15892014235445898,0.04139169567058221,0.5521985844017698,0.127596715214938,0.2136604812529996,0.017882251391244646,0.22960974525548708,0.6260897929197462,0.26791129136617786,0.5669796951889317,0.39203999436437625,0.4896705297309786,0.014747947127784754,0.34184470525439303,0.04872652536049814,0.16750609702449787,0.7376167392513244,0.6946366291354086,0.2680259861158535,0.49271728038453105,0.5794392757352133,0.1409269904757698,0.09488422391521648,0.1822647334905553,0.7165463010561943,0.7099406463711789,0.10837837014243308,0.16026189106109995,0.023274430697490266,0.051587955638748496,0.18457144702159853,0.09702216519427613,0.08257141404090435,0.40723368373564406,0.18570095108314258,0.19434546469290256,0.6938868749959195,0.6957840987819558,0.018732222097279417,0.16300951013570278,0.21262521037303198,0.24713068711876382,0.22815386342446078,0.09991819862223635,0.35218364098419175,0.4391425153466588,0.6362236320807352,0.05959121642618749,0.7701645910473628,0.4997304887319427,0.41294248920245663,0.3756554382860516,0.6630487454682541,0.14523616147502863,0.13344762674630486,0.46063491593895034,0.24667354364205593,0.43114295743631054,0.2635942706776916,0.1172122075981865,0.0705374016543876,0.38882681998021945,1.0925835866014875,0.04496727315458193,0.23411415095953148,0.00492336441757666,0.21141373511943373,0.30062751891797757,0.4987554104652212,0.8939654051518288,0.6417209967218025,0.7359949009763793,0.2789116850389081,0.6159282602595227,0.6748298240218449,0.029784461621145415,0.8278755833919984,0.3304789866845781,0.08015138745255337,0.3749689224787582,0.7501233305052568,0.07541627057510958,0.5221978096441656,0.1500371714806677,0.07090869036277103,0.04098889590034788,0.15825675023520408,0.14050748328547116,0.17784665326084872,0.030187016244474073,0.10042961488759342,0.2975420749404205,0.039681858579127774,0.0950016206443039,0.1009760374265998,0.030801784443918383,0.22890505177511927,0.6390312894468846,0.1395234278822279,0.16427493365538584,0.5262472435461855,1.1880552674058495,0.12357097592232406,0.04455820228469337,0.735040325907257,0.08310211717180906,0.567944545827599,0.34183473385972013,0.07963540913434156,0.2967925927872245,0.22800688787909582,0.004765919113001617,0.2347926538156736,0.11468155337401548,0.04511338889030275,0.007492742143388618,0.7127824006581186,0.07077455863627538,0.3343376095428118,0.33637814139226413,0.1266697664344109,0.4722777125761561,0.02146567706516902,0.15892997281414087,0.15543685081615852,0.3368538668644387,0.09236940782845868,0.18010257107110852,0.08788054523916398,0.09195883764248702,0.3533440362713987,0.17587367077458482,0.433604076788083,0.1571394199313005,0.1264867296799416,0.7499009529171758,0.1774946509134007,0.023206880078647716,1.0003192642000807,0.15469491450506836,0.36028420666742783,0.0980474770392132,0.16864691394998993,0.2625217100776242,0.05893400803435368,0.07256225628954129,0.1602526975645577,0.07754601589583869,0.01654774719407075,0.17218492964941773,0.023850091215434827,0.10046761276358417,0.44846353070027606,0.5227071967277143,0.14274384071167018,0.41440636638601497,0.3077647868682646,0.2675316827790567,0.38925750319229147,0.6047261721880627,0.3214727410931992,0.13339692654491836,0.06449497085862793,0.035464950143685094,0.44003850557737345,0.11595577743768767,0.08679845745068382,0.48681474002196556,0.415358075777747,0.13706662264586186,0.2941590146286335
KO_139,0.20282486257975965,0.2509448685153818,0.3685438013637994,0.23053963265707025,0.0979248790933477,0.2080977400474396,0.05892303351833914,0.1645400468795214,0.2023732986698477,0.09326880811078352,0.09646293446172907,0.6489625294153198,0.02688045613200145,0.2936392969863281,0.024044210189143884,0.1776271196582394,0.015380089558023538,0.18128362913614898,0.049499242034172844,0.06858557551199694,0.14913105787850206,0.20317684327009453,0.45206299522329324,0.0012719367611090777,0.19930752662231369,0.04108381574106072,0.03422780751632592,0.11657856541396958,0.676275934371778,0.15890678170478406,0.041393792237146926,0.5522077761183254,0.1276026871008519,0.21362378829057155,0.01788300485254616,0.22960262010895033,0.6260291815802469,0.2678516328205135,0.5669924091853735,0.39203194751977,0.489649366144329,0.01475122462359239,0.3418530437617482,0.04873496368805054,0.16750882433199307,0.7375885355083137,0.694638687713146,0.268022191239606,0.4927144502805456,0.5794964219447769,0.14091333261424355,0.09488891778766011,0.18228443261581853,0.7164708443355344,0.7098711415722627,0.10836073696711554,0.16028568663843465,0.02327390349663935,0.051599499212612435,0.18453714442566957,0.09702028101131069,0.08257483003964944,0.4071873196325288,0.18570841936169044,0.19435824653789,0.6939000224991967,0.6957487714352973,0.01873086802347023,0.16299642619262264,0.2126268877899692,0.2471119607909676,0.22817675509603288,0.09991266768154289,0.3522081115765397,0.43915377268498423,0.6361968339290569,0.0595980692345093,0.7701169970579634,0.49965338134631,0.4129308225510598,0.3756539712083166,0.6629821712052708,0.14523401265082078,0.13342525497064056,0.46066277803054606,0.24665281065807884,0.4311427503683518,0.26356719478090046,0.11724073699321834,0.07054142428182472,0.38883598078279963,1.092522297009605,0.04497725868823909,0.23413904675279162,0.004922163347587023,0.21138412492931324,0.3006034902825077,0.498689679147291,0.8939993137693266,0.6416774094199611,0.7359325609200562,0.2789043000170696,0.6159032583024437,0.6748215630133708,0.02978401517667747,0.8277948036363433,0.33044901404558463,0.08014411348593228,0.3749364683009612,0.7501586200558479,0.07542125279031095,0.5222239049290349,0.15006674269167947,0.07090877787389173,0.040995764495357724,0.15827230434358738,0.14050529632063558,0.1778500069543422,0.030194436368469767,0.10042972720087734,0.29755540078953,0.03968042978397389,0.094992167838629,0.10098949161412546,0.030804121942915586,0.2288860733747622,0.6390627422932029,0.13953717225880632,0.16425923553806338,0.5262490824628726,1.187975640174512,0.12357993039572976,0.04455331438714913,0.7349955185384077,0.08312733110293342,0.5679162027111899,0.34182894665023134,0.07963819509781132,0.2967785405767041,0.22797924701705827,0.00476406381412094,0.2347377153855979,0.1147110274317757,0.04510928306729875,0.007488041050505849,0.7127783223005801,0.07078477023098775,0.3343282845458149,0.3363865193905993,0.12669575673897063,0.4722552107106095,0.021471282632933245,0.15893782831225312,0.1554446214813718,0.33680880743471286,0.09237053446435751,0.1801219409301498,0.08786361791674888,0.09196242539331477,0.3533527670052729,0.17587435871713697,0.4336442031642989,0.1571279332754555,0.12651358570186583,0.749930674567402,0.1774885307406982,0.023211165541088954,1.0002431138305663,0.15468865060712328,0.3602587918694667,0.09804093992016037,0.16864333671818463,0.2624741426832496,0.05893303291523811,0.07256030749390358,0.16025381043805792,0.07756028218230883,0.016553054320467178,0.17218876007855258,0.023854640775489586,0.10048054614826762,0.4484752790950352,0.5226811270680041,0.14275043138806365,0.4144236336225407,0.30783509561448363,0.2675529929629643,0.3892483128682832,0.6047390997846158,0.32145646213558815,0.1334401311097729,0.06450116264697789,0.03546169501730927,0.4399930821789982,0.11596081097285617,0.08680113375049177,0.48680694082657133,0.4153674806050134,0.1370514552111878,0.29414934171515333
KO_140,0.20289062755802095,0.25090912371660773,0.36860867375909806,0.23055208312999648,0.09791674741858726,0.2080460984834539,0.05889708411411178,0.16456666470713902,0.20238385007824752,0.09324473763842077,0.09644085740841273,0.6489824113560487,0.026880632529412276,0.2936799943764357,0.02404909946389343,0.17766564040514723,0.015380848957720463,0.18128906370445583,0.04948914778913749,0.06855757708422863,0.14913751144262594,0.20319363783597544,0.4520757560823794,0.0012726821198645732,0.19930529122784457,0.04108292359860547,0.03422062253456651,0.11652378044013248,0.6763454811313226,0.15892023361522775,0.04138648014864603,0.5521751089803678,0.12760069166123963,0.213679972801051,0.01788349110609003,0.22963214890592878,0.6260679741766739,0.26793432961500446,0.5670513067238009,0.39202980288185696,0.4896536633190658,0.014748201587878013,0.34185239532076367,0.04872578555943206,0.16750702034256867,0.7376420479834809,0.6946246028362492,0.2680066090469722,0.492717209084822,0.5794717290540209,0.14091884660628873,0.09488851286263536,0.18227415583036521,0.7166058157848648,0.7099275598738837,0.10836995437264163,0.1602418448479165,0.023277716305677085,0.051583233983741233,0.18457515185656814,0.09701740826734782,0.0825743003024911,0.4071967302877294,0.18567653347264132,0.19432814552333263,0.6938371201160701,0.6957512323454127,0.018728802850724924,0.16300814884690326,0.21263901557600143,0.24716874625068455,0.22812246106786635,0.09993222988064855,0.35211493905843755,0.43909536113418896,0.6361702632044582,0.0595839353758117,0.7701668278490967,0.4997416583323821,0.4129958182306255,0.37565685764697715,0.6630030546081367,0.1452375788057565,0.13344213923345438,0.4606816401599899,0.24665803087018595,0.43124391071890283,0.26362085215388553,0.11720058962900083,0.0705317653809459,0.3888091142760626,1.092607670022511,0.04497943965233433,0.23411765492943123,0.004922044079871452,0.21139738856345242,0.30065326122767144,0.498722311537591,0.8939668258416493,0.6417073304809199,0.7359490872111708,0.27890488741502695,0.6159320087808342,0.6748397334116853,0.029782307096086907,0.8278606334345039,0.3304489253454971,0.08014018821200837,0.3749913744654912,0.7501998949033758,0.0754147537313942,0.5221628550793639,0.15000544612009784,0.07089551213213703,0.04100257026937886,0.15829435379303114,0.14051276211640473,0.17784283020732716,0.03017143240145695,0.10045364679613383,0.2975186347149966,0.03968563853768644,0.09499333249478763,0.10099196171366757,0.030794383008922295,0.22890278243753356,0.6389365042077052,0.13954092547211527,0.16425884174753486,0.5262365154438329,1.187990752570818,0.12357085333111419,0.0445578149223633,0.7350360864037696,0.08311394535140444,0.5679819167630005,0.34180750640679297,0.07964107934362383,0.29680689056354276,0.22798314831302297,0.004768453395479263,0.23476688803566534,0.11465220425458014,0.04510446762200435,0.007491061890868235,0.7127611342446781,0.07079081446304285,0.33437894206829916,0.33640641551379225,0.1266368555287365,0.47229986566131055,0.021465262897115953,0.15892523632237854,0.1554422707606844,0.33683430184664753,0.09236763902311684,0.1801115714766553,0.08788172330686345,0.09195593364725844,0.3533375999182572,0.17588952945456987,0.43362515047020567,0.15716649421583498,0.12647226061263953,0.7499223951601025,0.17747956201039541,0.023203777989154566,1.0002980485686332,0.15467782161698854,0.36026932910112613,0.09803180924082265,0.16863832224957542,0.26253232223308565,0.0589337507424346,0.07255892164151209,0.16024681533498597,0.07754640004108708,0.016552228190774582,0.17217640726887695,0.023845744248477782,0.10046709903184184,0.44841875750803895,0.522701145522755,0.1427503884601523,0.4144202898234368,0.3078007400156944,0.26752573579730454,0.3892715317473816,0.6046930355756573,0.3214430878880454,0.13341931882124114,0.0644898323806823,0.03546805345842381,0.44000090308752376,0.11594426098067137,0.08678813517031188,0.4868468606894037,0.4153442177385074,0.13706279333346125,0.2941347352960678
KO_141,0.20287930088136927,0.250931208653192,0.36861909732345854,0.23053172397909008,0.09790819285156924,0.20805818444885663,0.05890201350457192,0.16456481075707136,0.20239803582803537,0.09325131975568554,0.09643403627534766,0.6489839559595615,0.02687975270828941,0.29366703944265643,0.024039338907298077,0.17763735682740942,0.01537628272488196,0.18128744961191376,0.04948615838194281,0.06855855380774187,0.14913572083528406,0.20321386144662545,0.45208342786452016,0.0012740386333702004,0.19928053633348983,0.041074256362527026,0.03422016779648499,0.11653748637898889,0.6763458803499444,0.15891136179278886,0.0413859187461082,0.552139301312231,0.12759041352801878,0.2136485901010874,0.017882522981458492,0.22963440567288085,0.626064324384449,0.2679228838924327,0.5670894788452597,0.3920114441336214,0.48965627908155157,0.014744788308473708,0.3418335055503975,0.04871139506888184,0.167481269407091,0.737633921269237,0.6946304427004223,0.2680177367971089,0.4927307420321465,0.5794277095607834,0.14091401778794777,0.0948940704815607,0.18225011950972744,0.7165306813631079,0.7099167757685201,0.10837502649275361,0.16024614364653256,0.023272693115249418,0.051591791665848805,0.18456770076089202,0.09702139053547926,0.08256821471473164,0.4072111011237932,0.18568540482192866,0.19433821434558277,0.6939112838857273,0.6957652293086496,0.01872086751778947,0.1630354584537294,0.21261476716166577,0.2471525202416554,0.2281295463579412,0.09994223107711997,0.35213187958866976,0.4390817847678543,0.6361822108346074,0.059599384283166086,0.7701357135918844,0.49974389993785145,0.41293529769366005,0.3756663918340099,0.6630186134537203,0.14522859017328976,0.13346789683475213,0.46064532778738343,0.2466536694865736,0.4312081069603785,0.26359511907718985,0.11719443398975178,0.07053342197144062,0.38880821537361016,1.092576727889148,0.04497638033456801,0.23414042606174149,0.0049183265439965065,0.2113831271128112,0.30065031557834004,0.49876982914842743,0.8940020820440591,0.6417146620774764,0.7360183372668836,0.2789206201097569,0.6159005479469364,0.6748311240956569,0.029774720898217824,0.8278854709833353,0.3304400088422926,0.08015173068624158,0.37499235635546624,0.7501297973640091,0.0754277770533301,0.5221689061623319,0.15003413689830414,0.07089644700348427,0.040992699249030214,0.1582665771204037,0.14049311081898072,0.1778582042719251,0.030180717238309968,0.10043827819947586,0.29755855335082115,0.03968487899741076,0.09498513650294699,0.10098832619377797,0.030794547089409107,0.2288937849917903,0.6389768617262908,0.1395451056335934,0.1642779353280794,0.5262650272175878,1.1879714837119288,0.12357661586772777,0.04456661943165902,0.7350800579403822,0.08311497594666366,0.567951237129644,0.34182008930332425,0.07963501808743935,0.29679476577287334,0.22801446075088208,0.004766579122642975,0.2347806332630809,0.11466599435104795,0.0451169538063019,0.007493579763983631,0.7127629649849377,0.07077214184602532,0.33437381508465003,0.33638850308281404,0.12668369838461171,0.47229210564826474,0.021466261715254568,0.15892700081012068,0.1554229709298176,0.3368039461614418,0.09236965450793895,0.18012677998713253,0.08786972295200147,0.09196683657427146,0.353330993437617,0.1758429241719568,0.43363267042719394,0.1571506081135295,0.126480516086893,0.7498825565424995,0.17747320451168416,0.023209842207276267,1.0002967552105226,0.15468082958201923,0.36027408882859124,0.09805046816638112,0.16865403893261158,0.26250760699305503,0.05893918803418466,0.07257498904813271,0.160260283218268,0.07754586127656989,0.01654305744353899,0.17218739247318932,0.02384959320870518,0.1004591246130003,0.4484633760385358,0.5226990629503342,0.14276135255269345,0.41443539627586967,0.30779193973200125,0.26751885083882804,0.38927251058897483,0.6047017927725522,0.3214550473201781,0.13340240545520432,0.06448443825946086,0.035470655683897234,0.43999279218802767,0.1159559851243984,0.08679686647514878,0.48681631517288987,0.4153256192224666,0.13707068376440223,0.2941651605234788
KO_142,0.2028645571063932,0.25092676004535897,0.3686014685103287,0.23052082091027834,0.09791525177839515,0.20804210843655582,0.058908354059735775,0.1645547088944563,0.20238232362929376,0.09325520982383008,0.09645673157018189,0.6489755492673761,0.026874496721852034,0.29367915641283243,0.02404204785156849,0.17764120723268725,0.015378441939848697,0.18128937233405884,0.04948554944779685,0.06857122130635591,0.14912823248353324,0.20319449101321824,0.4520752113212001,0.001273758340796448,0.19928903932765207,0.04108238303624192,0.03423217744153385,0.11653879021634143,0.676284723937936,0.1589318502377559,0.041380798090539656,0.5521512560592221,0.1275893286127951,0.21364552953550114,0.017891631563460127,0.22961723121305783,0.6260574512914976,0.26790183196981837,0.5670103544173297,0.392017215052561,0.4896858183827588,0.014750522156257254,0.3418474814096875,0.04871655623948507,0.1674998859777815,0.7375797349361713,0.6946326475154772,0.2679978736114459,0.49270964565219666,0.579476643927682,0.14093516381618965,0.09489117491038164,0.18227173782046463,0.7165703801688119,0.7098813407185832,0.10837180983961801,0.16027221705478834,0.023273644668478383,0.05159205659575594,0.18457467411629383,0.09701378231851199,0.0825874479341376,0.40720822023763115,0.18572285624673182,0.19434084988048178,0.6938771325399177,0.695757695634197,0.01873102473354511,0.16302091441594255,0.2126200675578078,0.24716157725068194,0.22814709963431926,0.09992975166576713,0.3521529935389977,0.4390792899050305,0.6361854940318398,0.0596021879836114,0.7701762005113225,0.4997124944404504,0.41292645380382564,0.37560998529474454,0.6629999183438774,0.14524092084582696,0.1334494406073898,0.4606415873792765,0.246644520746125,0.4311579010774923,0.26357641066425586,0.11721535361979585,0.07054530200908,0.3888230887458677,1.0926234195365334,0.04497129657731217,0.23415107953902262,0.004918636500562501,0.21139839966515903,0.30062840318135786,0.49873574759694833,0.8939215200985201,0.6416953343144379,0.7359879960092485,0.27893859445534486,0.6159106812383904,0.6748006115330965,0.029773109268456006,0.8278417897384922,0.3304516962181403,0.08015384511476906,0.3749773742309527,0.7501777525076315,0.07542204338642958,0.5222517557424652,0.15002642345901712,0.07089731953282077,0.04099295990395985,0.15829090500586082,0.14050001406211518,0.17783978171721618,0.030187434266393514,0.10044715899976235,0.2975307274865581,0.03968243839204643,0.09497927509279516,0.1009790113604066,0.030798224289095004,0.2288768628330265,0.6390470514998952,0.13955466400761435,0.1642658505414613,0.5262441443876418,1.1879977910744115,0.12358609509611225,0.044565035259409004,0.7350148513173836,0.08312804087366756,0.5679334281262428,0.3418183338611352,0.07963581495349543,0.2968009331705245,0.2280194239245057,0.004764001778471811,0.23478055003644324,0.11466671566427826,0.04510932394560656,0.007491420491517898,0.7127537874291443,0.07077776553691752,0.3343402030041461,0.3363982168376394,0.12667077292772122,0.4722708131139646,0.021471419965801646,0.15895398077096312,0.15544304222742839,0.33678923374836045,0.09237700682596361,0.18011512971101057,0.0878623397432657,0.09196201586710867,0.3533639163155445,0.17586293388372704,0.4336324722497935,0.1571532414768881,0.12649664182655176,0.749888822601784,0.17748819780761677,0.023205079678116206,1.0002672120357299,0.1546911034903457,0.360281049504184,0.09804775047250816,0.16864702917880156,0.26251703893158645,0.058931708725290764,0.07256251898243846,0.16025676146939857,0.07754560097342769,0.016552205225481436,0.1721913112486241,0.02385049112640102,0.10047699098102003,0.4484518203510235,0.5226859522189193,0.1427500880220664,0.41443017079567185,0.30779185393767394,0.2675345550067465,0.38927276175855446,0.6047021056956824,0.3214651569582314,0.13340659283144923,0.0644891186056972,0.03546697239900385,0.43999674661869154,0.11594300617152407,0.08679834373934442,0.4868289514068056,0.41533662920332076,0.1370587515006464,0.2941741311582216
KO_143,0.20283807027526343,0.2509602449738888,0.3685706459821299,0.2305117497165415,0.09792806097142741,0.208071855380679,0.05891579782366034,0.1645613340052877,0.20240383592795846,0.09326114874094667,0.0964534989197487,0.6489524028045759,0.026879989396319526,0.29366688011512965,0.024040991666690492,0.17759738054617663,0.01538123416663499,0.18128358796278773,0.04948646655678617,0.06858642554647822,0.1491311321257249,0.20319881813043386,0.4520609008294649,0.0012720023737391511,0.1992915860191288,0.041074423168611,0.0342277982524454,0.11653677885135344,0.6762496258415628,0.15890673741767045,0.04139463990731118,0.5521281770341319,0.12760453061615398,0.2136574327584947,0.017884220627177455,0.22960345983299657,0.6260772678741924,0.2678456979328212,0.5669940349622865,0.3919902648734373,0.48967277673567194,0.014749562406465326,0.3418666167281335,0.04872406292576511,0.16750313586105994,0.7376235295448493,0.6946264117311937,0.26802801706037327,0.4927091279660273,0.5794436672098382,0.1409199150665996,0.09488702777841627,0.18227492538936327,0.7165037103036428,0.7098578827657137,0.10837471192403983,0.1602867324554808,0.02327501202579714,0.051595449023677714,0.18454410253434822,0.09703450284285405,0.0825805468143163,0.40720783844424285,0.18571389425784848,0.19434894477323772,0.6938817365592196,0.6957185127949486,0.01873193907262849,0.16300412381885845,0.2126124542350002,0.24713610593755755,0.22815568512962087,0.09993179334632328,0.3521806607522877,0.43905803415615774,0.6362074185569287,0.0595987569308271,0.7701427786249786,0.49968380111774696,0.4129252026380762,0.37564833044416257,0.6630278708852255,0.1452391223711403,0.13344515987410363,0.46067652929138514,0.24665850589113375,0.431163901391978,0.2635943808065787,0.1172294295105376,0.07054389006409201,0.3888174595705474,1.0926170034267921,0.0449782040548534,0.2341652849122021,0.004920257887966172,0.21138104194043694,0.3006509510572083,0.49869974084174795,0.8939476817529145,0.6416725573234865,0.7359352953938881,0.2789024474713686,0.6159211184042421,0.6747881671416649,0.029782683282237387,0.8278293253666364,0.3304747589787265,0.08015470883487895,0.374970865225528,0.7501516376222728,0.07542502866683791,0.5222251485234526,0.15003140380239915,0.07089985594828543,0.04099991131446541,0.15827444868562326,0.1405161073422091,0.1778563583838888,0.030197755832480865,0.1004339739545545,0.2975673565733211,0.03968404992724945,0.09498252929049378,0.10097316491363972,0.030796750950705637,0.22889472231397975,0.6390556234366058,0.1395523845081167,0.1642739222586746,0.5262754229064939,1.1879797104127925,0.12356551438878619,0.04455264976713236,0.7350693924792278,0.08313374948006372,0.5679580563969742,0.34182054022277436,0.07964264887089961,0.2967966840810153,0.22801674652706466,0.004765291099139332,0.2347559903689506,0.11469181424680287,0.04511176193697572,0.007490350994997801,0.7127587140570245,0.07078404593441305,0.3343223573385851,0.33640068726532407,0.12667294728039447,0.4722400983370234,0.021471983164345336,0.1589389636826036,0.1554339306526653,0.3368549859237599,0.09237756499025357,0.18009593671808144,0.08786390792274613,0.09196520889145753,0.3533125876227824,0.17588613021832497,0.43363117298446496,0.15714013108226835,0.12649187255918087,0.7499221593126426,0.17748605781521168,0.023206492099523548,1.0002892300155608,0.1546787785313208,0.36025207711569557,0.09804985620766397,0.16864008538701136,0.2625093246871689,0.05893890511770009,0.07256649850769786,0.1602419571447567,0.0775400513184113,0.016554331814451057,0.17217696043703049,0.02384763938655726,0.10048596748579355,0.44845134319321134,0.5226427687300419,0.14275362070194758,0.4144013584475376,0.3077898726337614,0.2675531479106218,0.38925811917374425,0.6047512364905521,0.3214766468925679,0.13340617267903207,0.06448317724523864,0.03547010280328941,0.44001476977296305,0.11595860442650438,0.0867973290360269,0.48679369227083125,0.41531488203533307,0.1370589058271486,0.29414153984218216
KO_144,0.2028324602944163,0.2509802080550461,0.3685673915207924,0.23050047279135838,0.09792996994299968,0.20809947734822568,0.05892082961562876,0.16455978686679645,0.2024003301446046,0.093283851555095,0.09646938178609432,0.6489362169669419,0.026879768494810313,0.29365191203970076,0.024041080681797018,0.17762114938415455,0.015375843064018783,0.1812736046858796,0.0494915346515672,0.06859435773556603,0.14913413206662238,0.203203313542351,0.45204872129354673,0.0012734894608401764,0.19929159518496514,0.04107379550373558,0.03421600572618128,0.11654365656799935,0.6762374266815607,0.15890653274088826,0.04138171003979565,0.5521414063171255,0.1276024686148996,0.2136383806312389,0.017884438719108203,0.22961763760811002,0.626052709390413,0.2678774006398996,0.5670187549601367,0.3920388389537858,0.48967585916941625,0.01475382749967882,0.3418416759482556,0.04873096901870684,0.1675071627717474,0.737633175895358,0.6946067290383718,0.268034820080591,0.49272416356224447,0.5794602600132629,0.14092496330924004,0.09487923640492246,0.18228464971349642,0.7164717745302814,0.7098631822133069,0.10836467633291696,0.16029691042890673,0.023272717106598038,0.05159665994961413,0.18456258304941858,0.09701723766106697,0.0825713283526323,0.40719771264652044,0.18570040207809335,0.19434427765273057,0.6939758078220317,0.6957536833363621,0.018734146412097495,0.1630016555473127,0.2126248566028611,0.24714241089717254,0.22814690842827906,0.09993179781548478,0.35223607650493866,0.439083751690141,0.6361965894802646,0.059604581173912874,0.7701414318777486,0.49967663560793757,0.4129105528130955,0.3756470490986918,0.6630019168030336,0.14525846194896386,0.13344115669021162,0.4606423039453954,0.24664421993665978,0.43112884435835397,0.2635931769497261,0.11722230120558123,0.07054067314655588,0.388828611832064,1.092571768644337,0.04497727369539241,0.2341388248584049,0.0049203369733650726,0.21140957040311753,0.30063677870926286,0.4986719812419993,0.8939083497216859,0.641666057817927,0.7360026658712882,0.27890623398007963,0.6158924560297261,0.6748049184876109,0.02977112323072301,0.8279063393358149,0.3304542495819401,0.0801590679408073,0.37495384196312603,0.7501712094121514,0.07542779190116436,0.5222880170235993,0.15003686707212083,0.0708990990889667,0.04099840115344674,0.15826741586468274,0.14050322421606345,0.17784132640870431,0.030189789418839104,0.10043210098108339,0.29753485602499846,0.03968578006107738,0.09499353041968106,0.10097423967464372,0.030799385865515665,0.2288924102311163,0.6390765330677081,0.13955957452462991,0.1642847496902775,0.5262850037114069,1.1880568382827,0.12357448456071826,0.04455638669698186,0.7350377000996777,0.08313507576980586,0.5679340011776197,0.3418106093777577,0.07963854388647774,0.29677340459725665,0.22801650193276451,0.0047665534420293105,0.23476668294080552,0.11469650753131436,0.045110025152951774,0.007494993150270001,0.712743593985113,0.07077358558698026,0.33434204058533734,0.3363981014662094,0.12668998743638493,0.4722639758221803,0.02146678089797642,0.15896620590988214,0.15543732030720261,0.3368381493254846,0.09238363238043192,0.18011362226448202,0.08786983161105767,0.09195920232013824,0.3533547558854897,0.17586731847279624,0.43365317653937807,0.1571499310430916,0.12650014800245882,0.7498963821539034,0.17746894790798456,0.02321129152915244,1.0002822323885154,0.154681646546996,0.36024092032293964,0.09804374068034195,0.1686455069272104,0.2624976497437337,0.05893873520374851,0.0725666399000085,0.16025451390006626,0.0775408349354733,0.01655108120168074,0.17219367324573753,0.02384698129032818,0.10049551597468835,0.44845120726073007,0.522641178355194,0.14274977791262905,0.4143868037416418,0.30779224378610825,0.26755838529382286,0.3892601012780235,0.6047357090453712,0.3214791069511836,0.1333977369957729,0.06449983007977331,0.03545906329517391,0.43998198714260606,0.11595957111944434,0.08679453631964484,0.48684281692804243,0.41536243147621704,0.13703591416930874,0.2941582238100072
KO_145,0.20285980519284752,0.2509339792971021,0.36862204794777736,0.2305090285917302,0.09791960912963708,0.20804589916638053,0.05889459769479149,0.164555382883296,0.20239527264491647,0.0932610281651633,0.09644059839807613,0.6489874452664715,0.026877100752656587,0.2936769743896955,0.02404020302669554,0.17765736244049637,0.015374833540729407,0.1812873099405148,0.049489103583749215,0.06856773005074049,0.14914604003237386,0.2031849939936707,0.4520972415571502,0.0012720439113561323,0.19929849577745995,0.04107235829473626,0.03421888845094544,0.11652893370081241,0.6763483597914367,0.15892377218160403,0.04138249324168407,0.5521299115040031,0.12760578542954193,0.2136713593345104,0.017885331631025812,0.22963637865496317,0.6260597018737719,0.26791617012125996,0.5671147684547803,0.3920276216243353,0.4896379470553645,0.014748665785106849,0.34182437042502867,0.04873078731554403,0.16749590078918034,0.7376471620132852,0.6946254972117778,0.26800862587595975,0.4927155894223149,0.5794705958388605,0.14091969639057228,0.09489513249410622,0.18226502347615728,0.716583204963565,0.7098779429538642,0.1083551874191345,0.16025823974649075,0.023277596811020526,0.05158874578411334,0.18456676858095217,0.09702695061076894,0.08256920423647415,0.4072258014436466,0.18567636980430677,0.19435437603922684,0.6939028995198807,0.6957349464052891,0.018734032608591637,0.1630132123635176,0.21261404489676006,0.24715293320087017,0.2281521687626965,0.0999436744719215,0.3521489881831613,0.4390816413498766,0.636149634609555,0.05960125075525747,0.7701775996288026,0.4997521826791109,0.41292550673317535,0.3756497886832638,0.6630316545369526,0.14523179396456776,0.133457242669616,0.4606672724795702,0.24666952324133418,0.43118893539535513,0.2635914351542171,0.11721675753162712,0.07053851981598626,0.388819162160208,1.0926056151492802,0.044972252649573906,0.23410177876019722,0.0049202395172438735,0.2113917264339258,0.3006304192713937,0.4987406136798728,0.8939857118694465,0.6417438334221255,0.7359930412594559,0.2789090787937404,0.6159375805348988,0.6748216732223461,0.029775566868089888,0.8278510046208455,0.3304537065376217,0.08014536495117985,0.37494956656490597,0.750204530467926,0.0754234665360122,0.5221930624451465,0.15002986063159063,0.07090067248545506,0.04099039482562361,0.15828709457057774,0.14049565614605125,0.1778407246068532,0.030192293331813537,0.10045151310347791,0.297521952043162,0.03968293658472302,0.09498980259088118,0.10098587398002165,0.03078932567823284,0.22893525258309508,0.6390166422272027,0.13952458438084892,0.16427158549918264,0.5262225175461659,1.1879766290913245,0.12357589734656318,0.04455482444617513,0.7350176896021717,0.08312518642686387,0.5679339586409662,0.34180450479406305,0.07964044360321393,0.29680999205760605,0.22800078818990313,0.004765906297834963,0.23477041018415268,0.11467706788955358,0.04510871704433807,0.007492539218384801,0.7127424479550725,0.07077793447958734,0.3343494758349375,0.3363866610620078,0.12664993943722655,0.4722832350637311,0.02146847237263203,0.15893460703140802,0.15542077129506468,0.3368043269519466,0.09238234730311799,0.18012421055175432,0.08786730676238061,0.09196396797908518,0.35335149586311815,0.17586947135649997,0.4336379671920441,0.1571277195194257,0.12650043972121874,0.3697600041597694,0.17749914341163142,0.02321137840305892,1.0002224604735128,0.15469103088104885,0.3602829922418408,0.09804461992166533,0.16866528232170053,0.26251172491008506,0.0589432350626995,0.07256038682952584,0.16025503084829623,0.07754732211868598,0.06507439670541972,0.1722020164433168,0.023850141425525617,0.10046095798375736,0.4484402510665596,0.52266583197948,0.14274502271204048,0.41442245187295407,0.3078005774701088,0.26753488663032504,0.3892386671012282,0.6047261994658195,0.32145878193682115,0.13340424070215798,0.064485230157941,0.035474579324372806,0.4400518775797214,0.11595962303681298,0.08679485561556216,0.486828251896808,0.4153268349907455,0.13706102995195552,0.29413697123926813
KO_146,0.2175161088506741,0.24227104035645985,0.3746114804412904,0.24251341193900294,0.09556322375355687,0.20005963658333478,0.056009528731238364,0.1670010176249109,0.20403789347156168,0.09371421071451144,0.09361919044144884,0.6221757269740561,0.02687271779241024,0.2921387990743444,0.024425330920924783,0.18732911755959944,0.015078791555795048,0.178365861992716,0.05010712225690617,0.06580202091348529,0.14962478541436444,0.2061144009319655,0.4557970072906087,0.001229293871699706,0.20254540662329773,0.04193218794050669,0.03532892811832816,0.11311764919946163,0.6890538617038214,0.15857274573470717,0.04122117209677755,0.5615957063955842,0.12440182237732528,0.21751161712492173,0.017951658731238915,0.23378446397851513,0.6273304555916399,0.28014269608156994,0.5714900144418971,0.39537442883358836,0.4870131194310546,0.014412034607288777,0.3443251321466877,0.04604386461139286,0.16440586700779697,0.7287980995129547,0.699564283715597,0.2649156307062745,0.49175147286514775,0.5812174120365075,0.14131907782679162,0.09766266575378989,0.17757131040286156,0.7320321574520283,0.726468098729219,0.11013293750781145,0.1560162431761322,0.02358249347097126,0.04933490739566904,0.18857107721104843,0.09558141717965833,0.08049555756385945,0.411198488073726,0.18291402276820729,0.19026984470771152,0.6840749532715676,0.7067436314123231,0.018494240034994003,0.16736560022794902,0.21216333869760634,0.25196521368599845,0.21964587838225902,0.09901362160834332,0.3386853495044797,0.4445033430016024,0.638913641164344,0.060072771807824624,0.7775080106878912,0.5099854960509591,0.42830086915013565,0.3690348501670122,0.6642741475001069,0.14305172993049708,0.13697379458377903,0.4548407035369183,0.2450852020029156,0.43849979128231836,0.26374625600636403,0.11270344570931659,0.0682999660794223,0.37927215978128337,1.1038203398875461,0.045120323586514806,0.22951876166664856,0.00480507044772739,0.2101985086341038,0.30315329417938514,0.511407971833829,0.8955502689498704,0.6502350604317997,0.7363683285404223,0.28290062586831993,0.6185443337217034,0.6754437666984398,0.03026336029063527,0.8290105763139685,0.3335115822700774,0.08117717646474311,0.38575704750795164,0.7501253456180197,0.07328444333225134,0.5169566016073904,0.14519213847174253,0.0690463232595201,0.04124640853419507,0.16047856897776044,0.14041889567184077,0.17830171810347442,0.02918184603976864,0.10340652674070872,0.29671856990517675,0.040758185741947624,0.09338178146188851,0.10193118523860863,0.029198941722448378,0.2265733074009325,0.6257742776220223,0.1343291112371871,0.15910288973036968,0.529140968909741,1.1852653028809912,0.12322881960827346,0.04580057974809782,0.7439142492664121,0.07926387976616456,0.5775294501401874,0.3395094961241732,0.07950199177313301,0.2957802747887048,0.23058900886945824,0.004673302782463661,0.24036050909596673,0.10850239647709739,0.04521929618230537,0.0070912123575995415,0.7156189820015216,0.07073866359202136,0.3389162142513613,0.3352946575300395,0.12378189964636023,0.4693026786934736,0.021919918828478824,0.15770194713066138,0.1560081662943264,0.3338837494918724,0.09228862082143338,0.1844302376761528,0.08788898463904161,0.09187982494873512,0.35321156763721506,0.17422536212298845,0.4340430570835017,0.15964315440047053,0.12376152106926777,0.7514300401116196,0.1768631733418253,0.022855109666255338,1.0025775926890992,0.15246004298986762,0.3614405068919713,0.10040525983806653,0.1693195146013109,0.2533627837144774,0.05679385828064504,0.07460940254709768,0.15955935462060064,0.07690665984347131,0.016413658682613262,0.17228266721476293,0.023441636681396146,0.09991906946511578,0.45019354668202327,0.5321697799570203,0.14311063241958694,0.4172443930043669,0.30560495143070937,0.25977328573943215,0.3889200594459949,0.6033591553410633,0.3188572558699155,0.1325052988733212,0.06376415795929757,0.03650830766427374,0.44242706113893165,0.11574814520626607,0.0866185593422096,0.48630410468292207,0.4108993810904627,0.13706071986533336,0.29650626650340134
KO_147,0.20287974632486863,0.2509413928707555,0.3685859758707068,0.2305845866535362,0.09792558931097538,0.20806391982586397,0.058907310758170656,0.16455748323596983,0.20239207327748548,0.0932675625438596,0.09644353862025971,0.6490059645355662,0.026879729050541236,0.29364208998270036,0.024035969672214802,0.17766771435494086,0.015379755542182084,0.18126130100853952,0.0495026983002162,0.06859599558972264,0.14914124160482428,0.20321547350578156,0.45208406872577367,0.0012742107606797195,0.19928970912358374,0.04107542793195351,0.03422650507266364,0.11653501856392895,0.6762801487899102,0.1589121009185998,0.04139395103782145,0.5522346061699536,0.12758538135239764,0.21363752173013922,0.01788360220982253,0.22961909888411067,0.6260671711319786,0.26792272329087785,0.5670036932651026,0.39204572114536435,0.4896651852427574,0.014752534057452053,0.34185251700181957,0.04872428857821865,0.16748388667131175,0.7376274580388554,0.6946242611621656,0.26801883152196215,0.49272645640508406,0.5794643381692345,0.14091832784880953,0.094893472331539,0.1822562801597671,0.7165643603625313,0.7099637895210654,0.10836920438375576,0.16025211895202637,0.023276624271574724,0.051583583131080565,0.1845732634321291,0.09701614363661562,0.08257699469877228,0.40718425993714513,0.18569989438504225,0.1943256807325698,0.6938952999858755,0.695762292839081,0.0187306240427848,0.1630306184530168,0.21261065693576006,0.24714410942855136,0.22813078496719746,0.09990210988308632,0.35219895745343716,0.4391822525170741,0.6361694146897747,0.05960725678915002,0.7701613506326402,0.4997271571330269,0.41296852002553225,0.375626953014457,0.662981088202648,0.14524903921064167,0.13346515811669368,0.4605806304124104,0.24664874185996366,0.4311727656335874,0.26358322599780404,0.11720223670784764,0.07054038711339689,0.38878085799761447,1.092624522185387,0.04497830144660976,0.23411206877307686,0.004921714259873409,0.21139652173481085,0.300629528761913,0.49871203068233916,0.893883513867225,0.6417037404526652,0.7359857714711802,0.27891013871351644,0.6159496542417422,0.6748139022784274,0.029779777881798822,0.8278566801615074,0.33045585644133235,0.08014723639638936,0.37495002682905393,0.75013961379309,0.07541865116763452,0.5222306432414437,0.14999543893416395,0.0708870801639038,0.04100063969995342,0.1582862970531511,0.14050165729201033,0.17783634790457303,0.030178031189277085,0.10043084909852824,0.2975483207231165,0.03969160726852396,0.09499377208274899,0.10097797209152416,0.030795425810797944,0.22888641625700276,0.6390246060744591,0.13951228132234855,0.16425840458325802,0.5262596737872978,1.1879370235541231,0.12357937398354274,0.04456318467699278,0.7350333807546403,0.08310805485879788,0.5679852179922922,0.3417829982269654,0.07963588715000926,0.2967812472135744,0.2280024978805128,0.004767503818640353,0.23477531840015747,0.11466956584870684,0.045113453873164136,0.007487289970128118,0.7127370028263025,0.07079217997698385,0.33433045366902275,0.33638795810144057,0.1266615638331514,0.4722515346357321,0.02147049549012524,0.15894388771442605,0.15544211037494812,0.33680957438386544,0.09237496724457993,0.180130073356559,0.0878633572647473,0.0919545772491994,0.3533289282240128,0.17586494546263284,0.43362744829474836,0.1571484176993624,0.1264744091023412,0.7498773786671769,0.1774675966545687,0.023215669106519454,1.0002523083391386,0.1546759204924935,0.36024950918953497,0.09804237956985364,0.16864067483835016,0.2625411320862769,0.05893662400496399,0.07256794103012117,0.16022764604140247,0.07756231073734907,0.016547605161012516,0.1721884303119264,0.023845462286769932,0.10047737859634212,0.4484406092918446,0.5226711561775029,0.14275598338266335,0.41441662619842534,0.3078098917519163,0.2675449953221397,0.3892335859634302,0.6047161368077153,0.3214649426609794,0.13340336589091,0.06448429349507696,0.03546944785132295,0.4400298416011159,0.1159588858048703,0.08679286785556027,0.48683016663926304,0.4153316682357874,0.1370594333368345,0.2941639044327315
KO_148,0.20284914855219086,0.25095419685323045,0.3685764100522642,0.23053968046694617,0.09793749404439134,0.2080697200813196,0.05890732099784658,0.16454950535162727,0.2023965063737061,0.0932571954147191,0.09645498680861692,0.6489583908696598,0.026888687880583174,0.2936456437815622,0.02404320042163076,0.17765238561965357,0.015380245213921234,0.1812760826168014,0.049499450847629974,0.06859586123432544,0.1491388139811401,0.20320440473267457,0.45207285164296207,0.0012726427171597682,0.1992835965334977,0.041090597700602104,0.034226379198292654,0.11654101808626834,0.6762927421294602,0.15890389780473702,0.04139231308774697,0.552156124862564,0.12760660341800456,0.2136435814711569,0.01788145389579939,0.22961999460628402,0.6260572440872887,0.2678831510090186,0.5670402824901192,0.3919971794703062,0.48965691270771466,0.014746572071769586,0.34183583738922646,0.048728576755380094,0.16750370621310665,0.737614993676664,0.6946336904287778,0.26802173539272145,0.49270869238764226,0.5794664725577401,0.1409174038776173,0.09488440859070449,0.18225299746519902,0.7165638480509454,0.7099275764430343,0.10837432238866912,0.16029068942100183,0.02327475835921623,0.05160307503905735,0.18456174350169754,0.09702031935707421,0.08258338252338004,0.40720691395465913,0.1856984621256813,0.194348537704252,0.6938903669370641,0.6957749425567215,0.018725884324424784,0.16298488835764266,0.2126138225998718,0.24713612706005705,0.22815689696020183,0.09991498683758039,0.3521782876861169,0.4391283303112482,0.6362198699459688,0.05960833105588234,0.7701179236231259,0.4996755220583512,0.4129470278638816,0.3756437364557089,0.6630207172128159,0.1452495942886406,0.1334553728455481,0.4605991596843205,0.2466472051212075,0.43115880359880004,0.26359185761101067,0.11723736149135898,0.07055129805008443,0.388809085760208,1.0926095842081363,0.04496730569318383,0.23412988292044445,0.004920004110173331,0.21140234938554953,0.30062703106427197,0.49872488184303754,0.8939644486373889,0.6417172405514462,0.7359862112947783,0.27892048473836845,0.6159394823258206,0.674816100353081,0.02976937548433538,0.8278582275884677,0.3304295642959055,0.08014469943910227,0.3749421757005552,0.750121579773443,0.07540972889008132,0.5221932074897243,0.1500370077526487,0.07090138556894611,0.040989362082671954,0.15826683146725676,0.14049610698373144,0.1778336399477917,0.030189770873855878,0.10042485265980318,0.29756540962981837,0.039679144634910776,0.09498764533330459,0.10098846715965809,0.03079639675160895,0.228888883756515,0.639014555012294,0.13952644671908107,0.164260788733511,0.5262588139939555,1.1880057236857757,0.12356900062082397,0.04455297443790207,0.7350269439508147,0.08312146091283852,0.5679556687650488,0.34180029627988207,0.07963062254171846,0.29676319636037507,0.22799351992118308,0.004765778812746432,0.2347585355381127,0.11468456671772025,0.04511788334855746,0.007490841374877705,0.7127852058262842,0.07078748567243472,0.33437162577289203,0.3364110935094743,0.12666976482781428,0.4722559689946372,0.0214637925593464,0.15894189529679964,0.15544866573361313,0.33684103256697523,0.09237234162019253,0.18012176215232792,0.08788474312292106,0.09196275684589103,0.353334099183535,0.17589027811802582,0.43361724549559233,0.15714521810177073,0.12649608452309832,0.7499334860728348,0.17748936678413596,0.023208631977662753,1.0002897687073207,0.15469401903299262,0.3602418458670874,0.09804114802385117,0.16866171234351948,0.2625140932167537,0.05893839934808081,0.07256975147478288,0.16025670558326355,0.07754529601631015,0.016549285548776348,0.1722007954728199,0.02384906022892564,0.10047921829183326,0.44846655210968783,0.5226875944802754,0.14276039511178226,0.41442708042251364,0.30779556485828624,0.2675300764125386,0.3892622658461428,0.6047355332161619,0.3214863699987161,0.13341550152215387,0.06449005554688038,0.03546854646844033,0.4399748579691497,0.11596083285099552,0.08679738180235189,0.4868092138629654,0.41533158898003913,0.13706718505832252,0.2941914073663365
KO_149,0.20284118582021488,0.25096920274606244,0.3685537294857683,0.23051637802619943,0.09790821875414352,0.20810514325843518,0.058923791497595315,0.164531036670122,0.2023830766489423,0.0932783998353508,0.0964711343169487,0.6489449890280307,0.026880788672749994,0.29364920016053475,0.02404590274995716,0.17763763050613493,0.015379791912640798,0.18126601536841874,0.04948529397747914,0.06859196128124773,0.14910822136550678,0.20321703902484056,0.4520478783652301,0.001273788928590888,0.19930624744683345,0.041086138736745374,0.03422908848917674,0.11654141602887615,0.6762260431455843,0.15889576840789157,0.04139121984457233,0.5521862739085611,0.12760997919792164,0.21362482899744398,0.01788648803991806,0.22959499476800313,0.6260395187116141,0.26790083335880094,0.5669731839581776,0.3920407528536249,0.4896548761652376,0.014750928407695582,0.34186363976728246,0.04873026877826629,0.16750613523776084,0.7375749901668621,0.6946190163056,0.26802399307990493,0.49271130488110004,0.579466449143821,0.14091930178433873,0.09489468319038499,0.1822734087230456,0.7164944216670207,0.7099098450925074,0.1083654257204293,0.16027956179545239,0.023274621018382867,0.05158995791058786,0.18452743038255157,0.09703277022709678,0.08258404057582724,0.4072481063524477,0.18569384531525213,0.19432922032085884,0.6939008778856092,0.6957522301755356,0.018729927864248687,0.16301538796839796,0.21261605021237337,0.24713122635237111,0.2281672070950415,0.09990465668436553,0.35221759905979816,0.4391528801639445,0.6362043914090642,0.05960311794662011,0.7701118609012944,0.4996833809357995,0.41297312320826146,0.375684481472247,0.6629916681208134,0.1452342372828403,0.1334499234275127,0.46065025721140995,0.24664167819635885,0.43113033648627863,0.26358025253220013,0.11722006924784661,0.07053780668626904,0.3888256149578125,1.0925776119535142,0.044973296928012566,0.23414024992869564,0.004920497513492144,0.21140588718579256,0.3006059063158475,0.4986751600062005,0.8939731101500731,0.6416567050588912,0.735935979784315,0.2788873702463562,0.6158953010930168,0.6748276890573092,0.02977583325476031,0.8278659416130685,0.3304886526322328,0.08014101470110975,0.37491187550242067,0.7501580179978868,0.07542140641881077,0.5222440465824011,0.1500258717323,0.07090812871605819,0.04100052679984399,0.15825162596037015,0.1404898352903549,0.17784835528086612,0.03019716458947135,0.1004282189908019,0.29755464815980043,0.039678813218153,0.09499087217381197,0.10097686287394948,0.030797745755744756,0.2288771863974885,0.6390453625187746,0.13951359683654735,0.16428768935857782,0.5262444059097712,1.1880621169424295,0.12357159828279494,0.04455454332709452,0.7350319251847772,0.08312962072113009,0.5679453308469093,0.34181362201450516,0.0796384754073432,0.2967804747148994,0.2279870001696663,0.004766856922925887,0.23477570358846625,0.1147013241063918,0.045114377687553206,0.007491973266372646,0.7127418342523605,0.07078682469978453,0.33427988317398327,0.33639771657602646,0.12669387954452455,0.47226287677506035,0.02146333827806523,0.1589292892170389,0.15544606832227273,0.3368319417655853,0.09238051650300248,0.18012481856945528,0.08786736812872732,0.09196510261375376,0.35336169384475297,0.17591326674717347,0.43360768681818956,0.1571593911760284,0.1265111523618599,0.749894133092894,0.1774963363377363,0.02320970848915872,1.0002553746749006,0.15467400558578379,0.3602579294529924,0.09803928558875284,0.16864559757012826,0.2625327865925565,0.0589391063116468,0.07256149834321476,0.16023285340754168,0.07754800211049669,0.016553858326626758,0.17219021882725707,0.023850344881950133,0.10048025427235266,0.4484500204394328,0.5226573647318351,0.1427569145756896,0.4143740542648017,0.3078226677723226,0.2675565686864793,0.3892321579017679,0.6047015207937603,0.321482271792089,0.13340616282557177,0.06449080044148804,0.03545815105746726,0.43998470045671756,0.11596033317837637,0.08678846821849116,0.4868289862506348,0.4153746633005253,0.13705754754018676,0.294156602577613
KO_150,0.20284589584754772,0.25096721635160973,0.36857377081718506,0.2305236962250246,0.09791650049295905,0.20809863992699004,0.058917059472424996,0.16454957621256677,0.2023963270622171,0.09326077283454534,0.09645479281384689,0.6489836852432681,0.026876566332060283,0.29366647523804235,0.02404372691433446,0.17760968427296628,0.01537860121784317,0.1812884679172781,0.04948652058213551,0.06859484849431095,0.1491433561044463,0.2032027923823501,0.45205855561179936,0.0012730825719123842,0.19928646441347073,0.04107942267401441,0.03422696388582697,0.11654749347316165,0.6762736873234009,0.158915191959226,0.041386106795022075,0.5521706871660692,0.12760324508137094,0.2136482410811283,0.017888476132090346,0.2295960726740334,0.6260623361042141,0.2678925460255,0.5669832595534607,0.392016196617255,0.4896489119236187,0.014746395626265875,0.34186282206184304,0.04873412629237319,0.16751079847038783,0.73760491200687,0.6946132897551317,0.26803558567466884,0.4927125177425676,0.579465355453374,0.1409263823673806,0.09488572157133088,0.1822806584187162,0.7164848450897836,0.7098940353695372,0.10838275049740538,0.1602855690768483,0.023274829140479725,0.05159240469619346,0.1845292657505222,0.0970322061315308,0.08257126506752356,0.40718916968907276,0.18570397906498928,0.19434144381371735,0.6939016146534964,0.6957424287919511,0.018734268531556977,0.163014586902768,0.21261112214454506,0.2471379172440925,0.22815733082494954,0.09992190635245696,0.3521944798675725,0.4390952691839864,0.6361924093811421,0.059600390522789336,0.770151647389452,0.4996844284205296,0.41294193169111143,0.37565009377664943,0.6629903164675115,0.145233074564378,0.13343165387520492,0.46065149838230485,0.24664383300764792,0.4311131060591562,0.2635790946317706,0.11722541775521142,0.07053621701585239,0.38881657514598933,1.0925440548452117,0.044965044442518975,0.23414497008015456,0.004921918092779303,0.21140076976127709,0.3006311644947391,0.4987061643945985,0.893939503273106,0.6416654615754047,0.7359761285558194,0.2789160034187468,0.6158833572003916,0.6748041322084649,0.02977116157723357,0.8278255534329111,0.33047709406561404,0.08013582723218808,0.3749609726056489,0.7501417396597799,0.07541683853443555,0.5222518513848357,0.15004571378772544,0.0709039516085575,0.04099976040279621,0.1582786511719488,0.14049439429408755,0.1778341545591677,0.030194323669293335,0.10043240578014911,0.29755051863127413,0.03968544231125152,0.09498700482673682,0.1009634151878628,0.03079530308162225,0.22888042535671368,0.6390745800149146,0.13954064072378047,0.16428736330954066,0.526255849019314,1.1879955341239725,0.12357267849034947,0.04455438643489642,0.7349983963529717,0.08312080610509864,0.5679545865285247,0.3418317796650289,0.07963421160288922,0.2968053474528873,0.22801319075929594,0.004766669375885887,0.2347625307876254,0.1146856612750524,0.045112533756157994,0.00748877921151362,0.7127654807528959,0.07077535242572615,0.3343303175786447,0.3363991888826737,0.12667845019193996,0.4722574524595329,0.021472501170118848,0.15894449343732964,0.1554403162352429,0.33680935257425965,0.09237313553127846,0.18011041837361408,0.08788410468471376,0.09196725779656689,0.3533432570396946,0.17588435513204445,0.4336577944192367,0.1571432530936213,0.1264972162332182,0.7499047174401835,0.17748668769315365,0.023208358758939913,1.0003121872741703,0.15467436174234883,0.36023998471138824,0.09804523766430093,0.16864611475971425,0.26248934922117517,0.05893774216989604,0.07256564378951717,0.16025327976381432,0.07754745484923814,0.016549845449281397,0.17219503110717876,0.02385277086173014,0.1004791513772438,0.4484605415071093,0.5226701029094228,0.14273605973322817,0.4144114480811553,0.30780728280107433,0.26755629819103127,0.3892616032857664,0.6047261461708529,0.32148234092808664,0.1334116416287345,0.06449880667090457,0.035464454984650666,0.43999145382264276,0.11596069551378493,0.0867963576679351,0.48681263117854223,0.4153541018053049,0.13707014198845927,0.294142046408462
KO_151,0.2028906460726004,0.25091403131612494,0.36862633041368836,0.23056987943371807,0.09791676792262935,0.20804464979587625,0.05889324746128231,0.16455950477654535,0.20241277269378202,0.0932601144317138,0.09643195217757669,0.64899074787392,0.026879904516342156,0.2936764209359277,0.024041859288295244,0.17765212480073694,0.015378028587605936,0.18128262585358623,0.04949977898630637,0.06855948977326397,0.1491554765706551,0.20321141084312358,0.4520960093784061,0.0012730608290464876,0.19929858064807626,0.041078346761632197,0.03422658312923371,0.11652376026478901,0.6763449092977132,0.1589286323445067,0.04138934533174099,0.5522084346581161,0.12760786774931002,0.21366515226407903,0.01788808253126735,0.22961945214584306,0.6260862097987314,0.2679376946956578,0.5670319385640755,0.3920437987902001,0.4896787357783741,0.014750668455181843,0.34184928605719217,0.048723401712341914,0.16750064285974756,0.7376232629329685,0.6946543609608117,0.26801963847723254,0.49270891870635153,0.5794343742304473,0.1409425703215791,0.09489925038994844,0.18224508305631898,0.716594702230454,0.7099337447411282,0.10839441636232518,0.16025253896553773,0.023272328473109317,0.05159008217531614,0.18458667644660506,0.09701752707856241,0.08257134687423458,0.40723808696941177,0.18569093845806856,0.19432647975919595,0.6938567849810485,0.6957890600153291,0.018731886692564086,0.16303491711818852,0.21261051209857673,0.24714419103716284,0.22811396837091552,0.09992099493998631,0.35213507432820174,0.4391210862082769,0.6362039346334134,0.05960677670680976,0.7701895927754774,0.4997288035074162,0.4129845917833893,0.3756483532478059,0.6630186609501973,0.14522573917837328,0.1334681260164986,0.4606352294718057,0.24665132694512237,0.4311855934191261,0.26360091947610576,0.11719518936097718,0.07053225703686768,0.38881044219093225,1.092654688362312,0.04497661195484916,0.23412942017295083,0.004921277545310054,0.21138424478163098,0.3006304576408482,0.49877433079535094,0.8939935581773945,0.6417282089450704,0.7360126555690957,0.27893338381873034,0.6159247184935103,0.6748486509745919,0.029778446774502806,0.8278584603821053,0.3304987636427004,0.08015573372558428,0.37498992072867726,0.750188726111998,0.07540576594396416,0.5222096125064618,0.15002210985684006,0.070907517298573,0.04099270079428089,0.15829359557067307,0.14050319811372922,0.1778491466484635,0.03018137531912132,0.10044850178803726,0.29755254224026473,0.03969106570354136,0.09499369931722203,0.10097722169906342,0.03078810029175328,0.2288963293397554,0.6389980681596794,0.13954401733765834,0.16425264678558077,0.5262800737569496,1.1879596933210401,0.12357436663019092,0.04456397531648206,0.7350864202638259,0.08310525989374723,0.5679829607197621,0.34181076746202554,0.07962915678493122,0.2967972519777173,0.22802578133069673,0.004763867441605061,0.23478205968275365,0.1146543908810163,0.045114705140600106,0.007490527230895424,0.7127279230732941,0.07076838407690803,0.3343633589449267,0.33639227851852926,0.12667114845974264,0.4722879829871376,0.021467525310926747,0.15892724123830448,0.1554251939578019,0.3367762153123481,0.09238421473930972,0.18012746592287102,0.08787391400096299,0.09195618465304777,0.3533538760840275,0.1758715862207888,0.43367981818583917,0.1571484965294523,0.12648296054054856,0.7499130043515788,0.17747899464830066,0.023206799622784387,1.0003026978842753,0.15467825540529673,0.36027243011732846,0.09804631192582648,0.16866002292533816,0.2625292015291179,0.058935649426402704,0.07256336737812213,0.16024380809815417,0.0775428565333407,0.0165467732555587,0.17218954891874988,0.02384715987131983,0.10047244574776189,0.4484616843014227,0.5226652543422252,0.14274980112917937,0.41445289239126815,0.30777854208047756,0.26751614062128887,0.38925953136353086,0.6047285086950563,0.3214601234733659,0.13341705915424376,0.06449143580590892,0.035466254848888754,0.43999957598273476,0.11596242559757769,0.08678155198256499,0.486818736619107,0.4153468287963996,0.13705950925867694,0.2941727786306006
KO_152,0.20289642336403738,0.25088099945486725,0.3686411380266121,0.23053765031043616,0.09791761795039206,0.20801829412279627,0.05889951655445589,0.16455661279279757,0.20239435419314356,0.09326013727472257,0.09642775474895905,0.648979835434411,0.02687430079792357,0.293694794558191,0.02404226375594264,0.1776710969544686,0.015376956886233605,0.18127708480372504,0.049494959178538356,0.06856700127218576,0.14915129619961998,0.20319505513238909,0.45210209290393766,0.0012720712186664461,0.19930490380625823,0.041078491248755726,0.03421700650477307,0.11652145757170942,0.6763669178484879,0.15891285107495212,0.04138428976889398,0.5521650942552385,0.1276036125628065,0.2136599151523073,0.017886011932686307,0.22964639151332028,0.6260555750660135,0.267936344951002,0.5671051968005375,0.39203979339260875,0.4896444837355049,0.014752394458351085,0.34186048094891075,0.048713572668113665,0.1675105773974718,0.7375871997257999,0.6946465043400226,0.2679848561612545,0.49272746917846094,0.5795037520962523,0.14093981218016888,0.0948972877437898,0.1822424393313965,0.7166454320746618,0.7099237073844537,0.10838305902578538,0.1602362897647467,0.023271270339767225,0.05158785338698344,0.1845920741069697,0.09703298878075052,0.08256661493930863,0.40724825273778964,0.1856918007940722,0.1943346827321379,0.6937910788506946,0.6957866445496464,0.01873363778564903,0.16301024201919256,0.21260613670660403,0.2471578299117602,0.22811690217264843,0.09992425447065385,0.3521111587424305,0.4390860277556229,0.6361922023063566,0.05959517377957408,0.7702214946454394,0.4997481327573957,0.412961084051289,0.3756195583889205,0.6629645569475628,0.14524518696113328,0.1334627946624554,0.46063487345020854,0.2466422289365948,0.43121711009271685,0.26356858680612805,0.11719533889243243,0.07054328049978505,0.38879242719736196,1.0927027422535571,0.04497923090519859,0.23415253151453558,0.0049199342395883335,0.21139173101667327,0.3006571486404871,0.4987963764895298,0.8940245627351152,0.6417472344016972,0.7359262300817792,0.278918791755189,0.6159422444522548,0.6748270842268252,0.029778994388992425,0.8279068979338079,0.3304871384109594,0.08013655760800932,0.37498852217551104,0.7501919514162609,0.07541559305317841,0.5221833679731708,0.15002125904310398,0.07090491442828697,0.04100535125071349,0.1582977374383787,0.14048918626732815,0.17783920719372998,0.030185844135479156,0.10045058503394418,0.29756284574015635,0.03968716466752003,0.09499028576438391,0.10099478811372642,0.03079076456914803,0.22888573442184723,0.6389820126023187,0.13954534915014227,0.16426225637344086,0.5262474454892956,1.1879341505403191,0.12357640087354738,0.04455735808955337,0.7350451196451582,0.08313914329427083,0.5679747016519643,0.3418188935617029,0.07963013019467527,0.29679361411132066,0.22800960240181994,0.004766387434755152,0.23478789954852824,0.11465732824946433,0.04511595208369123,0.00748731652160657,0.7128146481364804,0.0707727299451084,0.3343675810750072,0.336406485107423,0.12665730203431674,0.47227407890927303,0.02147200831541677,0.15892641362631355,0.15544603699983567,0.3367608771786193,0.09236700812564919,0.18012673787051545,0.08786737168777287,0.09195800961981049,0.3533428638447131,0.17586065326206446,0.4336435316000023,0.1571486585762123,0.12649262148958346,0.7499338073165851,0.17748286841539235,0.023210018071475644,1.0002843717528227,0.15467133943840486,0.3602724095353456,0.09804280403418077,0.16865133793703962,0.2625240089340526,0.05893316840318306,0.07257228076019898,0.16026433387248912,0.0775441169394511,0.016545212489709325,0.17220272602096132,0.02385191457698216,0.1004752086871776,0.4484155100899541,0.5226782876410782,0.1427523632194048,0.41442184591623854,0.30776717186623737,0.2675239340107239,0.3892587893073933,0.6047096634906948,0.32144236915853197,0.13340707159226084,0.06447919165476752,0.035470724824879174,0.4400128136156781,0.11594255490658402,0.08679016247770135,0.4868233439049709,0.41531331430220486,0.13705824964981284,0.2941801399752767
KO_153,0.20286024663000068,0.25095654682232044,0.36856047395708097,0.23053068433470367,0.09791330160316916,0.20809066601836498,0.05892175884007568,0.16453832239207536,0.20239361584468557,0.0932650007302868,0.09645476677776946,0.6489195005244316,0.02687570597672511,0.29365459893530255,0.024044925025459317,0.17761298876092704,0.015381212645724208,0.18129403454281676,0.049490136318277554,0.06858003773058485,0.1491298727704804,0.2031995725679631,0.45204075341116057,0.001273249744533507,0.19929554292256776,0.04107292287461211,0.03422943736440126,0.11653736456250464,0.6762792394119177,0.15888077430158073,0.04139349371296941,0.5521848281391618,0.12760026787077744,0.21362507061993857,0.01789130817281528,0.22961156172281885,0.6260425216490534,0.26788357462147067,0.5670265210205463,0.3920359011439289,0.48965330232557464,0.014751840618623781,0.3418582427111946,0.048720981069866366,0.16750448534213486,0.7375823480911622,0.6946249246175639,0.26801776119809234,0.4926951479978906,0.5794787431119411,0.14092974389571955,0.09489941797437085,0.18226744020847024,0.716506493984686,0.709887390793203,0.10838927321308987,0.16027992580072795,0.023279434289517696,0.05158807086624717,0.1845495253044962,0.09701167560451972,0.08256568983018606,0.4071972071263162,0.18571278669094549,0.19432970675409403,0.693904805532997,0.6957909242544371,0.018735257886237644,0.16301795388652662,0.2126143963113844,0.24712194749507557,0.22815264604722263,0.09991088668245457,0.3522050453538011,0.43911093327264356,0.6362304169569923,0.059599075339533916,0.7701653544333789,0.4996942148702529,0.4129185487269712,0.3756728641839464,0.6629868955903702,0.14523672180720074,0.13343239328202347,0.46067859323435156,0.2466445183635721,0.43112632427227343,0.2635626663626815,0.11722506892125663,0.07051782990946286,0.3888248672894493,1.0925509376735643,0.0449771674329488,0.2341225159512707,0.004920088129004571,0.21140862126232934,0.30064105650817635,0.49869848119835797,0.8939683442991914,0.6416946357393705,0.735949182756922,0.27889678359547543,0.6159142446082468,0.6748398447741283,0.029782509089770134,0.8278968428549717,0.3304801789974589,0.08015365578207398,0.3749605317684903,0.7501719844996528,0.07540581202025268,0.5222359502753915,0.15002953537493613,0.07089933869864862,0.040995840894391206,0.15826654560784026,0.14049633515696064,0.1778556794417503,0.030193159669849572,0.1004244262477647,0.29756983692811084,0.03968277577282417,0.09499894852300747,0.10097911932093355,0.03079726634272359,0.228894949012193,0.639015471986155,0.13952052778407192,0.16428181074940637,0.5262591977263797,1.1879964289760527,0.12357445057489687,0.044559164302697,0.7350678794266878,0.0831336913155428,0.567940961342123,0.34180987306008587,0.07963821723395745,0.29680619125768526,0.22800620506509858,0.004765432641876426,0.23477354479736165,0.11467904802586741,0.045112769959972716,0.007490986414109407,0.7127091271558853,0.07076986744206647,0.33431643178347553,0.3363837041382216,0.1266750993198376,0.4722386334769375,0.021471241645500332,0.15894667625013612,0.15544830313859023,0.3368151011446791,0.09237053305936876,0.18011444246757563,0.08786663491061426,0.09195652485471331,0.3533246427304106,0.17587280955409454,0.43361488745956034,0.15714798037216207,0.12648145181525425,0.7498671347398183,0.17747425896339872,0.023210054973028044,1.0002708902997575,0.15468618135053933,0.36023231162884445,0.09804741400753217,0.1686334554281095,0.26250222727911376,0.05893983539911761,0.0725570098303795,0.16025799261380627,0.077542184138958,0.016551402640226632,0.17218806164520914,0.023849021350405397,0.10047048636793943,0.44845561034680925,0.5226839076456634,0.1427554163775642,0.41438055047468986,0.3078042050003707,0.26754853898469,0.38922589955652037,0.6046996437170319,0.3214680326121276,0.1334228969062387,0.06450185273039807,0.03546633078516123,0.439971363125113,0.1159561031584889,0.08679140268982544,0.48684524992100137,0.41533320077438174,0.13705432252060706,0.2941082676236257
KO_154,0.2028941011888374,0.2509031476813912,0.368647119193518,0.23054818844792777,0.09789872842842454,0.2080324395626971,0.058885688304368605,0.16456949119762387,0.20242266845789175,0.09326898314943888,0.09642338642923583,0.6489768446214009,0.026875525424138205,0.29369918072455214,0.024046193090920587,0.17768418687296283,0.015373864431816936,0.1812774996389847,0.04948167055836515,0.06853524886195494,0.14917008730760473,0.2032100556422102,0.4521254970777557,0.0012727179892142824,0.19928846780370824,0.04107756375937026,0.03422906074220741,0.11651783586476297,0.6763914366356141,0.1589192700044811,0.04136942568821866,0.5521609041921876,0.12760595727689142,0.21367135004437085,0.01788048835854975,0.22964500386053746,0.626053177270945,0.26797344268688633,0.5671479346103299,0.3920513001472372,0.4896610344249739,0.014749538592762863,0.3418624710329008,0.04871261266131608,0.16749180677908396,0.7375979856174639,0.694671676390138,0.26800991093452026,0.49273921517329256,0.5794324128275794,0.1409188983541877,0.09490347007295119,0.18224834802417994,0.7166626639152588,0.7099327286898899,0.10837842015388725,0.1602323221951067,0.023268593910745188,0.051592121788926935,0.18458250142280885,0.09702203122490693,0.08257363176671158,0.40724766989658406,0.1856715862848121,0.19431829426812502,0.6938382858378075,0.6957819773445082,0.01873069662154963,0.16301817087792952,0.21260087270842395,0.24715576906003733,0.22811255152225407,0.09993294665077365,0.35211933681698054,0.43914357046409264,0.6362099166105005,0.05959603176589507,0.7701656542288116,0.4997795905580794,0.41301062334092814,0.37561008453092365,0.6630270031745056,0.1452315503175315,0.13347627411545682,0.4606635152081513,0.24664571017459672,0.43124660662092007,0.2636161851536013,0.11719792249174768,0.07054193220642252,0.38879491885335105,1.0926395349847438,0.0449751270538208,0.2341253627196588,0.004918157402982096,0.21139416184503715,0.3006446643387896,0.4988532385657255,0.8939171003723395,0.6417322240499326,0.7360026576789072,0.27892143892605487,0.6159189305550408,0.6748203042559208,0.02977864473113665,0.8278785043956259,0.3304661580840061,0.08014454838445526,0.37500521881455173,0.7501714534877969,0.07540838183772096,0.5221910107951662,0.15001378982204558,0.07090314463165566,0.04100650137509786,0.15828385724849764,0.1404978522864251,0.17782375893059063,0.030177191350130615,0.10044996518443043,0.29753035789184024,0.03968928562615342,0.09499133930632589,0.10097702753270939,0.03079569920835774,0.22888728007642148,0.6389444895754642,0.13951341008784834,0.16425497302787972,0.5262435299947379,1.187942941047453,0.12357287768506553,0.04457281519718941,0.735092112732238,0.08312541939404951,0.5679917175977475,0.3418121114758332,0.07963296013871787,0.29679840458299656,0.22802273771442175,0.004766563823226112,0.23478280238152027,0.11464779256547303,0.045105293658164645,0.007490880442266205,0.7127852821457593,0.07076294858507043,0.33435040796352905,0.33638978316541834,0.12664080612741002,0.4722913751161501,0.021471328805734997,0.15892272493107498,0.15542546613579536,0.3368252311604526,0.0923704596279708,0.18012863878586582,0.08786829994391207,0.09196904667659016,0.35331770443390204,0.17585873870277308,0.43363703497969186,0.15713660950410818,0.1264856114650453,0.7498758936542242,0.17747686392688541,0.023208607803403076,1.0002821270746036,0.15468298313378603,0.36028135013133067,0.0980427567123794,0.16865100987093495,0.26253797539578055,0.05893296407094064,0.07256985364637991,0.16025629163248198,0.07753810058704325,0.016550633162749243,0.1721907068735881,0.02385082704074457,0.10045458861635718,0.44843426586293084,0.5226946466501717,0.14275666930911382,0.4144459454621655,0.3078034501819171,0.2675199884095387,0.38927385533314646,0.6047503587660762,0.32144848563863443,0.1334007665939881,0.06449146293252797,0.03547699760267531,0.43999255351014105,0.11596098775086462,0.08679699822499062,0.4867902809985223,0.4153489776402882,0.13706000354288708,0.2941567470137839
KO_155,0.20284619409580662,0.25095782600109495,0.36853882840919483,0.23054531388559302,0.09791616963507727,0.20810676591724644,0.05890965325127707,0.1645424904919932,0.20239276585210067,0.09326844403910192,0.09647350221983848,0.648936113234375,0.02688296265532783,0.29363965315519897,0.02404658003875152,0.1776340522852484,0.015379722250926743,0.1812917746910934,0.04949154106733873,0.06858385676841627,0.14911665218427492,0.20320128453406558,0.45206330314650484,0.0012729667524752429,0.19930495707577414,0.04107300140012307,0.03423388811009667,0.11653140504381967,0.6762968957255895,0.15890325477655456,0.04138755429322913,0.5522260541635057,0.12760977218342837,0.21362500198988948,0.017888050609775896,0.22959064192972312,0.6260578464982649,0.2678598359039473,0.5670337369913834,0.39201886942385833,0.4896423302813802,0.014753456690482166,0.341857416332749,0.04873065574416066,0.16749904914571276,0.7375690253528605,0.694666960997692,0.2680188000765302,0.49269148396163487,0.5794517519640902,0.1409044528726114,0.09489110249778193,0.18227854609812538,0.7164825102820914,0.7099218910375088,0.1083907771270217,0.16027998830490922,0.023278015501163075,0.051596886903358924,0.18454628942239407,0.09700706776491078,0.08257510356394075,0.4071904304401268,0.1857280675805125,0.19435331056064267,0.6939143488246308,0.6957563272420196,0.0187299098032189,0.16301235750849918,0.21261434796936896,0.24711139111579342,0.2281175853025594,0.0999030043114338,0.35223655874359455,0.4391601045754662,0.6362171079382588,0.059604732238069086,0.7701508645644528,0.4996851286854258,0.41295427611059343,0.375612554845913,0.6629588339613119,0.14524447873573293,0.13343449780409197,0.46067735882674704,0.24663302089343828,0.431113249281744,0.2635505619316005,0.11721041344324112,0.0705358323719857,0.3888145171433967,1.0926063944858033,0.04497478201565564,0.23413108976586566,0.004923298278398823,0.21139418912413158,0.3006474151910839,0.49868601304822857,0.8939085362958656,0.6416754766369862,0.7359442744154834,0.27890156725126103,0.6159110081341187,0.6747743703443214,0.029777716151119526,0.8278567130432916,0.3304687903316057,0.08015427162976574,0.37495109263918874,0.7501711981696625,0.07543474151177909,0.5222655002448547,0.15001927109518665,0.07090172187450682,0.04099870422358844,0.15826574499966303,0.14050377630837504,0.1778542446927469,0.030192939153179922,0.10043298199642145,0.29755730161196037,0.03968784767400193,0.09499161436201012,0.10098242397810743,0.030801472195146142,0.22890390389093196,0.6389924036135737,0.13951048792029952,0.16427269114170656,0.5262821250600849,1.187997462696385,0.12355434680642571,0.044553433047448764,0.7350437354464451,0.0831154450948378,0.567934949559741,0.3418607661677982,0.07962826477505774,0.29677064197754954,0.22798410066625024,0.004766208199932794,0.23476364156068985,0.11468984886437754,0.045127251442249425,0.007487673555284741,0.7127449621425775,0.07077613262306992,0.33432567402052193,0.33639357365166195,0.12667715189663228,0.47225758290013714,0.02146769180296283,0.15893960870275625,0.15544182048756133,0.33686887692309464,0.09237097269521202,0.18011021908165084,0.08787602823275123,0.09196589715982091,0.3533130886059968,0.17586157391515797,0.4336056914504771,0.15713461952448068,0.12649195299961447,0.7499266571287423,0.177502426503149,0.023214981707289462,1.0002698859821741,0.15467521774664805,0.3602630159445888,0.09804808403647602,0.16863392887513703,0.26250190527659506,0.05893319002411913,0.0725651100749014,0.16025535038955716,0.07755856427047973,0.016549626852103365,0.17218934922982634,0.023852131169836643,0.1004752799060331,0.44845909738094736,0.5226602711161842,0.14275666906063053,0.41440586812996283,0.30780798079071353,0.2675556220267472,0.3892279786000557,0.6047075120421429,0.32147486089444915,0.13339613966448358,0.06449918790626204,0.03546644768802547,0.43999473123885746,0.11595455834462597,0.0867917438943593,0.48683120626577975,0.41539514229950864,0.1370553410177133,0.2941494054134163
KO_156,0.2029059175521746,0.2508720519498169,0.36869036204449385,0.23053525811766326,0.09791318806816267,0.20801483655460692,0.058880124100775706,0.16458965140654153,0.202412781718224,0.09325056166487475,0.09641373163975936,0.6490386183906641,0.026874466609386936,0.29370326683992626,0.024044942267506923,0.177671530303083,0.015371345721644229,0.18129749443844353,0.04947995937409172,0.068536471347036,0.14915329835399135,0.20319187103644726,0.4521154457935751,0.001271184378818955,0.19931482850180657,0.041085260281050695,0.03423027317753301,0.11653744263901832,0.676439577855575,0.1589390627562664,0.04137574331797318,0.5521904277277735,0.12758875502583458,0.21368256976625857,0.01788151894512763,0.2296602113870193,0.6259994219242687,0.26798204771471523,0.5671300576848961,0.3920609619494482,0.4896451747571076,0.014749546063140806,0.34184057392299083,0.04871075008968069,0.16751433269899124,0.7375926318172862,0.6946130098506755,0.26797697556521,0.4926819780256469,0.5794646966860094,0.14093389132427744,0.09488633738113882,0.18223076088846635,0.716642744244632,0.7099859077519721,0.10838085254738637,0.16020140243757633,0.023277173082253258,0.05157920363047865,0.18461184974517028,0.09702811174677652,0.08255844967250259,0.40728815099667404,0.18567301340863446,0.19430956200144148,0.6937663245325579,0.6957475432356891,0.018724583496343716,0.16303094878545807,0.21262767738328636,0.24718690285823136,0.22812046975624414,0.09993231598402576,0.35210275435712324,0.43911222348644136,0.6361412344734827,0.05958546627558409,0.7702146556896278,0.4997948457933408,0.413000188466932,0.3756203992009472,0.6630551526218593,0.14521318256787605,0.1334779956148652,0.4606252474425975,0.24665831055296722,0.43125664841713357,0.2635851397191836,0.11721180603969633,0.07053861573299658,0.38876167872950257,1.0926798814480965,0.044971773992411535,0.23411663551178796,0.004916020557318476,0.21137654256481875,0.30064617234101554,0.4987986012150169,0.8940188213916545,0.641720556283617,0.7360292893466021,0.27891519429770484,0.6159787970685678,0.6748419066325474,0.029774549121416173,0.8278569187434662,0.3304931241050587,0.08015094098018719,0.37500827724848657,0.7502182271758754,0.07540704574209366,0.522158829850701,0.15001069782882653,0.07088669403341918,0.04099635066476749,0.1583050739580504,0.1405089218010421,0.17783335083795224,0.03017853635138737,0.10044990725011481,0.2975476520185164,0.03969856425185011,0.09499456341711966,0.10098676227486238,0.030792401245295597,0.22889864345993263,0.6389647078769184,0.1395283991962703,0.16424133044916894,0.5262680401072708,1.1879718523780327,0.12355400630978056,0.044565788050182784,0.735115681737937,0.08311638623160206,0.5679860282018954,0.3418187889196298,0.07963297245261154,0.2967881322500813,0.22801038871115967,0.004765381541254724,0.23478066442371665,0.11462525023961989,0.04511040002285145,0.007490813018383563,0.7127824462746203,0.07077665660417709,0.3343858522641887,0.3363768253930977,0.12665084194950552,0.4723175731851177,0.02147278598532373,0.15892654002890708,0.1554442599490629,0.3367887720635865,0.09236895871594021,0.18011700071839432,0.08787788920101544,0.09196304170459842,0.35332833797017915,0.1758444389613497,0.43362449019599114,0.1571444910144094,0.12649728647524494,0.7499264669863701,0.17747678274221565,0.02320682099817813,1.0002972914670898,0.15465408416642676,0.3603096117321543,0.09804759424703066,0.16865035066480652,0.26252266594278145,0.05893306207392628,0.07257220598271964,0.16025162583002797,0.07753802471549086,0.016547658750079654,0.17218246468335519,0.023845252390284948,0.10045642502965349,0.44843323136822416,0.5227203289946455,0.14273129035163465,0.4144960922194792,0.307763220778342,0.26751532751541474,0.3892383794107623,0.6047677382675871,0.32146034568408666,0.13341437616730828,0.06448472699529795,0.035471428183782884,0.44002114583345076,0.11593447967010316,0.08679472907515987,0.4868124685900035,0.4153425663629409,0.1370554115180013,0.2941811516827422
KO_157,0.2028368453763858,0.2509836931996452,0.3685388479812515,0.23051101486471812,0.09791635482610236,0.20810029948986344,0.05892819649250324,0.16454974084022278,0.20240130452592206,0.09325573724310135,0.0964575644041949,0.6489108042661169,0.02688417400621362,0.29364491412177346,0.02404321806173255,0.17760363257881978,0.015381915954068069,0.18127771067376902,0.04950547945169139,0.06860178935511549,0.14914506979964193,0.20320370228892323,0.4520356455891634,0.0012740458531768457,0.1992998175622776,0.041069193548052184,0.03422979722151704,0.11657108073516657,0.6762586932687954,0.1589125929032721,0.0413872910511582,0.5521490452083018,0.12759957340885542,0.213631128027402,0.017884769969575325,0.2295986138722601,0.62607150356804,0.2678610233513158,0.5670292297310535,0.39201597957024154,0.48966446327470553,0.01475546021812128,0.3418557836790374,0.048729829876401114,0.16750805861287993,0.737622427298323,0.6946354335904775,0.268032224791416,0.4926909686647098,0.5794225115101465,0.1409035762962118,0.09489256453308072,0.18228382912969335,0.7164753268998111,0.7098877829602336,0.10837243615214025,0.16028391867037164,0.02328255308010503,0.05159724520756691,0.18451616829491052,0.09702978844495226,0.08257072772012991,0.40714718015005186,0.18570258837216916,0.19435167794980931,0.6939646404555342,0.695777825231286,0.018741638890635393,0.16300989123921467,0.21261437109597958,0.2471619033697313,0.2281407775190571,0.09992653479335772,0.35222154247994264,0.43908541208009616,0.6362139014153524,0.059595172300717994,0.7701193594167745,0.4996327563920165,0.4128995332718372,0.37564445748671854,0.6629936962745447,0.1452395770404617,0.13341811401977124,0.46064358885316886,0.24664373651073798,0.43109696184381596,0.2635913825538145,0.11723352584062773,0.07053730614832418,0.3888128291066238,1.0925233638063938,0.044981726997458,0.2341679505766106,0.004921131718679484,0.2113999310978906,0.300615399010764,0.4986751321522179,0.8939220232663097,0.6416864284963727,0.7359601730909819,0.278925840108411,0.6159027363188871,0.67480741710016,0.029771689732553175,0.8278657220073415,0.33045213421481556,0.08014249189612496,0.3749236304807058,0.7501245567510789,0.07542848001105334,0.5222572526658551,0.1500526705934712,0.07090668422824002,0.040993960804579115,0.15827874383410617,0.14051381660877402,0.17785549700151673,0.03019634701515835,0.10043319383247827,0.29757393632743584,0.039681739718112084,0.09499035158168811,0.10095987374104819,0.030799793993200965,0.22890128873789511,0.6391033795161893,0.13955842928850754,0.16428590772042692,0.5262625321927642,1.1880541219341527,0.12357309031265307,0.04456037252119407,0.7349865613937543,0.08313454646116397,0.5679064909577115,0.3417962368828093,0.07963082239547571,0.29680653209493485,0.22802230750933772,0.004765844888022684,0.23474863847371877,0.1147086992840559,0.04511619134623527,0.00748983646624425,0.7126934294124184,0.07078304179815148,0.3343026327796108,0.33640620619005906,0.12668769563292487,0.4722479462782316,0.021465267873675645,0.15894631434707596,0.1554422493045541,0.33684887805541985,0.09238971485989173,0.18010385546050928,0.08789060263073396,0.09194635143891265,0.3533401269120211,0.17588782486354596,0.4336208135787312,0.15714986382972446,0.1264854438148572,0.7498516664575151,0.1774773477127107,0.023200109165433674,1.0002689861875762,0.15468875021569625,0.3602359319508989,0.0980484257832226,0.1686507714973048,0.2625042689381765,0.05893046565920369,0.07257138463946687,0.1602478578356811,0.0775400350968476,0.01655471866526393,0.17218377833283863,0.02384802400184661,0.10047109959424287,0.44847308727461926,0.5226437964600207,0.14275874602171287,0.4143881227824328,0.307826320405082,0.2675805464591111,0.38925626447435,0.6047177102888636,0.321497880933318,0.13341530054499298,0.0644897311786779,0.035461980902755263,0.4399844064112069,0.11596281900350079,0.08679912143109372,0.4868442959179454,0.4153523440142921,0.13704399847377868,0.29416409356446654
KO_158,0.2028819756232295,0.2508978364800981,0.36861683282861557,0.2305532014685812,0.09790963477592607,0.20800531226264785,0.05889260715735795,0.16456008217395304,0.2024012278010861,0.09325527523561093,0.09644435639072417,0.6489894758964575,0.026881391169265263,0.2936399982838108,0.02403855899777351,0.17764142651576684,0.01537285657349993,0.18127602004087187,0.04948059175475467,0.06855590427677863,0.1491410726371895,0.20321202575773142,0.45208890087406656,0.001273445977237568,0.1993037778765116,0.04107469994256206,0.03423173918300193,0.1165423508681715,0.6763387971713491,0.1589068330768556,0.041382246061043744,0.552173428057886,0.12758983151264428,0.21367291344538578,0.01788834746146199,0.22962830137128146,0.6260421461670023,0.26792080556857095,0.5670434092782385,0.39203144541757484,0.4896727991069588,0.014753280510342678,0.3418300377190633,0.048722269478718896,0.16748674094978055,0.73760280538913,0.6946132496314706,0.26801632016692556,0.49265277248958156,0.5794530477370865,0.14091865770605794,0.0949031184963143,0.18225242799709998,0.7165641211170855,0.7099029036224603,0.10838739483662764,0.1602574088804929,0.023273302711869472,0.0515991056644576,0.18455259754551032,0.09703096888439573,0.08258493250196766,0.407227134226734,0.18567785711332493,0.19433887358592272,0.6938283445574436,0.6957679827198873,0.01872490479680312,0.16301424970771383,0.21262726235260082,0.24714237308222306,0.22813622448720017,0.0999350449987624,0.3521456727244594,0.4391123517869204,0.6361974267850029,0.05959298389837613,0.7701001742714123,0.49976496571299617,0.41297323130410785,0.375617155221907,0.6629998477785318,0.14523603971643886,0.13347064995847444,0.460700044202354,0.2466448919967663,0.43122612388203047,0.2636011884703012,0.11720162113744689,0.07053223472872287,0.38879168468932995,1.092608468325638,0.04497891327836811,0.23413885690975106,0.004919448147714017,0.2113822742618985,0.30062492539609453,0.4987242484951436,0.8939490640121607,0.6416677189875406,0.7359877760094687,0.2789276101189553,0.6159149237468547,0.6748087420576383,0.029782238724122993,0.8278476122171916,0.33047641831606805,0.08014615456176577,0.374976265413819,0.7501548124794402,0.07542904333248225,0.5221822003148218,0.15004300788926622,0.07089199697466851,0.04099796560819558,0.15827930338983318,0.14051086873065516,0.17783777960904965,0.030183187079968036,0.10044896738637055,0.2975317909178436,0.03968831873638258,0.0949829181882416,0.10099142883215513,0.03079423383467008,0.2289048584917166,0.6390101043338694,0.1395459822454921,0.16425426776951757,0.5262560660871493,1.1880017806728356,0.12357493970794937,0.04456475832936956,0.7350683729956357,0.0831204456492929,0.5679682745172173,0.3418006875101774,0.07963040965533011,0.2968041532884683,0.2280201316315221,0.004760729242411627,0.23480956957766363,0.11465714169076939,0.04511319107330617,0.007486914397051572,0.7127518313702479,0.07077392086552729,0.33436032615777445,0.3364060266949469,0.12666163440709677,0.4722836393459255,0.021473439154061923,0.1589317640479517,0.1554356870724936,0.3368277920512171,0.09236826174413877,0.18012251885618202,0.08786226924376331,0.09195643070354943,0.35333404567906534,0.17587156772002463,0.4336419406193897,0.15714618687815593,0.1264735977928854,0.7498810726527143,0.177466319530725,0.02320920928754576,1.0003062155570768,0.15467488152302333,0.360267779502703,0.09804324368437153,0.16865777777940247,0.26250063091420817,0.05892504063791876,0.07257265146652171,0.16025195141015464,0.07753364052631107,0.01654841647853028,0.1721924456189946,0.023843169129235006,0.1004727896391881,0.44846094452687385,0.5226868670935962,0.14276069669576233,0.41441103620934716,0.3077963062337142,0.26750646347732515,0.3892761777944789,0.6046840384334048,0.3214324256627464,0.13342281800797015,0.0644823525980155,0.035470163134641394,0.44000250318867956,0.11595368393799954,0.08679524137459549,0.4867938796045813,0.4153675234114117,0.1370703285419036,0.2941360162500646
KO_159,0.2028871144239644,0.25092843034678286,0.3686172120442318,0.2305326540954276,0.09790165666678818,0.20804628355672958,0.05889847652609492,0.1645680446576223,0.20240039463515597,0.09326716278297056,0.09643658724429825,0.6489751413595067,0.026883493637522113,0.2936794438775367,0.024043514165903782,0.17765079260734273,0.015380962644700786,0.1812889259701577,0.049493266819618534,0.06856370867136183,0.14915518320839807,0.20319659520981895,0.45209462691157765,0.0012723704883818583,0.19929615639053702,0.04107204960809621,0.03423659020987211,0.11652193635626715,0.6763347182006,0.15892338476599144,0.041385729680773704,0.5521869443091849,0.12759606372936766,0.2136714093808176,0.01788694074865731,0.22960364444187625,0.6260738072369384,0.26792515454327454,0.5670440483541815,0.3920497764448929,0.4896805698630036,0.014750897307500201,0.3418569007510579,0.04872270456684598,0.16751027941054483,0.737610379207193,0.694649183400991,0.2680145422863146,0.49271999315640314,0.5794995195770574,0.14093926136163082,0.09490091328303873,0.1822543251803125,0.7165486889322302,0.7098869339034553,0.10837481855996178,0.1602805274636427,0.023268163406398056,0.05159367274011128,0.1845825835669198,0.09702774278902536,0.08257680833912093,0.40727159949961855,0.18569517589073242,0.19433189966773579,0.6939303044853027,0.6957556502220367,0.01873246763793604,0.16302703251376974,0.21261180691133083,0.24713988321699187,0.22812382303904385,0.09993937060782218,0.3521274388537074,0.4391078039625474,0.6361794880061726,0.05959876706174191,0.7701482614486821,0.49974994017218605,0.4129818029395889,0.37560033026127915,0.6630203447690298,0.14522873961981855,0.13343819838500456,0.4606553446647553,0.24665092974025882,0.431168754296802,0.2635748642790648,0.11720892232762188,0.07053685507245286,0.3887914721234089,1.0925331239571583,0.04497657805723997,0.23412066470793422,0.004920244264659875,0.21138555688075383,0.30064409465484904,0.4987829612166774,0.8940066973893258,0.6416965462946045,0.7359931478783817,0.2789281863740576,0.615910308560158,0.6748403316412972,0.029786107273962158,0.8278585029996582,0.33046303046541486,0.08014891712705895,0.37498650809596595,0.750196027785358,0.07541616522129381,0.5222337884556322,0.15000503016168923,0.07090360573127902,0.040992192987340394,0.15827434243181968,0.14049637576355753,0.17785209020762027,0.030189356134183665,0.10044205069711878,0.2975620608310161,0.03968415611057513,0.09497811856473093,0.10098647519469106,0.03079751204304547,0.22890327022938398,0.6390292263842519,0.13953586543210506,0.16426339338760254,0.5262591371369133,1.187957743660122,0.12356144483930841,0.0445599022045224,0.7350458986360301,0.08311739195177267,0.5679751971850373,0.341825740406857,0.07962903722891208,0.29678561407223975,0.2280049936470237,0.00476610920465382,0.23479660963054694,0.1146638002765208,0.04510691384804311,0.007491160956899035,0.7127497001368368,0.0707782311086999,0.334346049478662,0.33637780397605715,0.12667712876073886,0.47223777542893375,0.02146682953285979,0.15894597872229682,0.15543100840453178,0.33680244033120804,0.09237943655983297,0.18012859699837672,0.08787464270083384,0.09196143631942838,0.35335841658774514,0.17585802564252095,0.4336394097398605,0.15714028631423185,0.12650209252637074,0.749905469591453,0.17747129079053162,0.02320805463448205,1.000297316104989,0.15468149904258022,0.3602711587605504,0.09805359653540932,0.16864663086695858,0.26251312840483615,0.05893356847045232,0.0725768361420581,0.1602572699441737,0.07754916175756983,0.016546459900828692,0.17218658720250005,0.023851123812545193,0.10047095637281844,0.44841546398843213,0.5226830482999532,0.14275845996920464,0.4144096571347417,0.30778902180904355,0.2675288295276222,0.3892515154123462,0.6046770458825905,0.32147468894984654,0.13339334771236752,0.06447849108064448,0.035466236994870455,0.4399973510933885,0.11596452533584782,0.0867962951815456,0.48684075755810213,0.41532306479421854,0.13705667021628304,0.2941605480539599
KO_160,0.2028545716816639,0.25093374607515084,0.368573201332325,0.23054731770865347,0.09791088354787966,0.20806811349244336,0.0589130694074767,0.1645590666482448,0.20240775938654915,0.09327369152525032,0.09645388408040655,0.6489628867690806,0.026887470262157827,0.29364137633491344,0.024040976296112355,0.17764158872733146,0.015378297838187423,0.1812934311017762,0.04949285130150643,0.06856725882696198,0.1491290324722905,0.20320571458708644,0.45209190548233225,0.0012732020002593247,0.19930688149597509,0.04108118086440352,0.03423483968932233,0.11654387789447554,0.6763014059529018,0.15890759929751577,0.04139569718146967,0.5521685413862798,0.12759724721583734,0.21364597320500225,0.017889887410568996,0.22961712183532715,0.6260590802845825,0.26787551065780013,0.5670471254672095,0.39203078980720074,0.4896567883749307,0.01474613995556882,0.341866970101415,0.048718231807985284,0.1675276649216,0.7376265819337158,0.6946577071012667,0.2680034300537774,0.49269194264135174,0.5794803591920228,0.14091140678482308,0.09490141602628374,0.18228316995966606,0.7165200559239261,0.7099024488920026,0.10837064395395109,0.16028921651988315,0.023278140160230526,0.051609267737905584,0.18453844180381002,0.09702582203439993,0.08258743848286937,0.40721368450239015,0.1857236503292818,0.19432355604258314,0.6938671934118447,0.6957202756095355,0.018733525498051944,0.16300750797295155,0.2126167156086123,0.24712931573043823,0.22815059593768133,0.09992419355278304,0.352198296589787,0.43912505186299555,0.6361659580228534,0.0595975392221643,0.770124239642887,0.49969112890765177,0.4129563432884809,0.3756343082715662,0.6630090390587992,0.14524573278391273,0.1334487595772008,0.46063313317921917,0.24663915537851033,0.4311626346052804,0.26360647265184656,0.11721547297197481,0.07053435931656761,0.38879193168943393,1.0925470719901988,0.04497567767516391,0.2341400339503257,0.004919077943552233,0.2114011373310263,0.3006211276786879,0.4987265186724039,0.8939327316821306,0.6417088991509843,0.7359351466847268,0.2789147210176569,0.6158895304603609,0.6747849558930458,0.029784266020928478,0.8278464433902681,0.33046483952081446,0.08014922564824317,0.37496291226544365,0.7501483548010146,0.07541902728259943,0.5222250985624288,0.15003149634170354,0.07090483931395965,0.040998237791936766,0.15828028436845953,0.14051611814352483,0.1778580911516066,0.030191088946479264,0.10044542225204647,0.297513851263311,0.039688595373058355,0.09498733373690421,0.10097325997408048,0.030790376224463664,0.22885968977512355,0.6390260760346561,0.13953166571990228,0.16427749149545398,0.5262721853334503,1.1879836049106187,0.12357768426523222,0.04455403150453819,0.735035455570401,0.08312281111573463,0.5679596887476659,0.34185258554484166,0.07963414058717805,0.2968232882869168,0.2280048736982789,0.004763307423564965,0.23477063293100842,0.11468188624256954,0.045112106842168494,0.007487882086019823,0.7127825563114656,0.07078081077330836,0.3343094183101502,0.33641164258683115,0.12667821628007683,0.47221884405763986,0.02146768855251428,0.15893986759803805,0.15542828519541124,0.3368301740572017,0.09237537418592719,0.1801027584661057,0.08787285758183183,0.09195641420518749,0.353375608982846,0.1758797409953044,0.4336382397764373,0.11977749010244562,0.12650184578188992,0.7499486226566839,0.17748937807235618,0.023206631450700795,1.0002357693612705,0.15467317851542994,0.36029220440318777,0.09802845645731044,0.1686480995210267,0.26250197622727317,0.058928928838366416,0.07256397327335859,0.16024265059719395,0.07754843038661209,0.0165517217606298,0.1721842836639367,0.023847169472780125,0.1004638108764455,0.44843772742117516,0.5226469140131936,0.14273376414456693,0.4143968166444499,0.3078059477840357,0.2675336732647808,0.38924420896624223,0.604729406154987,0.32146686293502474,0.13340513315671135,0.06449616000390376,0.03546029516342429,0.4400387190696836,0.11596309130448079,0.08679093721319227,0.4868125810706619,0.41533810594618503,0.13705205898128062,0.2941693946563477
KO_161,0.20291888119694107,0.2508693208359853,0.3686548516998609,0.23059880170887703,0.09791682865129303,0.20800332852720776,0.05888702119678379,0.16458629681952772,0.2023976041915555,0.0932626666556845,0.09642144966046567,0.649011085935211,0.02688135663168851,0.2936622233933664,0.024040837871737962,0.17768245918373018,0.01537912258450466,0.18128671682038133,0.04948734254420364,0.0685442458989104,0.14915847367963286,0.20318356990091352,0.45212384274451006,0.00127202504372208,0.19931135795705154,0.041085545398434196,0.034220663188799745,0.11651614055077773,0.6763921486484373,0.15892323164663258,0.041381311139079065,0.552218078189692,0.12759441461101712,0.21369241014013984,0.017891613301407462,0.229635826444187,0.6260387518353978,0.26797803072179993,0.5670877871525433,0.392039600703484,0.489661654789532,0.01474801849841393,0.34185747828240326,0.04871198360103867,0.16750636612553813,0.737530591878148,0.6946288631965852,0.2679935179668202,0.49272452452121446,0.5794840688918144,0.14092561042130664,0.09489721686806932,0.18223672805187047,0.716661726631658,0.7100257691299702,0.10838623370905048,0.16024775992413365,0.023272808187192733,0.05157326045994919,0.18460794871801764,0.09701516922490393,0.08257623434184697,0.40722922604132195,0.1856823988450697,0.19431409155800553,0.6937794457138834,0.6957806803450841,0.018724812566460792,0.16302927257865865,0.21263304925502338,0.24717356657371156,0.22811391713219636,0.09995212717658288,0.35207880024744154,0.43910545741004736,0.6361492053153169,0.05959693668101237,0.7702005129112598,0.4997839807463388,0.4130041824521221,0.37564028055503623,0.663054086655759,0.14521255974424854,0.13347858790090517,0.46065236285971106,0.24666469017577508,0.4312259522444306,0.2635618034696759,0.11717150365715495,0.07055178706679306,0.3887789902540415,1.0926546308235237,0.044976764238559994,0.23413198198424215,0.0049212152692688724,0.21138764954152,0.30063104904029486,0.4988192638248224,0.8939361115815173,0.6417098261582023,0.7359201034733759,0.27894674872731756,0.6158823184447721,0.6748096757699518,0.029781431777177937,0.8278394628521722,0.3304770346464631,0.08014823675521678,0.37501064438912796,0.7501581791094933,0.07540813441022312,0.5221952324132795,0.15001171908864624,0.07089634429974642,0.0409962143218511,0.15829186049747115,0.14049713000566802,0.17785038685394572,0.030176323783822994,0.10045736273615222,0.2975535795615276,0.0396891205724263,0.09498012213376726,0.10098039460242193,0.030785467741990577,0.22888105562218322,0.6389757420362504,0.13953941755602953,0.16423907555396358,0.5262485304402401,1.1879141983499906,0.12358754889692974,0.04456091938882701,0.7351068921785392,0.08312037827025943,0.5679795518185512,0.3418097932019129,0.07964185991970063,0.296818812164297,0.22801741130979267,0.004764182851343559,0.23478240401334496,0.11463274454079429,0.045104164745430476,0.007488455820052035,0.7127862274018074,0.0707777385273842,0.3343994957914271,0.33636048962334697,0.1266513714043594,0.4723049885262803,0.021472969675575174,0.15892537506388132,0.15545000989565805,0.33679973129464447,0.09236016090458249,0.1801332461590839,0.08788177095222219,0.09196739634000657,0.35334257725941504,0.17586205841015634,0.4336667500644811,0.15713918434884197,0.126492434497132,0.7499030187633979,0.1774625976308207,0.02320623958633997,1.0003183908133808,0.15465995587031253,0.36027866958539,0.09806549818569991,0.16865597249089787,0.26252743362499725,0.058926079360484836,0.07257415754187294,0.1602468306041579,0.07753561775288541,0.016548255031531144,0.1722045743276679,0.02384616918100736,0.1004679282159292,0.44843216726832463,0.5227079900555733,0.14277295738308846,0.4144249505368151,0.30777946357656416,0.26751196402289223,0.3892603290033191,0.6047421948542286,0.3214526736909665,0.13340592539048063,0.06448331671764183,0.03546940006718835,0.44005498517087555,0.11595903311847437,0.08679249633929463,0.48682876683381104,0.415352842152143,0.13706964793210255,0.2941520473448252
KO_162,0.2029081326504159,0.2508874635138721,0.36866385598891316,0.23060061372776205,0.09791140666735948,0.20800782411920338,0.058876454388630525,0.1645833003705853,0.2024148550844746,0.0932539173473875,0.09640743728607241,0.6490429663087764,0.02687606674337777,0.2936608426898155,0.02403677075687503,0.17768268716711882,0.015372178860598362,0.181283104569388,0.049494502589208796,0.06854771628561775,0.14917016328797467,0.20322392153168226,0.4521567471294233,0.0012751653100756878,0.19931124994496205,0.04106517390898979,0.034227574302025096,0.11652309322940294,0.6763845750497042,0.15893338744031027,0.041375853756115924,0.5522174329473394,0.12760688130372588,0.21372053597989066,0.017882103183005267,0.22965790224545488,0.6260768316079983,0.2679655997491876,0.5670997657466351,0.39204125733676026,0.48966780966966866,0.014743055468608778,0.34185857830985084,0.0487124179872176,0.16749475591767193,0.7375859877209289,0.6946696868679512,0.2679937569252881,0.492711416563453,0.579476666412743,0.14092162574438313,0.09491067660414815,0.18224645526489042,0.7166373086234763,0.7100035775434813,0.10838094349592407,0.16023408053295612,0.02327020026490253,0.05157708231043778,0.18459550605794478,0.09702787153299626,0.08257234950878314,0.4072213394504507,0.18569130744466808,0.1943330020278481,0.6937934017245897,0.6958269271441945,0.0187335488305497,0.1630059291849259,0.21262459313744694,0.247173398458716,0.2280915119489622,0.09993230409270593,0.35207637051952406,0.43912383009062905,0.6361770147812214,0.05961267357383237,0.7702017810204878,0.49978378860182643,0.41299631306509643,0.37561911035650886,0.6629971188395443,0.14523406305701742,0.1334779951372021,0.460614339983142,0.24666275086638653,0.4312716944087301,0.263620488453362,0.11717439804281661,0.07054185241866494,0.38877193209186994,1.092578660592106,0.04498082503289389,0.23413399350771558,0.0049197395374087904,0.2113861667933699,0.30065764410359475,0.498827463873759,0.8939615014799898,0.6417302834260222,0.7360042298792957,0.2788924287428587,0.6159479911174898,0.6748296678407815,0.029779854122342325,0.8278615444765751,0.33048449001862296,0.08015383175379896,0.37501844059923445,0.75018336465282,0.07541614914086378,0.5221345800632294,0.15002260907979817,0.07090217217037537,0.04099608857286441,0.15830436014839067,0.14051651555369588,0.17783103658260616,0.03017589752403487,0.10045749547216179,0.29756370051242687,0.039682616647866056,0.09498413052633002,0.1009838437690397,0.03078741985334456,0.2289046744552795,0.6390019662437822,0.13951941264418674,0.16423520557979882,0.5262270781663101,1.1879493526909368,0.12358643406422551,0.04455598753222809,0.7351230395182392,0.083107350053107,0.5679936192233249,0.341838292847427,0.07963635572604166,0.29680196571393336,0.22801544254426145,0.004762881846347092,0.2348220621456361,0.11463972590473454,0.04511481565337154,0.007487781567573371,0.7127822961879756,0.07078071634661894,0.33439153632093616,0.3363888058806099,0.12665252249395842,0.47230195928454166,0.021472982066012246,0.15889467472712998,0.15542636795189002,0.3367685926123119,0.09237348725027542,0.18012344656002974,0.0878708941985908,0.0919623655713016,0.3533455907961286,0.17583558969552412,0.4336362643742459,0.1571444084321689,0.12646890895896307,0.7498986066616973,0.17747309219282156,0.023209800778496555,1.0003034140110978,0.15466985689424614,0.36030257103295427,0.09805436019511075,0.16867608824200098,0.2625279625345979,0.05892562564770278,0.07257045476016293,0.16025971240592762,0.07753225812669497,0.016545251450368538,0.17218713094431928,0.023841221228987925,0.10046982250131106,0.44843352982006396,0.522759391067908,0.14274319768561758,0.41445541419747456,0.30777309551034404,0.2675102825014217,0.38926056576493245,0.6047066948160473,0.3214790983195437,0.13339796795699302,0.06447186161024751,0.035476695247263546,0.4400419799117288,0.11594895130475677,0.08678300477746716,0.4868703124420753,0.4153293578899413,0.13705054168908123,0.29417350718574814
KO_163,0.20286794081153617,0.2509514981943569,0.3685895855994938,0.2305430204539032,0.09792899585552595,0.2080744619285049,0.058903864323821054,0.1645641679826219,0.20239303603007677,0.09326833069931398,0.09645646286160903,0.6489360517466521,0.02687226239603706,0.29365539531721596,0.02403475837073047,0.1776352872120935,0.015376565847725905,0.18126970722341595,0.04948018688121137,0.06859103444843805,0.14913594283096082,0.2032276534452508,0.45208033611159215,0.0012727266810983275,0.19928919362331624,0.04107204007894582,0.03423142449645063,0.1165425662737943,0.6762805903695004,0.15892479121606856,0.04138444655233514,0.5522041687589816,0.12760452216131826,0.21363924734650422,0.017884286790531032,0.2296196516040011,0.6260440257855976,0.26789541376836845,0.5670173276120597,0.39205758726831064,0.4896479282635421,0.014744419790112814,0.34185268775725514,0.048722250729037554,0.16749709206754762,0.7375968361082057,0.694601000718697,0.26803702879921737,0.49269128471429735,0.5794713137132445,0.14089705938847483,0.09489985066634643,0.18224844179644487,0.7165112172181443,0.709912353836035,0.10837716363075875,0.16027444763548065,0.023269688150691477,0.051588926558608764,0.18453819387948206,0.09702816621045811,0.08257719076930026,0.40720045980391095,0.18569600064340064,0.1943454953461053,0.6938795835497692,0.6957891355501608,0.018725933339322782,0.1630117958430552,0.21262841856253464,0.24715889850191225,0.22813617807321596,0.09992538602808189,0.35217578286922063,0.4391036651046783,0.6362214494217833,0.059595470920492936,0.7701454780278892,0.49974559931157503,0.41296655663292264,0.3756525723209436,0.6629958834414718,0.1452362383420242,0.13343652359462752,0.4606746523245758,0.24664737629823044,0.431165565041781,0.26358330716698064,0.11721370819039566,0.07054245653158236,0.3888420726854512,1.0925484775073224,0.04496956883474967,0.23413000444750404,0.004921467642130913,0.2113932726134159,0.3006269958845938,0.49871085223047357,0.8939175439229197,0.6416930932163601,0.735971355400435,0.2789131448672587,0.6159131034674715,0.6748493228895742,0.02978163290820815,0.8278667576834448,0.3304928517897515,0.08014455733381298,0.3749597001423387,0.7501971539165765,0.07542354690086643,0.5221960713707886,0.15000379245691697,0.07089788145523963,0.041000686063996726,0.15827992541083183,0.14051804227348652,0.17785861561391297,0.030181197093044843,0.10042896343044246,0.29758146610911573,0.03969126296710425,0.09498925800172862,0.1009658180374386,0.030792931262105343,0.22890655385406175,0.6389796707828306,0.1395389992445203,0.16425336194435292,0.5262997336845489,1.1880298783776424,0.12356917906530226,0.044564761131478385,0.7350256713702142,0.08311207714055814,0.5679745929630969,0.3418056485021323,0.07963561992122987,0.29679495780358844,0.2280016224922392,0.004765581841312285,0.23475838677906552,0.11467029679025477,0.04510102425511963,0.007487921054464714,0.7127826819216239,0.07077766531230835,0.33434168358053673,0.3363938898895312,0.12667043380943546,0.47226308337902,0.021470423248423857,0.15892377987816586,0.1554411990633959,0.33687104315747046,0.09237580427977932,0.18012067521919192,0.08787433246838205,0.09196984609922733,0.3533425357494693,0.17589172216890828,0.4336199806933494,0.15715153698327625,0.12648581530446257,0.7498846898409312,0.17746931651024445,0.023213480133525075,1.0002710576323706,0.15469524303997625,0.360263907060718,0.09804081797929631,0.16865740600469606,0.26250883603612396,0.05893715028747123,0.07257242009858164,0.1602643547221307,0.07753504044356525,0.016553870963859657,0.17218768652221614,0.023846799253112352,0.10048400722288572,0.44845464633662996,0.5226616299304114,0.1427487861883339,0.41438019122355674,0.3077956822184427,0.2675396064679276,0.38924831832102563,0.6047365565379537,0.32146967899495626,0.13339949239758073,0.06447294420423814,0.03546683333379444,0.43999098730658076,0.11596207515141228,0.0868007523559554,0.48682476408904024,0.41533323479978734,0.13704949354632054,0.2941482317446975
KO_164,0.20285083954329738,0.2509670055745587,0.36856914785403,0.23053726206037226,0.09792619762577119,0.20809358136970885,0.05891308299092574,0.1645691523349441,0.20239661637493678,0.09326460594064599,0.09645314827444813,0.6489395492420305,0.026880411592455716,0.2936545141008831,0.024040986752448423,0.17761473007024237,0.015378117220002865,0.18129783800474988,0.049488237854673656,0.068581576445337,0.14915575658171848,0.2032255597030442,0.45209814179633995,0.001275371015187956,0.19929567104084783,0.04106804686232802,0.034221557799198735,0.11653408161894672,0.6762344805995542,0.15892478184855674,0.041390814935225874,0.5521611054555289,0.12758962703201665,0.2136363361350546,0.017880746400831142,0.22960096584937248,0.6260810589093684,0.2678892955194768,0.5669667266119769,0.3919977144212573,0.48965889916225824,0.014752779310319845,0.34183253336613717,0.048724547725805714,0.1674928460550602,0.737592555961741,0.6945990267492712,0.26801378493801964,0.49271835709829054,0.5794483086237109,0.14093020298421288,0.09488483005685402,0.18225752668365644,0.7165357034615936,0.709847578984661,0.10837583810796987,0.16028865535668432,0.0232764685063481,0.05158419680947335,0.1845709672809512,0.09702353609110975,0.08258135120533545,0.40718772055825864,0.18569221455909463,0.19436346319365708,0.6938716965802665,0.6957413357595147,0.018735696074227492,0.16299865236968158,0.21261899672373252,0.24712161996919313,0.228153809789006,0.09991582973433887,0.3521938699103185,0.4391353607007268,0.6361791721903411,0.05960245715123228,0.7701902062924457,0.49973162553483064,0.41296499671916,0.37564233002864317,0.6630320811891505,0.1452501079646415,0.13345522997529052,0.4606405136399305,0.24665851843327807,0.4311516136416969,0.2635773059763101,0.11723103965090213,0.07053550724322384,0.38881386554244196,1.092505199704516,0.04497139555094412,0.23415059819091652,0.004921780417617932,0.2114117318047052,0.30063480268832704,0.4987585220502154,0.8939565790192616,0.641739822179003,0.7359586329351083,0.27891941245179686,0.6159626367608917,0.6748169070605375,0.029778099031091923,0.8278197207778586,0.3304577055552131,0.08014500371958135,0.37493941482243054,0.7501522914896682,0.0754194952096116,0.522240472480137,0.1500313934664988,0.07088794795112884,0.040993578776372,0.15827545649942856,0.14049634976064707,0.17783518297213632,0.030185564573564045,0.10044299837205045,0.2975747837856983,0.03968065171243956,0.09498641567173721,0.1009733993480848,0.03079680483641777,0.22890353858940674,0.6389863968358881,0.1395383868006584,0.1642855781011025,0.5262983423598173,1.1879328809923988,0.12356624133320848,0.04455857274326746,0.7350340068410172,0.08313271294721652,0.5679618666558893,0.34182165498087935,0.07963215809309784,0.29679491152794735,0.22799772000015345,0.004764904415790563,0.23479626113839636,0.11467652594460742,0.045106785355059915,0.007492618121425546,0.7127440279227495,0.07078224519845915,0.3343473243498691,0.3363862081350169,0.1266654132274096,0.4722556608922392,0.021462997857207636,0.15895402286052218,0.15543433994017047,0.3368378041000692,0.09237201316770784,0.18011247225681298,0.08787796966742714,0.0919703845698403,0.35334895016343193,0.1758894545619453,0.4335884789682331,0.15714055149516684,0.12649742544720585,0.7498817394017833,0.17748275946979242,0.023208197902515236,1.0003088622983012,0.15467098547581834,0.36024579834270404,0.0980421742045154,0.16865994525929165,0.2625080577825072,0.05892956369379459,0.07257230314618915,0.1602428827938176,0.07754065949780613,0.016555383155785638,0.17219800217162082,0.023852855890968524,0.1004867719052635,0.4484541018202186,0.5226827829754505,0.14274794703631855,0.41439656334959685,0.3078179651476404,0.2675549004659651,0.38927121738397624,0.6047320142304541,0.3214668165728318,0.13341662886698763,0.06449317192903388,0.035458587404760274,0.439990908258019,0.11594952335792538,0.0867923706232713,0.4868334506956196,0.4153344020008863,0.13705014969359242,0.29417372746251297
KO_165,0.2028251045220499,0.25099778462982686,0.36850794818210236,0.23051745144765035,0.09792358963578567,0.208098016507949,0.05892083250125749,0.16451342789341938,0.20239296175667493,0.09326033262769212,0.09648031212034748,0.6488953771352609,0.026883880441163466,0.2936036098920149,0.024045668642414066,0.17760335493186427,0.015384923404783953,0.1812711944832223,0.04949693097202039,0.06860572216800423,0.14911661337174217,0.203206463394407,0.4520305580513825,0.0012742024409211918,0.199300238324772,0.041077939404573514,0.03422581125444591,0.11657980169408828,0.676215727408304,0.1588982391524742,0.041389948826407875,0.5521912224444117,0.1275964034991697,0.21361718835084878,0.017882438646499257,0.22957323645239394,0.6260303054144869,0.2678345653279891,0.5669902635195729,0.39203232353935674,0.48968025773080653,0.014750170383671733,0.3418519877147717,0.048724700170529246,0.16752044047142198,0.737613902475238,0.6946022387721252,0.2680241010769714,0.4926708480090127,0.5794547263895634,0.14090742997681296,0.09488445135481902,0.18228103447258628,0.7164259512013263,0.7098864223655695,0.1083732995903387,0.16029845877400084,0.023274942342759085,0.05160513096034623,0.18451842341217137,0.0970249698819222,0.08256831612397139,0.4072097201965932,0.18572673170755266,0.19436380388058386,0.6939247203289648,0.6957293243787439,0.018730611205770693,0.16299076921794053,0.21262502746029116,0.2471246709389388,0.22816062426011854,0.09989806030086469,0.35224365221331233,0.4391032122755797,0.6361954026940203,0.05960723900031947,0.7701075446090219,0.49964011438948913,0.4129400128581628,0.37564419631098356,0.6629722906491566,0.14523673196757414,0.13341261443314636,0.46063692046530186,0.24660615740468522,0.4310641341892993,0.26358522938396006,0.11722442919013483,0.07054962003899456,0.3888060648518791,1.092522243035468,0.04498015091800366,0.23413107713209164,0.004922798943379157,0.21139823142216546,0.30063198832254295,0.4986275136688487,0.8939413771730749,0.6416715516935427,0.7359575100371212,0.27890025408516383,0.6158958907085301,0.6748432738567876,0.029770197601283962,0.8278408401399806,0.3304680754446971,0.08013024587876892,0.37494313384613354,0.750139590214304,0.0754285605225261,0.5222809865015574,0.15005391916244187,0.07090884859144651,0.04099335847141782,0.158254736990651,0.1404998098512599,0.1778395179521364,0.030199557936016433,0.10042878287267584,0.2975784667910875,0.039684577953231916,0.09499732507299599,0.10097337876960781,0.0307998362883516,0.2288806033950907,0.6391373357561644,0.13952019321449172,0.16428555742907347,0.5262567649572824,1.1880027232048915,0.1235623346450654,0.04456084309649456,0.7350242614535613,0.08312194639972902,0.5679333645763178,0.341792915866672,0.07963685489076607,0.29676706604572345,0.22798107677607535,0.004765379471566722,0.23475861458553504,0.11470937242540144,0.04511780377410987,0.007489513315883063,0.7127262220309665,0.07078049173449458,0.3342793692321896,0.3363967373159035,0.1266962796364758,0.47222960714026263,0.021468713758069708,0.15896180925830844,0.1554452868644999,0.33683523041333924,0.09237766855697434,0.18010077653574788,0.08788382675736885,0.09195049269293323,0.35334598324885974,0.17592334652267666,0.4336457059832336,0.15716200912787817,0.12650681681223647,0.7498857783312579,0.1774834886776468,0.023211269200485118,1.0002741155866248,0.1546788049268087,0.36024159031434216,0.09804489217730783,0.1686373988997111,0.2624844808323315,0.05894010224420656,0.07255881464628984,0.1602544126107468,0.0775542626381528,0.016548953020700113,0.17218212965346846,0.0238452664790047,0.10048979207372312,0.448426077849461,0.5226721786018667,0.1427585655128935,0.41434044615227256,0.3078184608035923,0.26753956767887954,0.38926691232034705,0.6047282635453233,0.3214828326049556,0.13342104267337018,0.0645009217182372,0.03545867098049167,0.44002195220555507,0.11595429872362527,0.08679825726350086,0.48680306395061734,0.41532185146560585,0.13706054761868702,0.2941494769991011
KO_166,0.20283385403738877,0.2509736350959686,0.36856885586341204,0.23050544780439433,0.09791870539762969,0.20808900784115464,0.05892277300118962,0.1645634097545175,0.2023930194836929,0.09325684986807452,0.09645639833576972,0.6489537593408433,0.026885075528349,0.29365807085321,0.024046044423105897,0.17759516642220885,0.015381254743231515,0.18127607091196424,0.04949403758277817,0.06858887930469611,0.14912432761009353,0.20319539901755207,0.452034382048856,0.0012725997233147869,0.19928885037675517,0.04107439801364801,0.034228739809759,0.11654154888993112,0.6762738327801292,0.1588916837191838,0.04138138759674071,0.552140534904548,0.12759728981718818,0.2136519388154863,0.017881045113475755,0.22959764129224774,0.6260281366963149,0.2678616175940972,0.5670150737615138,0.39202725575719183,0.48966399578536624,0.01474980587068923,0.3418318348841102,0.04873105355370929,0.16752180452467494,0.7376178090011835,0.6946039709736896,0.2680115046781951,0.49269827681904244,0.5794586236632057,0.14091542512025856,0.09487449833587402,0.18228035892136848,0.7165195735813638,0.7098792485506209,0.1083711237674214,0.16029233301999635,0.023276449246001158,0.05159673743789811,0.18455570437439572,0.09702090752739542,0.08257466652766444,0.40721452102770833,0.18570833596761854,0.19435456880854549,0.6939116987300048,0.6957582453154454,0.01873421082295744,0.16300390712431398,0.21262758628165948,0.24712939617402616,0.22816937178144842,0.09992380860602097,0.35219878429180257,0.43908939317700235,0.636195279447205,0.05959697608072809,0.7701630329622775,0.4996995260398143,0.41290925111133975,0.3756256218900645,0.6630020663436249,0.14525002197519163,0.13344737948346097,0.460625469680041,0.2466558592898772,0.431147412712227,0.2635767840358705,0.11723117767818089,0.07053730281038939,0.3888091416067743,1.0925939890642928,0.04498579457013691,0.23412282556838068,0.004920988749053602,0.21139951596679937,0.30061900986712203,0.4987071724026518,0.8939213128326087,0.6416543275777429,0.7359483362800617,0.2788882092268853,0.6159378257272872,0.6747866238064149,0.029781582914478834,0.8278603819267968,0.33044988547343446,0.08014641422927682,0.37494351813853194,0.7501469905409484,0.07542614939473036,0.5222338019034687,0.15004576842229259,0.07090294132221003,0.040998911120415295,0.15826051529632099,0.14051875106723585,0.17783963393049604,0.03018350597754132,0.1004259586199975,0.2975481654327075,0.03967805313810366,0.0949886319794657,0.10097809467850444,0.03080479134803779,0.2288979129288846,0.6390516312523934,0.13955428890914287,0.16427526116114455,0.5262495694356424,1.1880443298986263,0.12358245801102447,0.04455327330852714,0.7350245417880175,0.0831331746549635,0.5679512464189254,0.34180496763070306,0.07964192962403258,0.29680378379959327,0.227982397017578,0.004765178347626451,0.23475130552119988,0.11469333080984101,0.045112434097679455,0.0074872967509024575,0.7127759511694116,0.0707788141394968,0.33435144951732304,0.3364017868742687,0.12668433383556305,0.4722580900315013,0.02146638310896934,0.15893652978383724,0.15544221077586157,0.33680596862269474,0.09237420164850117,0.18011704642631896,0.08787643508599036,0.0919614964600431,0.35335316572683906,0.175860337296863,0.4336347273040879,0.15714162217410507,0.12649245549938584,0.7499093122754759,0.17748956848575861,0.023213937756368343,1.000274270632701,0.1546741065646578,0.360244831457046,0.09805431469698772,0.1686441109648201,0.26248736952115537,0.05893757651846338,0.07256091800481276,0.16024234547831645,0.0775345515402417,0.016552792080936043,0.17217315799022564,0.023849803823831006,0.10046315517250756,0.4484218565968903,0.5226744762729196,0.14276089301862396,0.4144190718990657,0.3078081186882347,0.26755627619206374,0.389256960081406,0.6047088193612736,0.32145284501941435,0.13340726952213236,0.06449686356117144,0.035464060626792894,0.4399974408414915,0.11595457486776273,0.08679358246276221,0.4868287319795462,0.4153443956396713,0.13705323900569408,0.2941695919360692
KO_167,0.20285728154154453,0.25094689668468123,0.3685544112904829,0.2305251628319543,0.09790775937553216,0.20806882201178895,0.0589097883318975,0.16455355751032513,0.2023994540192429,0.09325546155450917,0.09645777922829687,0.6489057242512155,0.02687984449415924,0.2936517081540825,0.024052077507045615,0.17762123820389958,0.015381025563775803,0.18126725172663286,0.04949188885387665,0.06857410764464977,0.1491135373442238,0.20318593036894467,0.45205450174269257,0.0012723890882894284,0.1992856493833556,0.04106294859442762,0.03422818780251281,0.11654957986773408,0.6762895311513718,0.15892596017301372,0.04138273297586195,0.5521386357481649,0.12758794734509382,0.21361690963279684,0.01788282901689268,0.22961761288720736,0.6260219419078121,0.26790426261155514,0.5670125328589006,0.3920166675233266,0.4896654823176236,0.014754584512069704,0.3418471676726993,0.0487200482977125,0.16749431269100948,0.7375381782687872,0.6946231718739929,0.2680022903526574,0.4926970555237235,0.5794406571556389,0.14092888800300174,0.09490058595537947,0.18224892571771514,0.7164865518446916,0.7098681594284018,0.10838528297092712,0.16030082253495928,0.02327642703331618,0.0515806951709065,0.1845352921880214,0.09701835694350924,0.08257971184759602,0.40722275530389235,0.18569050203968918,0.19434999220671612,0.6938804879260849,0.6957445795561137,0.018728032542083387,0.16301170640656765,0.2126092451397085,0.24712557705936597,0.22814972462463518,0.09993420018417531,0.3521975018787183,0.4390956472326998,0.6361761887707086,0.059601135284352284,0.7701461935701673,0.49968648785488806,0.41293142869573146,0.375636680106593,0.662985010226512,0.14523131585334295,0.13346030597161024,0.46060289172289365,0.24665108137388966,0.4311222916786406,0.2635632483728792,0.11721602198813735,0.07054030231261835,0.3888434048222062,1.092518376047232,0.044982525684137194,0.23415938614662213,0.0049215218981747254,0.21141496663567058,0.3006266681295767,0.4987262295378189,0.8939009054285243,0.6416866668952425,0.7359454852428164,0.27892651262660384,0.6159301394496972,0.6747963831568297,0.029781151629279485,0.8278859200365039,0.3304865191635083,0.08015880823030237,0.3749675464654938,0.7501374718918591,0.07542250868605113,0.5222548211832817,0.15003321984636273,0.0708989841299613,0.04099458540090981,0.15827871280994266,0.14049073095711367,0.17785107271810727,0.030192526996459496,0.10043726283843835,0.2975714733008516,0.03968030477884043,0.09498966904077037,0.10096898989359468,0.030793943578679008,0.22888300294298397,0.6389748333568444,0.1395230478665074,0.16427354577880124,0.5262818018186262,1.1880135870108233,0.1235707434159086,0.04455411816563809,0.7350809832026958,0.08313577008167172,0.567963520883614,0.34179485596905396,0.07963296911844753,0.2967818161647802,0.22801262128238806,0.004766584803802907,0.2347764127899964,0.11467975990547218,0.04510147430812948,0.007490901239137498,0.7127248073353794,0.07078289862808414,0.33433964587406245,0.3364175038919403,0.12670044708139228,0.4722442189844172,0.021469257548251026,0.15895441685891673,0.15543398701050679,0.33683024814737944,0.09237929067507995,0.18011724590082348,0.08787605689968107,0.09196282153443025,0.35334931821723214,0.1758782106034127,0.4336328839832596,0.15713887124211343,0.12649978464006528,0.7498628494963699,0.17747459802413332,0.023207576156616564,1.000253028633182,0.15470319552636774,0.36024216588523905,0.09804548385816121,0.16865112458413212,0.26252036973865817,0.05893311067344524,0.0725628038134838,0.16025449226833893,0.07754491820939684,0.016552265850204733,0.1721954323382894,0.023850221352493525,0.10049281720198905,0.44841297130598484,0.5226468768256597,0.14276018328536622,0.4143932031050215,0.3077974127290754,0.26754824784312253,0.38924850528957083,0.6047227218347219,0.32147086468344827,0.13341317104692996,0.06448764775500315,0.035473122592609034,0.44000888356888107,0.11596173702657389,0.08680249799342085,0.4868119602176391,0.4153556346427706,0.13706829310336496,0.29417207136341333
KO_168,0.20432088217976238,0.24919478540935375,0.37171274601890036,0.23097646597717444,0.09834874945446982,0.205698049507939,0.05806128047401921,0.16551929522572004,0.20372671111233295,0.09340172104200345,0.09550402256289295,0.650966197113657,0.026530770725469083,0.29471459870231326,0.023991965671886314,0.1789111811182061,0.012417961558658921,0.18160701228396614,0.04938755338769801,0.0675819987329648,0.14991551083916646,0.20316184161034004,0.4533815085369371,0.0012654812315270863,0.19851998936773563,0.04094955997042076,0.03434461276049548,0.11560687837838651,0.6798824529917505,0.1589981342966943,0.04111257238748204,0.5503109632541219,0.12756295400732473,0.21495481660887752,0.01786993105990062,0.2310738514814962,0.6255620190165053,0.26991978388974974,0.5685232712819284,0.3930007504305507,0.48995532913156314,0.014695266519400741,0.3412046683603322,0.048392384770707515,0.16753281230625366,0.7377409289747855,0.6929680368567601,0.2674550367721387,0.493045393063528,0.5790455367614059,0.1411183070335936,0.09515841201320978,0.18171262702081106,0.720630992023392,0.7105776508092514,0.10842969009808553,0.15901938927666254,0.02315805636504877,0.051177627858497624,0.1859329197070039,0.09726270341565676,0.08246906017198263,0.4080156104827607,0.18453842332324272,0.19365797006328964,0.6920228577044288,0.6971373261629861,0.018629164040153225,0.16365511895456195,0.21269691516440806,0.24834528951669574,0.22727510383068447,0.10086958324932091,0.34812291986097676,0.43716552556851307,0.63619178350649,0.05944724084986627,0.7719525347791226,0.5026489164083975,0.4135767773530317,0.37498319249009454,0.6637638560890577,0.14480975746974903,0.1344762083296818,0.458327035807924,0.24708137732120528,0.4349956322751624,0.2644923095635821,0.11647659406351887,0.07035273694578759,0.38786522477974517,1.0961469187204267,0.04501614945956368,0.2330785226642718,0.004860750192591963,0.21078538170428102,0.3008670341878476,0.5015861182701454,0.8948968166671865,0.6421137519776479,0.7369182937464794,0.2796779320244578,0.6170717849770366,0.6752040809655123,0.02990277438217081,0.8285482820333848,0.3304283147804548,0.08033140377217388,0.37601449683678495,0.7516851903911053,0.07530802613852246,0.5202859090447175,0.14939744316643636,0.07074605342982507,0.04103831505645852,0.1588407393412594,0.14043744995172747,0.1780809034177141,0.02983337703904556,0.10086618005990414,0.2966972409657132,0.039789731060683904,0.09482774440868029,0.10117761741953143,0.030523421636677886,0.22909272705878694,0.6368312271972738,0.14006604337569692,0.16353069853938745,0.5264636844034862,1.1874385239572844,0.12354044786381889,0.04471570239178764,0.7361862566656235,0.08319987972548241,0.5688886450336791,0.34202924523337574,0.07966544090182438,0.2972352352723385,0.22891329660619322,0.00472621925945012,0.23569353391890646,0.11347768375777105,0.04512514642662211,0.007502594284227596,0.714262713936739,0.07075503622619878,0.33622839038857943,0.33605541344462847,0.1258964495999935,0.4734051316959771,0.021562713509196713,0.15848672988865578,0.15543912959029418,0.335305845881258,0.09237169132944052,0.18054979647516245,0.08787741258192062,0.09196958956270454,0.3523259795025906,0.17486886593830192,0.43370080924798327,0.15698092734053706,0.1262249750434499,0.7507309051821807,0.17724072521023182,0.023162462735559917,1.0006325198208499,0.15445233440591197,0.36142507615885644,0.0982721415109712,0.16889448002974083,0.26316082358642534,0.05871713119325923,0.0727676903114758,0.16056567869693592,0.07720162234960667,0.016474793547910375,0.1731603571748978,0.02381086897793786,0.100051305103011,0.4484428455923324,0.5236307952247523,0.1425176068787738,0.41586615547341715,0.3073808698302315,0.26677268586270136,0.3892159408631277,0.6049832614697621,0.32106079862706866,0.13305939788207904,0.06410640259965583,0.035778787046896854,0.44071355506073817,0.11599346352875713,0.08678467145507267,0.48658295304622445,0.41489502757765817,0.13704282053395797,0.2950947071440113
KO_169,0.20285164009289816,0.2509709300351988,0.36856200349197216,0.23053768417783738,0.09792580054192157,0.2080856915157242,0.058917675893207046,0.1645447649638018,0.20240071447482103,0.09326615340221682,0.09644780170221977,0.6489574300114034,0.026878282077250674,0.2936351580448794,0.024045767935204174,0.1776225281697288,0.015379474361352605,0.18128834202539865,0.049490628616124355,0.06859531955834806,0.1491257714723383,0.20318663617115784,0.4520659096018676,0.001273145938281525,0.1992828766568255,0.04107908176389367,0.034230526105414216,0.11654046882548655,0.6762722047182265,0.1589271684633854,0.04138735837328934,0.5521993678325369,0.12759396686484567,0.21361683296892717,0.01788594656418177,0.22960740395907409,0.6260632302862016,0.2679007484518315,0.5670054766545966,0.3920419049545321,0.48965881475439027,0.014749449404553874,0.34186277611255117,0.04872451362409732,0.1675113582907576,0.7375946219817004,0.6946430194158195,0.2680408231883226,0.49268751116957954,0.5794906455169653,0.14091564245486762,0.09489671915648552,0.18226508683918474,0.716493638710469,0.7099318648522579,0.10836767436117628,0.16027885845291623,0.023278229005208814,0.05158106182727272,0.18454737424797327,0.09700783064914387,0.08256746231788098,0.4072157140268164,0.18573001814891416,0.1943314441644622,0.6938860293883664,0.6957560364977478,0.018729567387567782,0.16301552171219033,0.2126252210671745,0.24713883300081027,0.22814983386680948,0.09991889053706579,0.3522073174242697,0.43912743083299993,0.6362330325718554,0.05960996809421811,0.7700865342345098,0.499683936227208,0.4129426976423939,0.3756576261951729,0.6630122642665651,0.14524114942639937,0.13344847061256634,0.46064980251140447,0.2466405395482135,0.4311407098141928,0.26357174363541735,0.11723214552300441,0.07055313167351819,0.3888056567380178,1.0925644560871033,0.04497267357299592,0.23411812466658696,0.0049206971543241905,0.2113899919101862,0.30064227155909845,0.4987058042691452,0.8939239932939688,0.6416827758312799,0.7359554789272179,0.27891398557177893,0.6159300707699209,0.674822603171498,0.02977182337217596,0.8278662716640625,0.3304664686045835,0.08014799922043199,0.37498084169571455,0.7501271109405606,0.0754283113725642,0.522237710170668,0.1500318917002169,0.0708972571707741,0.04099267277222413,0.15827558205282802,0.14050955638661225,0.17783808664993622,0.030189582782673745,0.10043654722712654,0.2975925283906983,0.03968309361796782,0.09498695510313661,0.10096657193633564,0.03080014770595649,0.22888347345119137,0.6390660390508403,0.13953317448399633,0.16427152933361439,0.5262674599141649,1.1879735466410957,0.12357431638349152,0.0445591338728983,0.7350636703661128,0.08312120436798369,0.5679380695489699,0.3417996783578369,0.07963517480807947,0.29680971028144126,0.228004364337299,0.004765610553399635,0.23476951990394507,0.11468553047118343,0.045105286752009435,0.007491878688106016,0.7127386796246472,0.07078640416023829,0.3343203083649616,0.33639616704596015,0.126686044680623,0.47223224946850945,0.021474568376429706,0.15893768845069198,0.15542979334868373,0.3368299435372214,0.09236908233315988,0.18013502241091114,0.08787558164139297,0.09195787795194521,0.3533350585676672,0.17588300648123825,0.4336225981901865,0.15714949101439443,0.12650344186188747,0.7498834644293223,0.17747474551527737,0.023204745560423002,1.000254315309281,0.15467872578250835,0.36025982881273255,0.09804383987503011,0.1686558174499208,0.26251073782268636,0.05893678451575864,0.0725707884657838,0.1602500152398548,0.07753747594477253,0.01655419134290968,0.17216890476687247,0.023848538590003215,0.10047822343073783,0.44847846716114265,0.5226643197472077,0.14275646870594566,0.4143933097335248,0.3078064388399469,0.2675390752636637,0.3892584866053127,0.6047388061275691,0.3214873773027118,0.1334108746607064,0.06449317396705546,0.03546612438343964,0.4399849642640195,0.11596268122916296,0.0867827088282805,0.4868495966683064,0.4153281869307757,0.1370579679577279,0.29416067570584525
KO_170,0.202888539837081,0.2509300239463679,0.3686084413094099,0.23054821804913908,0.09790615764267972,0.20806808025635518,0.0588970584614383,0.16456470852660723,0.20241343327807185,0.09327217293882895,0.0964314882545901,0.6489166285796365,0.02688024526878727,0.2936431772723825,0.02404558009534187,0.17765167239522628,0.015376978536277676,0.18127910718493498,0.0494969038103343,0.06856800037714447,0.14914342288225407,0.20320261379786828,0.4520915657454261,0.0012731214028021652,0.19928924955620433,0.04107948917115544,0.034229561086799504,0.11655300668080402,0.6763245611847835,0.15891780544442063,0.041384301859610326,0.552232946058885,0.12760077166805225,0.2136663697749502,0.017887324622009263,0.22960766104175448,0.6260741745913677,0.26794769027323123,0.5670625361608647,0.39206711741844336,0.48965030511369095,0.014755441530248627,0.3418624031037388,0.04871830714816447,0.1675056275553406,0.7376141627451895,0.6946592790165423,0.26802136936842885,0.4927136092233042,0.5794284029571124,0.14091385888776173,0.09489989225298084,0.18226124495025198,0.7165938330110541,0.7099456341723718,0.10837952244259111,0.16026433443210839,0.0232806319093533,0.05158118661251747,0.18458242853915513,0.09701788623196253,0.08256395530207801,0.40723459456518063,0.18570244783661569,0.19432738318816675,0.6939041033041734,0.6957291185646572,0.01873321307423291,0.1630065914361574,0.2126255147696029,0.24714109337693219,0.22813259605005967,0.09991943345813291,0.35215965488450884,0.4391354866607317,0.6361302988455914,0.05960130040221339,0.770191289853855,0.49972588313985644,0.41298470984746377,0.3756529389101569,0.6630306453585314,0.14525103657953423,0.1334647406125087,0.46064154601591234,0.2466401528608397,0.43117163691409066,0.26358334752295004,0.11719785931202609,0.0705414961217733,0.38878514639256234,1.0925824585369928,0.044977033336522636,0.23411673627794038,0.004920569816007623,0.2113797277970696,0.30063129517158504,0.49877470754181097,0.8939737391671864,0.6417246702417028,0.7359953838322926,0.2789341681995289,0.6159153144856049,0.6748228088255058,0.029771695022290223,0.8277990272478182,0.33046901766572084,0.08014141409439336,0.37499110345262665,0.7501607223676013,0.07541461502154455,0.5222226590104273,0.15002571132106826,0.07090064014987531,0.04099025020278824,0.15827284701743347,0.14049225364378212,0.17782292352140316,0.030186230357127003,0.10043908411006147,0.2975286360503912,0.0396879758375432,0.09498084699743245,0.10098100308218617,0.03078987433166952,0.22887142500323548,0.6390162395878877,0.13952370905479033,0.16424883462401418,0.5262755609467805,1.1879348943278019,0.1235773977782565,0.0445673580658003,0.7350526718307564,0.08310971599563712,0.5679712621875035,0.3418235072508113,0.07963069142356254,0.29679006365243643,0.22802517668456115,0.0047652886622710135,0.23478929848013425,0.11465835148663958,0.0451090593596213,0.007489669853828991,0.7127617960860432,0.07076996130640721,0.33432220954025293,0.3363841269487833,0.12667256782223413,0.4722579457781703,0.021467356336962347,0.15892408298270938,0.15542172570773902,0.33680177269180767,0.0923861375145865,0.18012431357837164,0.08787307595363887,0.09196713190537216,0.35336085605730755,0.17583977372112217,0.4336147399218175,0.1571179513585662,0.12648494245708883,0.7498769662791513,0.17748400667183603,0.023209717417388333,1.0002828566712707,0.15467420152046557,0.3602757782018928,0.0980615159624557,0.16866267192404114,0.2625106765233332,0.05893734035268838,0.07256669195848595,0.1602458824468636,0.07754090772516516,0.01655124837981864,0.17219665715981924,0.023847767444482217,0.10046740499982691,0.4484163419087353,0.5226733233377892,0.14274239116127588,0.4144077075121418,0.3077936843028574,0.2675332778121367,0.38925582884580917,0.60471343878528,0.32145255304274306,0.13341388690833897,0.06448688628172063,0.03546908865118931,0.4400266889044382,0.11594110706141011,0.08678863709082912,0.48681315179628687,0.41532342009275064,0.13706095822623307,0.29416746049067094
KO_171,0.2028580443404816,0.2509551048021454,0.3685741825504091,0.23052259266536806,0.09791770303113415,0.20805326147697922,0.05892349812491546,0.16454046679762202,0.20239488029557648,0.0932610225182651,0.09645691234991455,0.6489720326538218,0.026883312483820237,0.293647657750232,0.024045683169330107,0.1776226033646065,0.015375645387974994,0.18127995870600067,0.04948771497524149,0.06857598321070514,0.14912888059037838,0.20321225768605242,0.4520551057703015,0.001272552335606523,0.19929583416756838,0.041075877943929744,0.034232677733493276,0.11653802283871086,0.6762834277869096,0.15892047098980822,0.041369134056023875,0.5521572843621678,0.12761227547350829,0.21362735427130858,0.017877102131005043,0.2296297607838751,0.6260594627192677,0.2678846285325562,0.5670164918766142,0.3920137339302377,0.4896502851140309,0.014758911070881264,0.34184795545980945,0.048731141920226935,0.1674833046342564,0.7375951317454024,0.6945703886400466,0.268021130853384,0.49266973966109906,0.5794764028333586,0.14090872521570003,0.09490127051806845,0.18225034354284736,0.7165380472582695,0.709897964234544,0.10838079977498372,0.16029216119461323,0.023285184902628514,0.05158268065747858,0.18454315894252896,0.09701405897924291,0.08256450897246008,0.4072307731977675,0.18571429247620153,0.19433462474054064,0.6939054319985569,0.6957773605605593,0.01872939764790485,0.16301373930997087,0.2126187733177071,0.24712988409550823,0.22815714345298857,0.0999350748177141,0.35216418172495334,0.4390919111327962,0.6362293302551915,0.0596031723014666,0.7701659082301561,0.4997061764932131,0.4129270400086849,0.3756447172870344,0.6629970504421147,0.1452484896583255,0.1334483100365473,0.4606292165541551,0.24663737023770016,0.4311679066505844,0.26358410308261315,0.11722768137360057,0.0705365042627617,0.38882026908468936,1.0925605238410556,0.04496748622864421,0.23413213314627226,0.004922031680946177,0.21137201558141813,0.3006244444061632,0.4986932043699505,0.8939439713638752,0.6417125405299366,0.7359710160909717,0.27890020545628436,0.6159474266283791,0.6748177764558145,0.029781832733141216,0.8278612894992893,0.3304800920445338,0.08016367053294818,0.3749689323995622,0.7501497222795713,0.07542110010920677,0.5221952452562765,0.1500213157372947,0.0709018718730862,0.040999749012848266,0.15825877216437015,0.14051081347738098,0.17784372575110302,0.030191269881642516,0.10043482843152297,0.297578051061635,0.03969006536643527,0.09497913744192248,0.10097928971350316,0.030799160666757395,0.22890119863956923,0.6390356351187447,0.13954654949853754,0.16427896386793395,0.526273689903132,1.1880701826040263,0.12356884011933585,0.04456530518420798,0.7350515914443768,0.0831179734979811,0.5679355409465056,0.3418026657908743,0.07963794141505376,0.2967965204226096,0.22799632357696173,0.00476494514759862,0.23477191949653198,0.11468228440685677,0.045104475580000955,0.007492748024779175,0.7127652923978207,0.07078169121830957,0.3343556716926663,0.3363957892290114,0.12668560938574402,0.4722396576891877,0.021469366461322196,0.15894317136090147,0.15544061547416319,0.33684498328786316,0.09237023536095025,0.18012319625951914,0.0878687532293937,0.09196293726632947,0.3533519206215794,0.17588592569557798,0.43361928241552794,0.15714766362296617,0.12649030265010766,0.7498525951223578,0.1774813132651945,0.023210736052016484,1.0002797424529832,0.15467167766815823,0.36024406464989184,0.09803740797420957,0.1686350459030632,0.2624873132481004,0.05893673797422578,0.07256655990409099,0.16025041376818197,0.07752921787092022,0.01655293881685212,0.1721710956131741,0.023846744870782692,0.10048390989270894,0.44845669880136846,0.5226602240134058,0.1427736658746739,0.4143832363298227,0.30780828892489437,0.26753225459575264,0.38924310582001875,0.6047379565427535,0.32146384256028976,0.1334065706822441,0.06449607554311093,0.03547359460435154,0.4400349480556568,0.11594869529279132,0.08679086249344649,0.48685736800257096,0.41532742387609095,0.13705921386600514,0.2941950139045609
KO_172,0.20289907377853358,0.2508967996080369,0.36859638816910145,0.23055348883495727,0.09790207478485628,0.20801997014911017,0.058906571702704656,0.16454935390707995,0.20240387517891614,0.09326892822124529,0.09644894556801056,0.6489548337785189,0.026876349006954802,0.2936647313792878,0.02403957277433808,0.17764046223432353,0.015380870601872439,0.18126814765939203,0.04949625916799222,0.06856839863353242,0.14913846902100625,0.20321244846666023,0.4520720956929636,0.0012723729471955229,0.19930053725448907,0.041080654385541614,0.03422728748653911,0.11655911445901848,0.676320399915259,0.15890528308025992,0.04139211242863887,0.5521960006724127,0.12757616601729416,0.21367361701145376,0.01787936229127405,0.2296286534251968,0.6260452400786227,0.267916899684494,0.5670497185426604,0.39203349356751716,0.48961915010521273,0.014748478254080183,0.3418789224491484,0.048710698853743344,0.16752278662431042,0.7375650125615323,0.6946458564834542,0.267988473176597,0.49268256145516376,0.5794917768210385,0.1409318862210777,0.0948847211973781,0.18225816424954547,0.7165730328572707,0.7099618693418717,0.1083807516471839,0.16026750904769063,0.02328087458135385,0.051578103903219125,0.1845407798320096,0.09702514660330763,0.08257381080514208,0.40722319495911213,0.18570571137591713,0.194313752036701,0.6938185295629195,0.6957586370967035,0.01873653008900451,0.16301477754564214,0.21260506270909443,0.2471389858752701,0.22813463880010496,0.09992916261781393,0.35215908510550015,0.4390875816181215,0.6361530790687903,0.059607692101645016,0.7701730413083474,0.4997324745566636,0.4129418710892145,0.37560221499920876,0.6629891468085277,0.1452256671401731,0.13345031448056607,0.4606510123998102,0.24666135350994928,0.4311806927987168,0.2635786154055415,0.11720163108206724,0.07053984873648322,0.38881339388086567,1.0925852008628847,0.04498140304877417,0.23414919869645753,0.0049183567899431764,0.2114055561141914,0.3006502479908092,0.49874816613809875,0.8939438568320883,0.6416960919142608,0.7359291149800633,0.2789199620457786,0.6158634378352458,0.6748107453614297,0.02977600489776042,0.8278389445573539,0.330507732833803,0.08014660526453214,0.3749711976961909,0.7501724384217564,0.07540750022110759,0.5222130896335027,0.15003101361616447,0.0708964337404745,0.04099711815978997,0.15829025711462444,0.14048659433595345,0.17784814326721327,0.030190912786517594,0.10044622692092417,0.2975530128875414,0.03969141752354376,0.09498207629813309,0.10097526806743133,0.030799143471524324,0.2288923688748949,0.6390243073680322,0.1395075884542319,0.16425374802998668,0.5262777015488218,1.1879674684405122,0.12357594242114642,0.04456066417547045,0.7350418663630837,0.08311795014654184,0.5679655899262106,0.3418146926009282,0.0796291017687019,0.296807218915968,0.22801556368943213,0.004765617805090445,0.2348000323359849,0.11465558888793319,0.04510674303583881,0.007488684143108186,0.7127566583381331,0.07077434692573825,0.3343653009330776,0.3364235133764238,0.12668397115788593,0.47226640595174535,0.02146881072385323,0.15893138926944947,0.15543879723859494,0.3368453009318321,0.09237303993981992,0.18011320877213538,0.08786878413668125,0.09196819367860526,0.3533213361965115,0.1758855429062751,0.4336458830591304,0.15715431766132895,0.1264867186746488,0.7499225285341168,0.17749085034876036,0.023204804584881132,1.0002494655494545,0.15467683146633493,0.36027891180605426,0.0980554734017118,0.16864066013945064,0.2625141218180899,0.05893101554744681,0.07256924248224605,0.16024516226225685,0.07755221393969751,0.01655327571282999,0.17219793514888052,0.02384359532097615,0.10048852211048713,0.4484038238852836,0.5227195587632221,0.14277271748584613,0.41440770076450767,0.3078072979558917,0.2675218109548344,0.3892468395854163,0.604734612518597,0.3214524956277816,0.1334012015956599,0.06448629631746085,0.03547007846166968,0.4400203847136428,0.1159631925571262,0.08678655961782111,0.4868049242660542,0.41529356936593176,0.13706864851611777,0.29415752153395447
KO_173,0.20285960568457453,0.25096232295667825,0.3685446124010685,0.2305559809553683,0.09790840008812637,0.2080953665504088,0.05892441724881296,0.16455007338013303,0.20239245238605455,0.09326780799213377,0.09646082857945587,0.6489619366754673,0.026880740023740368,0.29363307327181304,0.024043126044537545,0.17762138302416625,0.015380451286486194,0.18127129147707935,0.04949312117533384,0.06858754753740222,0.14911559091303958,0.20320612281969833,0.4520667201797423,0.0012733721382846915,0.19929785355458954,0.04107836943599469,0.0342207596570495,0.11654016867854758,0.6762859144643204,0.1589067529716252,0.041385033308781585,0.5522195813740243,0.12759248693044573,0.2136466442721553,0.017891085026710024,0.22958621303591842,0.626106530848342,0.2678570474822846,0.566985398564354,0.3920362080371212,0.48966491606229223,0.01474477598423123,0.34186099093659594,0.0487216660170136,0.1675015363139788,0.73760060678685,0.6946494184470989,0.268019624695413,0.4926846213830762,0.5794828290289319,0.1409230794328326,0.09489783411190274,0.18228714432321996,0.7164937698701225,0.70991899194285,0.10838470010454282,0.16029646821026558,0.023277189694126635,0.05159830417733255,0.1845349473803553,0.09701567418824025,0.08257511812910398,0.4072429567917859,0.18570042858835156,0.19432291753173106,0.6939177593268342,0.6957331425820773,0.018727226161176006,0.16301829249229707,0.21261137677865136,0.24714190507263334,0.2281491753939047,0.0999093359974419,0.35222843245638197,0.43916860937726465,0.6361787924511043,0.05961182442232733,0.7701302890411326,0.49968665627759495,0.4129714069988501,0.37563925903956397,0.6629801140842638,0.14524043314062646,0.1334285829000508,0.4606334149976751,0.24662453752716354,0.4310952489169014,0.263589123565217,0.11722033276241584,0.0705465027144928,0.38879533073328976,1.0925034617641158,0.0449659750811249,0.23412640843158275,0.004922246330850927,0.21141584681868378,0.30062174215843246,0.4986783525424375,0.8939550645464703,0.6416637451835848,0.7359798347602607,0.2789373129137729,0.6159231897829223,0.6748531882829437,0.02977515830119803,0.8278327228087635,0.33045065674667207,0.0801478067033953,0.37495072901650506,0.7501745872037128,0.0754227849868318,0.5222456163788912,0.15003244781199968,0.07089421846267518,0.04100282777986499,0.158272143522699,0.14051539592763387,0.1778605672285902,0.030188469058011057,0.10043604313112028,0.29754948210402604,0.039686894224525454,0.09498769495590437,0.10098560296607852,0.030802851260435124,0.22890475675002644,0.6390628457371055,0.13952317130040276,0.16427498634077667,0.52623842302267,1.1879498673296842,0.12356934404548232,0.04456785165351673,0.7350359253426678,0.0831121057911614,0.5679326425750084,0.3418167577468014,0.07964211227773374,0.2967956611195733,0.2280106164737495,0.00476485552407684,0.23474566499245683,0.11468486970212037,0.04511451150450092,0.007490231019787567,0.7127192875859738,0.07078920919691419,0.33431938988243715,0.3363890625578952,0.1266917382883588,0.4722179632854866,0.02146998382369575,0.15893788531045022,0.15543738478783398,0.33683706303075883,0.09237942431262745,0.18012358391311006,0.08787572572970524,0.09196929762737129,0.35336542225135026,0.17589127314603792,0.4336402343419832,0.15714680527620237,0.12650381535408858,0.7498839222709465,0.17747275255174919,0.023214303036566346,1.000267900747754,0.15468017471782672,0.36024705370942867,0.09804551281132888,0.16864323058549177,0.26250869357342815,0.05893556213792191,0.07256984157274396,0.1602537238563957,0.07754032610688709,0.01654961819855352,0.17219155141310172,0.023847821197720602,0.10049374792374496,0.4484245385916006,0.5226708772889825,0.1427701772169222,0.41439572300103633,0.30780275555697245,0.2675539492623112,0.3892623616144746,0.6047602704154293,0.32146366864572035,0.13341422944593342,0.06449077653800628,0.035459992003278436,0.43999983929603087,0.11596994000949734,0.08678709822905505,0.48681810867615727,0.41532899851452126,0.1370487629721761,0.2941501078900159
KO_174,0.20284706132627253,0.25096762604510725,0.3685732724514431,0.23050145041071748,0.09791541214938791,0.20807942591806,0.058910937268040545,0.16455662277286465,0.20240073230848535,0.09326346559834546,0.09645307240186797,0.6489367383341664,0.02687796261235712,0.29364647387141063,0.024044742301612198,0.17762093697331935,0.015376256074858567,0.18129525158714183,0.049482274956750096,0.06857164586875882,0.14913454240148905,0.20320746347653595,0.4520492223672984,0.001272332331971851,0.1992755136810825,0.04107790681835861,0.03423483469494348,0.11653121482542865,0.6762786393415354,0.15890936291081606,0.04138407368319099,0.5521555812301484,0.12760833146497258,0.21365557766210913,0.01788067664922099,0.22960249378636174,0.6260648861100961,0.2678899780361068,0.5670357216119265,0.3920128558617607,0.4896582430857839,0.014750753301324278,0.34184489198775003,0.04872950637313314,0.16749166927297912,0.7375740668925259,0.6946243331661366,0.2680295810478676,0.49269128720430044,0.5794528237427939,0.14093275767022193,0.094883196471739,0.18227170248179428,0.7165245236195659,0.7098966931428252,0.10837308781910097,0.16029648761342707,0.023275586060885176,0.05157803332573643,0.1845587572996883,0.0970165527360037,0.08257780352124157,0.40722249614853495,0.18570042896878453,0.19436321593734154,0.6938962338108144,0.6957254809114578,0.018729620605204382,0.16301307977062243,0.2126134713605949,0.24715750384866708,0.22815440736170808,0.09991810487995627,0.35219359769013403,0.4390929718409524,0.6361706095468616,0.059601445722585834,0.7701614777059677,0.4997177333392481,0.41294547361626244,0.3756279305663998,0.6630015393769535,0.14524599163239427,0.13343484449187445,0.46071060705427497,0.2466612900178918,0.4311303629237362,0.2635764362850496,0.11721526892075777,0.07054639227115907,0.3888110714408101,1.0925801796298205,0.044979345631589875,0.23415121867765035,0.004921306979793798,0.21141316276210587,0.30064096787191397,0.49872437478959325,0.8939557732885443,0.6417217389576705,0.7359998631241284,0.27891675339465577,0.6159011383780991,0.6748323136150957,0.02977175118329479,0.8278090080605437,0.33047291563133996,0.08014687548287441,0.3749476534016591,0.7501552812290706,0.07542462571711651,0.5222499060687738,0.15003125276642693,0.07090837461346235,0.04099373153829001,0.1582804013063978,0.14049608393356997,0.1778477826015143,0.030192361347351825,0.10043578166615648,0.2975524117393026,0.0396863609734557,0.09498516187116496,0.10097241721292373,0.030806806125004665,0.2289018251759998,0.6390132519283511,0.13954655959225357,0.16426949484963788,0.5262709959609166,1.1879910089386438,0.12357642127391945,0.04455717452752659,0.7350451750901584,0.08312106841931008,0.5679587209704465,0.3417870102911009,0.07965364582534766,0.2968032211782502,0.22800956347799403,0.00476464432823321,0.23476407728605167,0.11467120796445081,0.04510437482862396,0.0074946154203303595,0.7127274571006995,0.07077804578143174,0.33433447815757045,0.33640411918838103,0.1266842423196296,0.47227083099406786,0.02146772478262001,0.1589521407708262,0.15543090024986617,0.3368235124379163,0.09238064478653667,0.18011768565012895,0.08787651554195372,0.09195981957414663,0.35336818961850963,0.17587958252259794,0.4336445276839936,0.1571384602546508,0.1264945811671315,0.7498718772559861,0.17746093383342887,0.023202615436295645,1.0002990564629588,0.1546809558057802,0.3602496067580522,0.0980451319224508,0.16864586923642375,0.26248932813189624,0.05893981435086369,0.07256373410308829,0.16024678608270962,0.07754231877655758,0.016558908604561946,0.1721927860849315,0.02384989160739296,0.10047690104705036,0.4484542673900685,0.522664179367082,0.14276230453702274,0.41442934304907203,0.30779442831927656,0.26754026935776576,0.38924623825263016,0.604733684151274,0.32146897141762515,0.13340165693362743,0.0644886212809657,0.035466778275161294,0.440004986081852,0.11595821757967248,0.08679751655586827,0.4868326681644753,0.41537640728776765,0.13705369999722178,0.29415569185213714
KO_175,0.2029007977908251,0.2509110899899652,0.36864080524330045,0.23054842977949822,0.09791262223207496,0.20801533967644475,0.058896076383690835,0.16458135360818388,0.2024038836061819,0.09324066501962568,0.09642597322259458,0.6490068906770965,0.026870674337125658,0.2936739874592954,0.024045285378986633,0.1776501882255166,0.015373616217259089,0.18128005821306553,0.04949128094765229,0.06856847842952178,0.1491566074942097,0.2032139479131712,0.45209703441939597,0.0012731907410585923,0.19929592649623293,0.04107830749577494,0.03421733905437929,0.11653545643139121,0.6763169931736522,0.15891779438326045,0.041387350958093344,0.5521478714640684,0.12758952144428487,0.21367986404830322,0.017882927390509104,0.22963897826099833,0.6260661230825086,0.26796049745098066,0.5670157241160436,0.39203086561333134,0.4896570431602055,0.014753777747315407,0.3418416983472019,0.048717441517446,0.1675063110218248,0.7376056407508353,0.6946331073131238,0.26802109929426843,0.49268147759276965,0.5794511174316801,0.14092577503360562,0.09490354262267277,0.18226803514331058,0.7166089040014626,0.70991743512732,0.10837847509218354,0.16024921139570303,0.023275725136410776,0.05157915404650735,0.18458173788598847,0.09703398421447408,0.08257312261727777,0.4072257997541664,0.1856675133564227,0.1943427326226912,0.6938612668824689,0.6957926108157783,0.018729260461054015,0.16301596906738527,0.21260797711043886,0.2471763732862758,0.22813598632426402,0.09994892686512148,0.35211197067605116,0.4390589634684192,0.636207907072331,0.059592024952181,0.7702026906629537,0.4997330608529717,0.41296093055177446,0.37558828601890054,0.6629929381534231,0.14525157326990723,0.13346419939285326,0.4606363634760945,0.2466428464635361,0.4312504317347358,0.2635776367043504,0.11720932635593849,0.07053236097755315,0.38880312517750343,1.0926074591626471,0.04497032482467963,0.23412302141662641,0.004918554072971455,0.21137969009043145,0.3006436476224739,0.49878915100591364,0.8939339422177671,0.6417009127326445,0.7359723532743248,0.2789233665171343,0.6159518770033447,0.6748438018599319,0.029779747949617356,0.8278440198968466,0.3304483219140925,0.08015572563564458,0.37500234130801946,0.750184320568394,0.07541470257964633,0.5221742944547463,0.1500130963496831,0.07090119154062204,0.040998201694374056,0.1583027426750368,0.1405162287174896,0.17782880197425607,0.030186069500985544,0.1004526475111469,0.2975032242741832,0.03968632797609513,0.09498596201266997,0.1009799321029074,0.030791702261865714,0.2288949275697283,0.6389700969595314,0.1395350681625539,0.16424614426011358,0.5262528645851925,1.1880437170248608,0.12356474441028678,0.04456352040021117,0.7350621716347856,0.08312136977775889,0.5679881474171369,0.3418406595580302,0.07964746549369006,0.2967826514421921,0.22801432445628025,0.004763990230729686,0.2347835544568278,0.11464468680255893,0.045111515599457884,0.007489360387274211,0.7127833198039769,0.07077344146065208,0.3343690864239482,0.33637912276057114,0.12666157683442517,0.47227639573115104,0.021468398675011432,0.15892896408546228,0.15543621427219803,0.33678233664526663,0.0923675895013773,0.18012088435246013,0.0878761410933786,0.09196288471183546,0.35334931548197174,0.17586313406369738,0.43363802685625,0.15713557855461643,0.1264901116613567,0.7499045543625086,0.1774884735398923,0.023201531055169502,1.000279550939392,0.15467737404686188,0.36029767330557666,0.09805220067229317,0.16864959007382935,0.2625231475502277,0.058934603512976774,0.07257905692977348,0.16024699077247975,0.07752768518389931,0.01655469419675324,0.1721905337551686,0.02385086198890277,0.10046312309871143,0.44847209600594207,0.5226996300350228,0.1427512462848185,0.41444249416967455,0.30780009463590463,0.2675185733754114,0.38926746161718584,0.6047040344730944,0.3214684016534089,0.1334065473243503,0.0644898343954837,0.035474630434866886,0.4400391155025628,0.11596373392611828,0.08679593902862863,0.4868283299677277,0.415332055637586,0.13705566753704024,0.2941698945030328
KO_176,0.20287310433442857,0.2509258940370979,0.3686058066670855,0.23053715131924085,0.09790476384193361,0.20803310824397242,0.05888934445348006,0.16456583318634418,0.20239421076318093,0.09325083172767959,0.09644890138598515,0.6489804755986897,0.026879386761497405,0.2936499307716643,0.024048482850230583,0.1776576372001899,0.015381270048054941,0.18127118485337748,0.04948187897462573,0.06857756271272433,0.14913212371956974,0.20321322742559556,0.45207745601509797,0.0012730763711993696,0.19930559362492267,0.0410842508677676,0.034224437500949674,0.11653127959565758,0.6763461668791848,0.1589315828463822,0.041386960412606005,0.5521780602732286,0.1275890338293186,0.21366339964739856,0.017889337142831425,0.2296044010529957,0.6260557094807803,0.26791032054232355,0.5670788656016429,0.39202493035173425,0.48965476455272444,0.014749555079935863,0.34184515166633894,0.048723269975760444,0.1675093652593535,0.7376058988170725,0.6946858423851621,0.2680114898347927,0.4927002691528082,0.5794740387365476,0.14092277530380973,0.09489402951086684,0.18222666566321852,0.7165685633205863,0.7099070356084215,0.10836814108731165,0.16026274023444337,0.023271816203828066,0.05158147099903408,0.18455357205418887,0.097016131292263,0.08256805463916161,0.40721625121179167,0.18567392311918757,0.19432420309310913,0.6938801641795598,0.695773758367221,0.018731677817936363,0.16302272734113377,0.2126117744697287,0.24715845969135256,0.2281180540541075,0.09993675288653293,0.35213564868280334,0.4390839631194965,0.6362193315858446,0.05959547249824565,0.770118836907812,0.4997469860149759,0.4129498786425462,0.3756427868109,0.6629689980542849,0.14522038901474957,0.13345699328832264,0.4606371264660913,0.24664566359388646,0.43117528946638484,0.2636100833042823,0.11722706366533435,0.07052965522803609,0.38877176520161105,1.0925429395965118,0.04498847406944601,0.23414056659557717,0.004920258673803297,0.21139643190170349,0.3006555517921648,0.4987127178221692,0.8939410861647913,0.6417043795184754,0.7359751596764269,0.2788925407766657,0.6159386406947116,0.6748187833683766,0.029787148179537055,0.8279155385878071,0.33047308794982383,0.08015233595959385,0.3749760468838678,0.7501600153327914,0.07541669361175783,0.5221905792068822,0.15004032015300378,0.07089942185442966,0.04099206661623368,0.15828397202803235,0.140498254294861,0.1778408051238332,0.030187699704770567,0.10042799024202334,0.29755976965594383,0.0396849374968124,0.09498780591153098,0.10098972636813577,0.03079417547347709,0.2288975174546864,0.6389994922185057,0.139550603844009,0.16425031777167842,0.5262656655831905,1.1879872030983345,0.12357567187732753,0.044560641708210544,0.7350687536525343,0.08311916105975353,0.5679394007319385,0.3418017521187256,0.0796511583489405,0.2967952635672193,0.2279800859330395,0.004763993336400775,0.23478756904272813,0.11465750054172837,0.04510708911873986,0.007488994881609624,0.7127825129991577,0.07077726474870452,0.3343652715785129,0.33635444714817575,0.12665604693359708,0.4722890392235059,0.021468408238912502,0.15894227259189236,0.15543169041433696,0.33681197892712145,0.09236494942564495,0.18012615786618794,0.08786311162270691,0.0919682659534198,0.3533332171973009,0.175857317769745,0.4335931093041355,0.1571459776346045,0.12649613754379524,0.7499510327441085,0.17748357397493655,0.023211223450220378,1.0002558795227512,0.1546570886292656,0.3602548314316035,0.09804371552409882,0.16863446354807315,0.26249938799883354,0.058927038440687356,0.07257020249289203,0.1602646823260406,0.0775413800811688,0.016554586129855386,0.17216861675827863,0.023851867882194337,0.10047978642138461,0.44847417683093865,0.5226850827750965,0.14276339784240902,0.41444372782325645,0.3077805966008213,0.267526664168231,0.3892630071617904,0.6046929124840013,0.32148960499162693,0.13341769208714743,0.06448536444718572,0.03547325951668584,0.4399792164049794,0.11593875470404415,0.08678931819868914,0.4868233523570246,0.41533338010069176,0.13706290703521365,0.29416995235658683
KO_177,0.2028509828269163,0.25097172130054307,0.36852725772589334,0.2305541888920314,0.09791548250578022,0.20807959012570643,0.058924957534472314,0.16454246218297422,0.20239740196082484,0.09325830455803756,0.09647942490904952,0.6489500052001382,0.026886882053551945,0.293620056492911,0.024039884260332954,0.17761321954339757,0.015378601762813516,0.18125736325427913,0.049494073673647956,0.0686000569760896,0.14912642028242418,0.20320549589943235,0.4520177878542586,0.001272880854403057,0.19930643877702678,0.04108350629101574,0.03423469591389319,0.11654371804459453,0.6762194894411653,0.15888824921765937,0.0413901870508445,0.552200061344047,0.12759502401520373,0.21363124991266097,0.01788426877908363,0.22959604701171574,0.6261018358938304,0.26786454143414534,0.5669603445291183,0.39199866282728696,0.4896306536153924,0.014751909164486736,0.341884541524824,0.048721534590486316,0.1674994926834757,0.7375321260308876,0.6946124799606445,0.2680208345257775,0.49269233540237733,0.5794761126661091,0.14092493876361709,0.09489361937293504,0.18225753821819052,0.7164730277735806,0.7098865443439549,0.10838636766013236,0.1603076779956363,0.023275522722996107,0.05159426511562414,0.18453613658836843,0.09702139185070623,0.0825708035797001,0.40722994293597614,0.1857378760849944,0.19434775905100168,0.6939119966976567,0.6957315683782862,0.0187350626586206,0.16301329221887934,0.21261921005007559,0.24712289506574095,0.22813925579035052,0.09991686958919367,0.3521910016813063,0.4391289822314497,0.6361810598204237,0.05960415878892251,0.7701026474933415,0.4996539404272618,0.41296311350195036,0.3756331294500891,0.662977520398965,0.14522681305972313,0.13342720097710098,0.46066849190549525,0.2466413535048543,0.43111309643158563,0.2635502269365575,0.117219818156625,0.07054334703805337,0.38883406455631425,1.0925527194277669,0.04497125924921739,0.23418034629078685,0.004922788783814603,0.2113896264152269,0.3006314791029765,0.498682047794884,0.8939237837506271,0.6416619412601907,0.7359655812018848,0.2789144753234521,0.6159201591628654,0.6748732033040321,0.029781490894235773,0.8277901470481841,0.3304947875440303,0.08014333143486287,0.37496531891299156,0.7501510988383023,0.07541249366301958,0.5222486010354535,0.15004475471356687,0.0709066903355107,0.04099274894733753,0.15828206434597447,0.14050343891359243,0.1778146438034987,0.03020360517175031,0.10043760355724063,0.2975964145386986,0.039688874256798116,0.09498684926731453,0.10096346277821379,0.03080162329655321,0.2288896987377302,0.6390701395139045,0.13951992694235726,0.16426913729957568,0.5262662297188622,1.1880785065011215,0.12356185239754836,0.04455684802587506,0.7350373531303364,0.08311780661073663,0.5679668505448745,0.3417913579053845,0.07964181363343945,0.2967662119619675,0.22799709224439044,0.0047668567554239585,0.23475944394292586,0.11469504856159128,0.04512367850933101,0.007487754855472521,0.7127290412822508,0.07079018098961236,0.3343120298934028,0.336407914893244,0.1266806129698432,0.4722107929377784,0.021468790536141782,0.15894758526575162,0.1554416495017072,0.3368159657496568,0.09238128171571114,0.18012782278023814,0.08787810793054888,0.09197222523039143,0.35332486421716053,0.17590447528647854,0.43362650753219245,0.1571562228398787,0.12649301454820858,0.7498976667396392,0.1774832812356251,0.023205908051887714,1.0002805065570148,0.15467737460660774,0.36024638864580616,0.0980413386617005,0.1686476857394806,0.2625004161936499,0.058929354214965285,0.07256579978022462,0.16023601497564174,0.07755052408810086,0.01655399410853063,0.1721755447251621,0.02384398459340343,0.10047858422777521,0.448415777656357,0.5226702329487705,0.14275981175657204,0.41439224384364165,0.30779225980263225,0.2675336824880179,0.389257854501115,0.6047457174843298,0.3214615916754121,0.1334077158576391,0.06449841644700076,0.03547009510108044,0.44001975226031326,0.11596343852053873,0.0868041120606201,0.4868517318733821,0.4153452662955556,0.13706707615117106,0.2941873911323704
KO_178,0.20289517017152875,0.2509147735345738,0.3686143808496107,0.2305234699516284,0.0979144146015274,0.2080237191697212,0.05889373064258094,0.16457563108838846,0.20240424229550222,0.09326528791518425,0.09645322283926806,0.6489367080700933,0.02687581651788828,0.29367861951270297,0.0240431757266173,0.17765479703191406,0.015376495582144913,0.18127938950670083,0.04948598000246412,0.06855963353339936,0.14913943894454026,0.20320007279922936,0.45207423511923284,0.0012732822042749263,0.1993106521851988,0.04107964194427037,0.034233056803667804,0.11651871967167955,0.676307646266582,0.15891538413677947,0.04138071950370013,0.5521545502010546,0.12760106283666364,0.2136688207607007,0.017886165840792605,0.22961449717543458,0.6260635830712105,0.2679374870178363,0.5670305780571006,0.39203648562795557,0.4896518554279808,0.014749963036635047,0.3418380408436432,0.04871809164189275,0.16750137217120184,0.7375721046581213,0.694641140873404,0.2680106490196563,0.4926839552213115,0.5794407975174782,0.14094124286334933,0.09489416881755669,0.18225443453052184,0.7166194546947312,0.7099111557124616,0.10836745308129565,0.16026360929672775,0.02327504450017071,0.05158554312428381,0.18456978947712221,0.09701818338409288,0.08256418091441207,0.4072294288893301,0.18569183397106015,0.1943384620338221,0.693871926173964,0.6957952406076363,0.018727457230290075,0.16301955935827314,0.21260917670833437,0.24715162690527384,0.22812374646913644,0.09993687560010128,0.35213446496438255,0.4390869527249011,0.6362075895694795,0.05960356173089249,0.7701777098862238,0.49972613028012064,0.41299560196628593,0.3756261803115365,0.6630347587253228,0.1452204754034323,0.1334645630886606,0.4606163658776399,0.24665748712287078,0.43120501629494795,0.2635950276144911,0.11720725860253922,0.07054059819819886,0.38878666149095,1.0926141382676486,0.04497710545793675,0.23410245573181443,0.004920725127806723,0.2113983400027303,0.3006482931994358,0.49877506742662453,0.8939187136480324,0.6417362822857496,0.7359840154740674,0.2789009125443343,0.6159233469298356,0.6748341519801079,0.02978096640714042,0.8278670890549262,0.33050880512740743,0.08014794583077973,0.37499515114359855,0.7502051856922011,0.07540779127327234,0.5221934001377311,0.15002933868363968,0.07088338186937101,0.040992291567224094,0.1582932450371053,0.14049883408834143,0.17783644804641846,0.030189239976566664,0.10044878761659866,0.29753133952635424,0.039688065044426075,0.09499086244167719,0.10098428251696893,0.03079346319053801,0.22889538258958372,0.6390413920044901,0.13955249845711196,0.1642682330061691,0.526263706784697,1.1880067825871612,0.12357338032268371,0.044560889782583386,0.7350907446795611,0.08311631700581532,0.567995947949547,0.3418095707879625,0.07963457985932422,0.2967969702125545,0.22799345419422826,0.004763650356018028,0.23479023892372536,0.11464461960804422,0.045107485980441626,0.007489793964929133,0.7127350136679445,0.07077572188294498,0.33434516336689674,0.3363563773301524,0.12665307146540225,0.4722710152566117,0.021475808593804893,0.15892120093944903,0.15543068836131213,0.3368119125362638,0.09237622219264023,0.1801197506392353,0.08787748979720232,0.09195741297443677,0.3533823686300393,0.17585937488654477,0.4336237513180991,0.15714702509954082,0.12648940654540353,0.7498739519652319,0.1774800487806871,0.02319994931728637,1.0002685853928992,0.15467325627726633,0.3602594605585482,0.09804515277854552,0.1686390058877218,0.26253093645668274,0.0589241669015211,0.07256937660026685,0.1602744446012429,0.07754892004463619,0.016551810756394066,0.17219844933397727,0.0238493506005935,0.10047807678485667,0.44846929345120573,0.5226992697084071,0.14275617879143546,0.4144456811184833,0.30778928611322603,0.2675143799459742,0.38926123526120937,0.6047191683627633,0.3214703150268312,0.13340167314861612,0.06448740686035727,0.03547247519045007,0.4400486417163119,0.11594583243430516,0.08678226604335783,0.4868361386902807,0.41531842339680247,0.1370537604260707,0.2941705676676441
KO_179,0.20288631980605337,0.25093180622068073,0.3686190622563328,0.23053115506448002,0.09790471755629572,0.2080500920106553,0.05889900901214455,0.16458254066588826,0.20238963061980864,0.09325369051296954,0.09643479848318867,0.6489557290399596,0.026871456083178282,0.2936652714794707,0.024043019066642194,0.17765088824375594,0.015380974044391744,0.18127270098993387,0.049484939972611414,0.06856231980482229,0.14913422850483274,0.20320395103802122,0.45209770704316427,0.001272592131579643,0.19928707066121276,0.04108485298763331,0.03422793516692212,0.11654731943976379,0.6763272647220665,0.15893413277593743,0.041378564335188814,0.5521476042020188,0.12760963683466392,0.21366941858874391,0.017881469177884315,0.22964154440658271,0.6260517920910218,0.26791794334813335,0.5670451397752669,0.39202906315471314,0.4896419223667639,0.014757207981236259,0.3418190283265828,0.04871297421659267,0.16748809615997276,0.7375913569089984,0.6946431916423481,0.26801789708870505,0.4926928205757645,0.5794557666786078,0.14092316627152646,0.09489843976984826,0.18223820927059797,0.7165602815900709,0.7098878159371633,0.10837720754377723,0.1602778400637212,0.02326757296710813,0.05159024093217428,0.1845591917098747,0.09702879506777169,0.08257639979689148,0.40719260964313714,0.18570282099865992,0.19433475432286365,0.6938240369113051,0.6957210693525905,0.01872478611936116,0.16301727249737633,0.21261869491336527,0.2471509960444383,0.22814339965906025,0.09993126143156132,0.3521518379263538,0.43908113563462586,0.6361924076868491,0.05959633605227994,0.7701440590767563,0.4997563369239229,0.41296751235503676,0.3756595019239943,0.6629867466278438,0.14523002662940987,0.13345284075027822,0.4606589263546938,0.24664755293917712,0.4311685849252688,0.26359911810824915,0.11722318841784617,0.07052554042475055,0.3887895601685406,1.0925484505875849,0.04497730340798867,0.2340938301247847,0.004917314419860614,0.2113986625587814,0.3006299578290061,0.4987748385744181,0.8938761492652857,0.6417007336832925,0.7360067976462255,0.2789251909592216,0.6159112342189861,0.6747951489292834,0.029778815776361073,0.8278374816938525,0.3304555996363323,0.08015817459865758,0.37498530060445734,0.7501709708972784,0.07541467093621274,0.5221824406159368,0.150025891212903,0.07091081033149842,0.04099025208050113,0.15827820483643193,0.1405112014476991,0.177853891324764,0.03019015932814797,0.10044071053383505,0.29754859692921376,0.039683761053447966,0.09498518063148315,0.10098380209227238,0.030792443699681392,0.22891354830828717,0.6390198078284132,0.13954628900195604,0.16425421989160227,0.5262734472977217,1.1879257938329308,0.12358196054215365,0.044561245679835736,0.7350742755590826,0.08312696269843681,0.5679875671068689,0.34181297871245936,0.07963601301776778,0.2968128604248386,0.22800731618985498,0.004764871590808314,0.23476771517659364,0.11465236472347239,0.045105271612758534,0.0074938509006865,0.7127704767261898,0.07077329827219232,0.33434578524610714,0.33639296769771965,0.12666695990956175,0.47226877279403784,0.02146979295693862,0.15893424782799656,0.15544552510920287,0.3368248128305774,0.09237410470685603,0.18011774578237114,0.08788335740164654,0.09194784651306302,0.35333887557965543,0.17585414757390755,0.43363547463524404,0.15713648168875433,0.1264756960592543,0.7498726808202033,0.177469185916867,0.023210903077008314,1.0002884360508928,0.1546642376258596,0.3602623308090172,0.09805456625804577,0.16864201280500904,0.2625133233671837,0.05892880300622198,0.07257589897309163,0.16024199152399998,0.07754642464888306,0.016556160952844103,0.17219631353247272,0.023848668992645306,0.10048989074862218,0.448426040779913,0.5226900639500781,0.14274319363275756,0.4144423784393672,0.3077865948021737,0.26752765301373016,0.38924617335948813,0.604737933677523,0.3214660119722488,0.13341449334297886,0.06450183338122553,0.0354658347364964,0.4400360030665121,0.11595652467156017,0.08680446243286032,0.4868414316863811,0.4153189025231272,0.13705942399605214,0.29414835219105634
KO_180,0.20288396818563642,0.2509114098744367,0.3685963981871571,0.2305484536948094,0.09791784506000113,0.20804130559152184,0.05890626991282169,0.1645735200343733,0.2023970315639429,0.09326457353919779,0.09645020808279098,0.6489846048236435,0.026881463808991857,0.29365093650021,0.02404252438708292,0.17764450751775487,0.015375940324574556,0.18128520290973985,0.04948767949513916,0.06856617331487636,0.14913679681606043,0.20320659798302582,0.45205808984734425,0.0012732302021305883,0.19930819407613967,0.04108499550189512,0.034233242819163366,0.11654008553192129,0.6763283751151793,0.1589029752538554,0.041380915010759335,0.5521609012638268,0.12759335516150158,0.21367995012265598,0.017886982296759984,0.2296260987011728,0.6260256221350645,0.26791121779201016,0.5670401492031396,0.39201919860129664,0.4896566648849151,0.014750365626798649,0.34184287205052116,0.04871495102499163,0.1674955133211435,0.7375879121106576,0.6946062919576158,0.26800895417744375,0.49270815498909704,0.5794576935917396,0.1409221323427455,0.0948917324102337,0.1822717851277841,0.7165494415913118,0.7099157739516787,0.10839528304543687,0.16026432661124285,0.023277638361765943,0.051589047038184135,0.18457499964077173,0.09702847167237333,0.08258086080216313,0.4072326388082411,0.18572712642331626,0.19434672359351457,0.693841227274651,0.6957752492531986,0.018727072146875752,0.16300006249181195,0.21263509831990593,0.2471582299411239,0.22812170929195735,0.09992440259762374,0.3521453349921934,0.4390967137225069,0.6362100704264119,0.05959875240108579,0.7701743530715336,0.499738150370031,0.4129600915242764,0.3756195072517133,0.6629894247400561,0.14524560683787893,0.13345901926717527,0.4606510298350023,0.2466629077843617,0.4312031871094313,0.2635737109697067,0.11720312913327087,0.07053708428040735,0.38878855280457947,1.0925988659297936,0.04497496661474052,0.23411435441566034,0.004921836215219342,0.211387727759014,0.30063636461788834,0.4987509679622357,0.8938913578237135,0.6417080596111541,0.7359271696519091,0.2789311320781314,0.6159361167961375,0.6748034195821656,0.029782746740312678,0.8278738289601651,0.3304774548356004,0.08014301619036163,0.3749729164233346,0.7501364013791089,0.0754191172391514,0.5221854597381673,0.15002867972493727,0.07090211228787212,0.040992130457588684,0.15828599339150107,0.14050776991991604,0.1778533106340103,0.030187959010492704,0.10044649084100432,0.29752962641744946,0.03968397163972613,0.09499192746350343,0.10099139256508718,0.030797296753866603,0.22890043940624966,0.6390374469341297,0.1395279744864842,0.16424390343483247,0.47166110182334553,1.1879359869042025,0.12358138343998806,0.04455661913740013,0.7350700438557358,0.0831142719677196,0.5679799292917861,0.3418006601182121,0.07963390825425411,0.29680668871210797,0.22802369419829788,0.004767013199606764,0.23479168365499284,0.11466974410707739,0.04511209194409852,0.007492814199374389,0.7127568432797369,0.07077999441237391,0.33433952946306156,0.33641162000671837,0.12667187814559142,0.4722574657655726,0.02147271349025243,0.1589411385148754,0.15542919138821654,0.33681012894701123,0.09238046083135468,0.18012104352033043,0.08788125085855483,0.09196252298519854,0.3533387859950189,0.17586840850929275,0.4336566390210459,0.15713628956965806,0.12649466313734353,0.7498990629741,0.1774756061187195,0.023209800821296957,1.000261566948026,0.15466583331270553,0.3602543503782006,0.09806088894851532,0.16863532163224748,0.2625214550835487,0.05893271549416412,0.07256767381344516,0.16024827251346702,0.07754226030259574,0.016553668983106135,0.1721961170428404,0.023847706425333168,0.10048205557319212,0.4484524859961411,0.5227003589737811,0.14275693775458692,0.41440832018589685,0.307804582136867,0.26752401026603434,0.3892583807342148,0.604730644223014,0.32145884716967804,0.1334054594171857,0.0644925876619477,0.03547747346471207,0.44004129258479413,0.11594258035918593,0.08678906784221006,0.48682026613367185,0.4153363979351917,0.13707289703484127,0.2941565042710435
KO_181,0.2029037136964714,0.2508958079094874,0.368632348783758,0.23054042352597537,0.09790603649228395,0.20803967074280488,0.05889820331918741,0.1645719598073517,0.20239013653278315,0.09325928219976176,0.09641970985644557,0.6489737981274076,0.026876816166112122,0.29368572334874615,0.024033923285718604,0.17767813263268817,0.015375773736100138,0.18127992090091397,0.04948290635620557,0.06855016080927667,0.14914249805413793,0.20320346746868026,0.4520679366844262,0.0012730388437323782,0.1992905780513733,0.04107133945062875,0.034216237170000004,0.11653844712166184,0.6763652489842809,0.15890005119893108,0.04138152037601343,0.5522199784917806,0.1275858706516799,0.2136854804376364,0.01788453518948242,0.22963735579526645,0.626038106008534,0.26794979525662194,0.5670737142890889,0.39205620704861943,0.489648997569934,0.014755559702454594,0.3418277556353972,0.04870281882938597,0.16750966642477547,0.7375456039743683,0.6946364094676196,0.2679914807556249,0.49272828502183746,0.5794475214715414,0.14094335231180258,0.09490007722468863,0.18224641262065938,0.7166139531382965,0.709979500963051,0.108389540878093,0.1602542567655439,0.02327446407315328,0.05159384167863598,0.18457600875954955,0.09703798879481232,0.08257540821470155,0.407273326547769,0.1856939963372543,0.1943303652015705,0.6938664092025093,0.6958034757634648,0.01873168018571427,0.16300724600014865,0.21260429054274518,0.24716290791202644,0.22812499670330355,0.09993244699791685,0.3521252858073267,0.439147822905981,0.6362177854858087,0.05960976947501447,0.7702121391841485,0.49974138355635805,0.4130091734214271,0.3756156086736978,0.6630145221587626,0.14522622244900435,0.13345941490707441,0.4606590672599591,0.2466537718065879,0.4312095193904543,0.263599905381195,0.11718849202824155,0.07052893834875641,0.3887774810262167,1.0926302549728026,0.044981019307703644,0.23408198108325098,0.004919005687827823,0.2113919568237405,0.3006248813649275,0.49877866239464164,0.8940125140582971,0.6417232539521686,0.7359938250314416,0.2789176837947495,0.6159316684994476,0.6748522900324803,0.029779383308962563,0.8278679117525855,0.33046847929752865,0.08014933807740769,0.3749895093661044,0.7502162118093394,0.07540222421266887,0.5221653543701678,0.15001148947225246,0.07089308604248289,0.040998399689563085,0.1582956233806627,0.14051030209151535,0.17782546929734283,0.030175966236196866,0.10044696040941162,0.29754316554870197,0.03968457394513715,0.09497865028850354,0.10098745107607922,0.030794456838939867,0.22889929712660118,0.6389681733173324,0.13951382697069126,0.164256838990908,0.5262656792239131,1.187946467163863,0.12356130629664795,0.044565409718588564,0.7350589253962541,0.08309722463758272,0.5679964536016806,0.3418081114974861,0.0796410267627523,0.296774756095607,0.22799876174950603,0.004766896564166676,0.23479295678344644,0.11464611913781428,0.045113100537852245,0.0074891965615286665,0.7127414567497949,0.07078148830726604,0.3343449778088711,0.336380511267664,0.12664740814440284,0.4722499054853287,0.021472490381471872,0.1589193400055435,0.15543606392070916,0.33680017203039975,0.09237331129919964,0.180122880958358,0.0878654932454994,0.09194994647952975,0.3533483714152478,0.17587272058327713,0.43359365818766277,0.15714305984881868,0.12648385587568434,0.7498818028027529,0.17747397118963537,0.023205895739016505,1.0002985883909417,0.1546541836819891,0.36028484810253275,0.09805619723286138,0.16865532686630866,0.2625522153789956,0.05893293342943446,0.072564806779195,0.16025786743106565,0.07752848132835556,0.016548295786208516,0.17218740191432858,0.023852168156008224,0.10046707127660083,0.4484582441574297,0.52269194711322,0.1427527128780984,0.41441386842150907,0.3077948490762761,0.2675053168149476,0.3892488162227882,0.6047146907489426,0.3214510325655519,0.1333926206932283,0.06447488852079847,0.03546358442770145,0.4400015528134864,0.1159646622449024,0.08679567202385927,0.4868446451643069,0.4153688172097171,0.13704888538503418,0.2941525241725353
KO_182,0.2028548691297652,0.2509653892426036,0.36857357009387376,0.23055314679256791,0.09792516979510904,0.20809065772671997,0.05890924855695204,0.16456671161819691,0.2024109102216295,0.09326733505898947,0.09647056680938254,0.6489912858234032,0.026880002969274463,0.2936423454728866,0.024043216599761923,0.17763562660602733,0.015377272776109861,0.1812731748375272,0.04948435792168016,0.06858974915347661,0.1491495051453219,0.20320514618605126,0.45206803719023514,0.0012731562386000268,0.19929968107214674,0.04107790891545252,0.034234779863276846,0.1165299085984459,0.6762801339275746,0.1589125713795379,0.041383840849849016,0.5521891609626458,0.12760354581701122,0.21364747300496031,0.017887011177654462,0.22960211008790538,0.6261083967579395,0.26787651396408885,0.5670480784526615,0.3920133858724977,0.4896371993059531,0.014752657473099841,0.3418745959624644,0.04872155590363372,0.16751034001617962,0.737614349169313,0.6946349450564286,0.2680156785224178,0.49272541227824956,0.5794817531320157,0.14091708496466693,0.0948968994501487,0.18225435961115047,0.7165232192007486,0.7099008643475183,0.10836809299213743,0.16028193232843155,0.023276722037216077,0.051579942900132576,0.18454078859117357,0.09703467904751745,0.08258443540815082,0.40723421718604125,0.18570414798869617,0.19433420328335008,0.6939029915348806,0.6957598678516245,0.018728247009463506,0.163041067274146,0.21262031528956724,0.24714422558004812,0.22814096364454134,0.09991538299367518,0.35220388864183905,0.4391214248048604,0.6361921611296953,0.059597596806740205,0.7701223896472904,0.4997020838640343,0.41296439451368644,0.37564617105561415,0.6629901338680257,0.14524888812625855,0.133448505808752,0.460624165859714,0.24663667101380035,0.43112792714667747,0.26359001937686183,0.11723601096700742,0.0705521004386541,0.38881508013987676,1.0926099067416974,0.044981171428006665,0.23417273613607542,0.004920616353792732,0.21139939781439157,0.3006462611214498,0.4987207789260472,0.8939586507133528,0.6416895394269706,0.7359911434600245,0.2789358786512478,0.6159466983811696,0.6748482717427902,0.02977380066945242,0.8278628808318597,0.3304809495084406,0.08014131602489681,0.3749386957329782,0.750143206617775,0.07542018397152742,0.5222344682216147,0.15002843485935238,0.07090207578472797,0.04099301075692514,0.15825818345532358,0.14049753606042734,0.17787239707064129,0.030191272272606363,0.10043262134099903,0.29755211865278236,0.03968956554008025,0.09499391375074376,0.10098076181802737,0.030795943684669307,0.2288937622461836,0.6390951276978811,0.13952712184603513,0.1642740641286246,0.5262665203877127,1.188059233637252,0.12357731143455473,0.04456578167561308,0.7350384246561519,0.08310935837372851,0.5679551933438902,0.3418128410961772,0.0796395878230537,0.2967726149592362,0.22802442847112375,0.004766560833964009,0.23475753476570038,0.1146833299609753,0.045115004625062474,0.007486000780648525,0.7127681980021446,0.07078455400094939,0.3343171024002733,0.3363884300893768,0.12668496218617,0.4722167748632028,0.02146736196060343,0.1589332806002208,0.15543724918902055,0.3368480263825518,0.09237946913214592,0.18012015742051926,0.08787401474781789,0.0919566802551257,0.35332516769196265,0.17587890664907782,0.4336234135850992,0.15715094770990984,0.12647402295637908,0.7499433429388584,0.1774810686860287,0.023213391987510774,1.000298298562242,0.15470151438658244,0.36026292026157225,0.09804214588189554,0.16865118910556293,0.26250229156546995,0.05893543993269688,0.0725629761373278,0.16024419873793194,0.07754021879366337,0.016550383401682717,0.1721900609194314,0.023844939902668446,0.10048491006480893,0.44845182452261134,0.5226515871725634,0.14276278127414507,0.4144076998735539,0.30779434669544514,0.26753657545099474,0.3892507663619758,0.6047578047921948,0.3214621878089152,0.13341402890539697,0.06447880092421654,0.03546509472383624,0.43996306473981556,0.11594713597210152,0.08679308567701875,0.4868307594685347,0.415382429373754,0.13703081863804137,0.2941901740163696
KO_183,0.2028785519275809,0.2509068474282606,0.3686195996455918,0.23054536173733323,0.09790534880274421,0.2080456788112821,0.05888339359486725,0.1645749639779516,0.20238751921669296,0.09325258710031106,0.09641481979791351,0.6490023063429838,0.026881074717388487,0.2936760686628309,0.024044675073040013,0.17765882627723664,0.01537300334937185,0.181298229907765,0.04948023026508873,0.06855580207138554,0.14912305174471713,0.20320401257711512,0.45207508118356377,0.0012736128483401927,0.19928168219272582,0.04107937084164758,0.03422982147987195,0.11651426223155191,0.6764193159412246,0.1589223356551063,0.041378963345143044,0.5521734479564563,0.1275987715659052,0.21369717970640412,0.017888000351605753,0.22963301715626683,0.6260657344315508,0.26794904473529857,0.5671163761265389,0.39202556806790617,0.48966938940637855,0.014744111117773753,0.34183921807376705,0.048710082053092685,0.16750002105439885,0.7376087651994133,0.6946217213206183,0.26800022066109697,0.4926866700975586,0.5794553576655589,0.14092420628839522,0.0948968084914819,0.1822623148179371,0.7165749920836532,0.7099158187284108,0.10838375600591893,0.16025693249329614,0.023275080970461343,0.051586439607902136,0.18457012488586902,0.09702491472063632,0.08257362452963203,0.4072420232083516,0.18568675130066586,0.19433487882012204,0.6938349203490621,0.695732694729764,0.0187219835511886,0.16302987616580122,0.21259451085196265,0.2471447547100061,0.22813205986695775,0.09993748129304533,0.3521340879300892,0.43911068968830197,0.6361231308665641,0.05960839031488879,0.7702012976799512,0.4997568151530735,0.41296340652856095,0.37561353579304035,0.6629864513267327,0.14524341137329616,0.13346650560836384,0.460645547990015,0.2466383244405989,0.4312162288732249,0.2635794102902925,0.11720310518756093,0.07054008103762062,0.3887997843965769,1.0926510008528056,0.04497895256051327,0.23411442153721698,0.004921740131421067,0.21140299082199732,0.3006468393360384,0.4987666685504654,0.8939931181507074,0.6416951220902408,0.7359536414978355,0.2789346900062386,0.6159115209972678,0.6748499963293022,0.02978877862504146,0.8278266108988163,0.3304784476954882,0.0801610303144994,0.37497580538095854,0.7502115267293384,0.07543795523532555,0.5222001548660898,0.15001479241886057,0.0709083185577777,0.04099986253080906,0.15828811885363067,0.14053028707224324,0.17783778093977656,0.03019354964519342,0.10045525415458732,0.2975416612362794,0.03968141349017536,0.09500345461569117,0.10096685949858265,0.03079215965310717,0.228904767847621,0.6390318189264201,0.13953388886677348,0.1642644918957841,0.5262702244604991,1.188004728785703,0.12356716059331883,0.044566960588855946,0.7350896229324855,0.08312425396082798,0.5679839049719668,0.3418379416463421,0.07962841506674685,0.2967851784878865,0.2280172473815016,0.004763254484782605,0.23478795360974822,0.11464220222591721,0.045117624714073386,0.007487481006598199,0.7127792232196425,0.07077774268580088,0.33439215394832844,0.3363979929642243,0.12667308566776672,0.4722748251682608,0.021472928896320957,0.15892269806275694,0.15545334266225136,0.33676660522103175,0.09236943126195228,0.1801105837165201,0.08787144859061417,0.09196756375231266,0.3533453153924224,0.1758596825832847,0.43362382552379225,0.15713792287646597,0.1264850334326772,0.7499553476048739,0.17747542720105994,0.02320727604155408,1.0002893334153302,0.15466750788636272,0.3602895859896882,0.0980525853090104,0.1686381414468854,0.26253297538333975,0.05892896029568292,0.07256226937563721,0.16024376243381158,0.07753948318367987,0.016543194413310265,0.17220477865334083,0.023847007148838036,0.1004720302687835,0.44839178408957575,0.5226677360114028,0.14275434565037826,0.4144159485370748,0.30777382818341353,0.26754933926272756,0.3892479786017054,0.6047499761546521,0.32145415542695444,0.13340207925386208,0.06447398987623605,0.03547225587636359,0.4400116305576663,0.11596760875428537,0.08678081780466901,0.4868683145231271,0.41532549692642745,0.13706713886090224,0.2941538758831694
KO_184,0.20286383435858352,0.2509267967540224,0.3685709730176731,0.2305472226732245,0.09791357509455408,0.20806162464781913,0.058905925819247716,0.16454817680132205,0.2023883083692321,0.09327230594502607,0.09645945127476128,0.6489667670578294,0.02688241148530872,0.29362846561175304,0.024045846927614516,0.17763279702108942,0.015382246909303857,0.18127804573260933,0.04949781580864423,0.06857625898933697,0.14912642103565027,0.20320738981423733,0.4520481291597418,0.0012729366562392456,0.19931203873725353,0.041083496712122594,0.034227947821975906,0.11653728199489431,0.6762861997866416,0.15890380188248499,0.04138513362850956,0.5521876709554082,0.12759918845102192,0.2136709489611799,0.017887717476889532,0.22961570672991813,0.6260349925654881,0.26792111589179324,0.5670434779597379,0.3920217402434598,0.48965509680896957,0.014751721172811656,0.34185514537100103,0.0487373965339589,0.1674820257222398,0.7376003407035403,0.6946504912409331,0.2679942033666331,0.492673976178343,0.579451191411068,0.14090291351002832,0.09489263625110057,0.182282114983413,0.7165439641065234,0.7099042102525579,0.10838187789658939,0.16026704107239723,0.023277141404114233,0.051591620426378604,0.1845414714120392,0.09702018816456735,0.08256647185340046,0.40722779282229316,0.18572353944950593,0.19435082668829154,0.6938244408443562,0.6957445553570307,0.018727493701540594,0.16300063512710028,0.21260025407526004,0.24714467538499796,0.228147079911563,0.09993108780825975,0.3521896104456811,0.4391177536035116,0.6361563971379087,0.05960468486008122,0.7701441865324558,0.4996952437047886,0.4129295819697407,0.3756138443153475,0.6629840591386517,0.1452256055146929,0.1334545479857491,0.46059319272060817,0.2466431898417069,0.4311706770432767,0.26357469576226705,0.11721949758885447,0.07053994294273035,0.38881071135185263,1.092589472294241,0.04497682091135343,0.2341428219326567,0.004919504205078778,0.21140631869845142,0.3006362876129495,0.49869124500673645,0.8939355184057094,0.6416969799435354,0.7359623603098849,0.27891652384290494,0.6159063721975779,0.6748457315682295,0.029778913316212213,0.8278246825490099,0.33045838978333864,0.0801462842121893,0.3749908096171155,0.7501636445369019,0.07541424360354636,0.5222009992925161,0.15003020155699184,0.07089424047028253,0.041000531364201766,0.15826501333022305,0.1405064676434009,0.17782157371290688,0.03018638173985921,0.10044397323277618,0.297571685435728,0.03968544682055526,0.09499967852016437,0.10098456087455593,0.030794082157603455,0.2288829191610043,0.6390065546121613,0.13953833708086663,0.16424486584406406,0.5262768415607588,1.1879799716002983,0.12356786657042601,0.04455251347206376,0.7350427783001658,0.08311721822474791,0.5679364086801314,0.3417851806609025,0.07963469027323727,0.2967800387032911,0.2280012808198343,0.004765926289853562,0.2347728163222922,0.11467158447914798,0.04510587023049792,0.007487439142310893,0.7127588630519536,0.0707841265994736,0.33432887116047266,0.33639114659074215,0.12666900951486565,0.4722457234507614,0.021467214169973565,0.1589294949616896,0.15545337275772206,0.33684149806516983,0.09237193802870267,0.18011652381304025,0.08787877975868418,0.09197026056020706,0.3533515643420614,0.17586921228613794,0.4336157097114729,0.1571572203226776,0.12650792969105124,0.749877953864337,0.1774954456496717,0.02320674415010463,1.0002670458733485,0.15467952288580897,0.3602433676265462,0.09804890231074713,0.16861354881893378,0.26250537685790243,0.05892891237132818,0.07256879753517054,0.16024023408925803,0.07755096875432027,0.016548809449191435,0.17217993177414623,0.023849321500528552,0.10049035367452538,0.44842213217589255,0.5226842731070804,0.14277488928511864,0.41440288478278353,0.3078121383126645,0.26755230262982654,0.38924523174707065,0.6047094880252866,0.3214573857867042,0.1334245994307904,0.06450492859796561,0.0354682130236778,0.43998353820520475,0.11595523796334899,0.08678841727694438,0.48682496433812017,0.41531722679089483,0.137071239687166,0.29418257828757277
KO_185,0.20285112621323273,0.25095165394015234,0.36859221736915754,0.2305249049521574,0.09792962817280863,0.20805461374888393,0.058908681313642054,0.1645469732188782,0.20239641621700485,0.09325949708047152,0.09645239865989491,0.6489787611535964,0.026884128588958143,0.2936605443741123,0.024041679549770902,0.17761541500192854,0.015375011132890479,0.18128668517865923,0.04949586436681241,0.0685830064945476,0.1491528496795226,0.20319620518087794,0.4520517143173933,0.0012731061145830082,0.1993045473629044,0.04107840150016638,0.03422280861066504,0.11652545155314267,0.6762954077396376,0.1589063347211828,0.04139354863291506,0.5521889387794108,0.12759057481999578,0.21364053975840455,0.017886938119938404,0.22958970411778704,0.626074312135908,0.26788927487154907,0.5670522428931133,0.3920149187645419,0.4896777022645837,0.014750831940570612,0.3418535344423463,0.04873628756961592,0.16750807975443283,0.7376588767417478,0.6946409397563695,0.2680286303552047,0.49271121199476825,0.5794360038183444,0.14091390938251783,0.09490458089567551,0.18225327577428752,0.7165326621612568,0.7098772591342751,0.10837425378296485,0.16028103378914288,0.02327460101735793,0.05158049865678783,0.18456848571551593,0.09702897674145143,0.08257905210785366,0.40719898830744156,0.1857189931687942,0.19432000967211374,0.6939014994966424,0.6957624458340969,0.018734392044889674,0.16302015500540232,0.21262183398044215,0.24715544629554906,0.22815834149069403,0.09994265091195835,0.35219487753290746,0.4390822463234455,0.636212619843545,0.05959671661453951,0.7701245258705426,0.4996888266254845,0.41290502965602144,0.3756248164298997,0.6629917331233445,0.14523150090798376,0.13343871499041787,0.4606450743370784,0.24664741310572133,0.43117773658633496,0.2635934653812436,0.11721774820626923,0.07053907384849788,0.38881211220817175,1.0926167584859674,0.04497323616158713,0.23416320697385015,0.00492156144178443,0.21137595699870806,0.30062609453768846,0.49869294823658694,0.8939215481792984,0.6416733983087679,0.7359472188917133,0.27890417331826023,0.6159397519641766,0.6748142245813583,0.029780456343912718,0.8278467946513465,0.3304521437495571,0.08013652883872849,0.374957151405996,0.7501909864425742,0.07541655752432276,0.5222118753211472,0.15003980605986825,0.07090171383189517,0.041001597441389544,0.15826775297134274,0.14049357831214312,0.17786419687113167,0.030194657438989442,0.10044037000548628,0.2975560965280737,0.03967929733589787,0.09499710670947442,0.10097110514902922,0.030802682910584838,0.22888877563719107,0.6390612732353214,0.13954736034391527,0.1642727417351613,0.5262686198770278,1.1879832304161388,0.12356820836847493,0.04455712785096854,0.735013623001313,0.08311961522111531,0.5679370774852159,0.3418022461029172,0.07961884996782705,0.2968116512498949,0.2279817972120902,0.004767643482348727,0.23477323622196783,0.11469721724786408,0.04510618666444473,0.00749201956437206,0.7127205831271154,0.07077261564011005,0.33433094257973184,0.3364083977356711,0.12668550120667862,0.4722543635644673,0.02146586913559773,0.15896028452663238,0.15543913111581398,0.33680508325259806,0.0923706698205885,0.18011850211565603,0.08787205680741034,0.09195626162748138,0.3533345898112418,0.17587364947768344,0.4336388189184595,0.15714977282054857,0.12649104146741214,0.7499288117322452,0.17748858768407616,0.023218330550589653,1.000287481002357,0.1546885997245506,0.36026558181876106,0.0980445563006494,0.1686530184018359,0.2624958924222686,0.05892998094312851,0.07256295655694568,0.16023553774124288,0.07754054016865497,0.016551246071699693,0.17218987092450602,0.023850698151206568,0.10048322223610298,0.44844190632423325,0.5226816710582222,0.1427597980051384,0.41436892566589845,0.307804538583943,0.2675466385181938,0.3892751298025327,0.6047299336399167,0.3214908111374356,0.13340903823370623,0.06448023013207402,0.0354643954586629,0.4400467659366038,0.11596989808122105,0.08678976911535233,0.48681105697427557,0.41535089175003653,0.13705011703563555,0.2941725450723209
KO_186,0.20284943947403164,0.250975113087205,0.3685494004089125,0.23053496623294267,0.09793245866186893,0.20809941161633577,0.0589281943204515,0.16455428703009736,0.2023839545685779,0.09326272044526239,0.09646621090838992,0.6489146233738071,0.026883349184134986,0.29364538717124616,0.024040992804937156,0.1776291237982049,0.015377801619659393,0.1812775762695949,0.0494946235158383,0.06859273888498564,0.14910699785488685,0.203192126303436,0.45204011620544765,0.001272741443277781,0.19930712705849699,0.041082889541793406,0.03422288654064716,0.1165425078906071,0.6762146950164287,0.15888444271352178,0.041399054290535246,0.5522429496611236,0.12759953839070778,0.21365332422867905,0.017884236006281244,0.22958819493636462,0.626078268971337,0.26785861472026445,0.5669532048657666,0.39203278333630515,0.4896612404358808,0.01475313615213952,0.3418538623574635,0.04873065524117558,0.1674981453031674,0.737592432852363,0.6945826562993577,0.26802369895872724,0.492690971787055,0.579493886122635,0.14091216294043304,0.09488643777070078,0.18228483619517327,0.7164980521733608,0.7099497481510784,0.10838062838662328,0.16029047105998145,0.023275933423277575,0.0515975151050972,0.1845276090101579,0.09701142337119306,0.08257403376663908,0.40722294398203057,0.18572259525475382,0.1943412843636476,0.6939176819262979,0.6957465020314693,0.01873038173013867,0.1630037748248115,0.2126214340197397,0.24711886320744836,0.22815668901451078,0.09991432825578635,0.35223234685050386,0.4391308242995176,0.636198477813853,0.05960856647358454,0.7701339736576173,0.49967279430318606,0.41296566021398146,0.3756782108152032,0.6629654781271082,0.1452479504219972,0.13341347639850878,0.46065642927566497,0.24664537915024115,0.4311378190775953,0.2635764393632791,0.11720664513717778,0.07052754523726668,0.3888418327440944,1.0925139161315816,0.04497962573647462,0.23414479087391443,0.00491932441744599,0.21137868779617888,0.3006418085922343,0.4986919501426996,0.893961505838883,0.641661487697139,0.7360016364569251,0.27891039963876835,0.6158995120023165,0.6748144991711327,0.0297802909248775,0.8278524413679309,0.33047329884540777,0.08014523627479207,0.37498393494884913,0.7501534553059176,0.07541841235430095,0.5222183569605812,0.15003393082087374,0.07090275326467639,0.040995808596366465,0.1582535639415922,0.14049894680409464,0.17785314184056988,0.030193181483356833,0.1004322527352203,0.29755424169052014,0.039683055572041215,0.09498930456165552,0.10097387539732264,0.03080726422226371,0.22887310077929213,0.6390513573647179,0.13953499102970948,0.16426085381445527,0.5262429204503357,1.1879550316181804,0.12357413307907318,0.04456148690654048,0.7349845674760933,0.08308019829074167,0.5679388076641029,0.34179097854854973,0.07964447380282276,0.2967745818704804,0.22799607492479898,0.004764762954890977,0.2347709729170144,0.1146922919407148,0.04510012059925824,0.007490277459617842,0.71274034393135,0.07078356919176974,0.33429883197059174,0.3363768582037273,0.12668978459480126,0.47225129761173307,0.02146521923690763,0.1589116955503175,0.15545112960710436,0.33687612012315415,0.0923832310743179,0.18011051655675106,0.08787895188861011,0.09195352329964773,0.3533144096311669,0.17591352532192808,0.4336194404035141,0.15717028193596913,0.12649446604044165,0.7498596240817346,0.17748574140661208,0.023212190493440827,1.0002818284630233,0.15468820060504146,0.36024051864257145,0.0980417633926582,0.16864111934375137,0.2625098129343396,0.05894264870731527,0.07256217502621512,0.16022985415631713,0.07754062364500852,0.016557549535673698,0.17218126536555206,0.023850814504610535,0.10048078019356385,0.44842731218191445,0.5226485336535174,0.14275192189721272,0.41437807371352675,0.3077978530994786,0.2675536213665878,0.3892733297359868,0.6047191618606899,0.32145274065334073,0.1334196054845785,0.06450098734307998,0.03546648219570546,0.43998803150716637,0.11595172900585982,0.0867908199611924,0.4868453263961931,0.4153447914982876,0.13706541419271306,0.29417892061284223
KO_187,0.20280642855895098,0.25099055574953855,0.3685423850718407,0.23051200071724068,0.09792158544902596,0.2081357527912226,0.05892438512478493,0.16453946367813196,0.20238606913977697,0.09326691438991447,0.09647683286789777,0.6489163702126041,0.026881757454425823,0.2936508649728806,0.02404023708100319,0.1775882899906631,0.01538181828153872,0.18128809820137662,0.049498095821575626,0.068602440710698,0.14912608478989559,0.2031992058915137,0.4520315645337446,0.0012730790359739618,0.19928904800729716,0.041079710177060726,0.03422641118444617,0.11655879655235814,0.6762292937766378,0.15890760386040992,0.04139073687029122,0.5521922281241706,0.12760893329548412,0.21361320972463546,0.017883576688289615,0.22956526063164293,0.6260601931530153,0.2678266465394844,0.5669810700260645,0.3920208320566074,0.489664712711708,0.014751595722139634,0.34186565020735765,0.04873609754981229,0.16751183695577881,0.737597908723147,0.694621249274117,0.2680354862131299,0.4927066787142353,0.5794925782725764,0.14092264060847226,0.09487105866965702,0.18227651762483799,0.7164715100086152,0.7098453172542478,0.10836002089325443,0.16032036678133654,0.02327964691929641,0.051601750782025155,0.18454626956884299,0.09702648814071017,0.08258417686636718,0.4072154528535184,0.18575079145440865,0.1943641473557689,0.6939395231272498,0.6957028357067104,0.018730943011256378,0.1630042818474522,0.21262906784564434,0.24710668727388183,0.2281790352250484,0.09991382878169967,0.3522889271845128,0.43913182678231594,0.6361983162593976,0.05959754684342263,0.7701223057801567,0.49964216329012995,0.41290355203263374,0.3756471081927322,0.6629755229947459,0.14524345853795395,0.13342292193699198,0.460675273568807,0.24664270600592172,0.4311028929995431,0.2635681257015438,0.11722264630445248,0.07054408271858321,0.38885738544977594,1.092542154672793,0.044976393624067496,0.2341606784424865,0.004921083702545339,0.2114047359349904,0.30063020951551467,0.4986648107205605,0.8939234555607734,0.6416499329356621,0.7359432687374641,0.2789146962847761,0.6158788882816761,0.6748290230104631,0.02978104511300463,0.8278388058989705,0.33046232950678783,0.08015554658288258,0.37493639989054245,0.7501490780946514,0.07542331753319831,0.5222586056058213,0.15004306377538587,0.0709141431719641,0.040990296380099614,0.15827148173438937,0.1404881521765498,0.1778632314884463,0.030197324613418137,0.10042492893409512,0.2975728250284613,0.039675139568255566,0.09500226988405655,0.10097080626862387,0.030805526393379475,0.22889139701447342,0.6391020405851918,0.1395552855583249,0.16428869572602012,0.5262407816068878,1.187989752428345,0.12357130592535463,0.044560013295074204,0.734996466537433,0.08313486676046704,0.5679142607712522,0.3418320726296692,0.07963265233620036,0.29678972571200674,0.22800213760518495,0.0047677115489808755,0.23472971875046514,0.11470983087920564,0.045114884126755954,0.007491090444621332,0.7127025829144171,0.07077546550740703,0.3342981092840845,0.3363882321635735,0.12668485858513528,0.47225476353587553,0.021461854109827063,0.15893915519802337,0.15543318691221086,0.3368445164309339,0.09237091447874018,0.18010858014610612,0.08786870295897885,0.09196394516419895,0.35335032260291194,0.1758981390808809,0.4336333418795999,0.15713284248310672,0.1265018490188475,0.7498293232705738,0.1774790834677364,0.023213433175471893,1.0002795058255904,0.15469225048439322,0.3602528060899164,0.09804078376660443,0.16862110518331044,0.26248998072265717,0.05894552957859895,0.07255482367904492,0.16025453196677583,0.07755374238055045,0.016554957612796968,0.17217888671680032,0.023850096318400318,0.10048341302543361,0.44846743200999367,0.5226542961036051,0.14274416919249933,0.4143809563809955,0.3078154097927764,0.26757348559732536,0.38927751256319415,0.6047469249139228,0.3214869255845879,0.1334140534378576,0.06448617842246665,0.035459019957279445,0.4399848172059498,0.11594898465187249,0.08680207505423732,0.48682790851494373,0.41534089012188435,0.1370569556548888,0.294164925690503
KO_188,0.20285554068501876,0.25095291350708193,0.368569130857568,0.23051264852116285,0.0979080274808055,0.2080935453272245,0.05890936753195044,0.164550332803624,0.20237756328096004,0.0932799369910098,0.09644362248625564,0.6489035842969199,0.02688545112215781,0.29365898689217523,0.024040215712600087,0.17761637735304506,0.01537903722020228,0.18127895078620326,0.049486699372928995,0.0685592658289977,0.1491177817928177,0.20320166684454422,0.45207092053010905,0.0012730432164335778,0.19929423733844465,0.04107447078852,0.03423013090143853,0.11655457653918111,0.6763116480241791,0.1589174065792076,0.04138940478108357,0.5521866303602488,0.12759315985117614,0.2136400225791364,0.017883930444312957,0.22959841427003888,0.62607041558976,0.2679018953482825,0.5670801340435658,0.39205791790730826,0.4896579749379499,0.014744470414826029,0.34184832812907323,0.04872457336201278,0.16751047734475322,0.737572911427871,0.6946594480027385,0.26800810346045495,0.49270592984618083,0.5794837795514188,0.1409030855853432,0.0948937761597788,0.1822623011251843,0.7165074071438609,0.7099020707543122,0.10839585998573097,0.16028749015830096,0.02328102781436476,0.05158825186935996,0.18454272299474508,0.09701180153504602,0.08257367228694071,0.4072115315481455,0.18572788408452826,0.19433743778105692,0.6939523805443086,0.6957567404505453,0.018731844784432617,0.16300906446071975,0.21262344622945484,0.2471495261670264,0.22815397316809177,0.09991542818816025,0.3521787970791219,0.4391432044160701,0.6362104268060413,0.05960594426429192,0.7701534459565014,0.4997031742012121,0.41294618164317276,0.3756418292299744,0.6629935020826359,0.14522779890157408,0.13344700647890798,0.46065668002060506,0.2466494794787493,0.4311615153568522,0.26358830314226595,0.11720630266980825,0.07053805273324486,0.3888142587811593,1.092608192429866,0.04498275524701002,0.23412104442565648,0.004923210215151459,0.21137538959223276,0.3006304743797661,0.4987056806454336,0.8939542238473894,0.6416789678152892,0.7359425393897256,0.2789048778541042,0.6159291341009934,0.6748238823323551,0.029779660032785014,0.8278457321887487,0.33049003256332027,0.08014813665801929,0.3749877024025098,0.7501983117506804,0.07542442056760659,0.5222144618574909,0.1500344069018273,0.07090714111626936,0.041000911956429645,0.15827057543767414,0.14049658610826882,0.17783857288568522,0.030192104658204776,0.100441789048217,0.2975544020841035,0.03967940960866004,0.09498928177122405,0.10098120436441844,0.03079826206988207,0.22886354553048252,0.6390467395557718,0.1395307842561804,0.16426715296258573,0.5262340827393374,1.187973762094009,0.12356899024043272,0.0445555315079559,0.7350138108512861,0.08311329640213735,0.567924966355285,0.34181464539835305,0.0796286031138529,0.2968026424299108,0.227983905238814,0.004765812331202742,0.23477120667353824,0.11469268256058507,0.045114920454432196,0.0074926492374460165,0.712735869133716,0.07077796669099805,0.3343356425720169,0.33638891989903236,0.1266739953221813,0.4722489793667355,0.021467979312749394,0.15892761276499295,0.15543415649685946,0.3368036851536027,0.09237338194792716,0.18012087935053533,0.08787056964474457,0.09196630921485965,0.3533523857550364,0.1758723473420621,0.4336433003641359,0.15713974244325862,0.12649868164825093,0.749855847568015,0.1774608830812679,0.023214491879626993,1.0002734693536397,0.15468604258478802,0.3602481256091321,0.09804811202459501,0.16864902048671082,0.26250240221325133,0.05893970951201231,0.07257391750029818,0.16025419220709738,0.0775383999810499,0.01655176617499992,0.17220327540369,0.02385640383742111,0.10048843559942862,0.4484320069993221,0.5226544400978255,0.14275911056162183,0.4144241692138315,0.3078062552675158,0.2675452854914492,0.3892593222285676,0.604719337397852,0.32147528713342316,0.13341942176666383,0.06449371517253756,0.03546817264165581,0.4399962547044889,0.11594764713695958,0.08679907933684305,0.4868161793514368,0.41534795699332305,0.13704480940874422,0.2941680680535495
KO_189,0.20285887281170684,0.25093718193607584,0.36858072445001133,0.23053009048629391,0.09791260060835377,0.20810835603828343,0.058906745420141876,0.16455359721230312,0.2024017962082156,0.09327475146283357,0.096447517321438,0.648987058732549,0.02687739821378493,0.29368254154452444,0.024044950986374443,0.1776508319497994,0.015383331096438633,0.18128141780684534,0.04949563081604594,0.068576953432999,0.14913080566576886,0.20319769130512036,0.4520680682956597,0.0012744891390186568,0.19930291624921415,0.041082768225467255,0.03422765081602134,0.11655958138040313,0.6762577150948801,0.15891210670478859,0.04138469763244198,0.5522142205939949,0.12759684194103355,0.21365660208758286,0.017879687992267794,0.22961153759640776,0.626049603788634,0.2679379843730412,0.5670134312746197,0.3920505078680577,0.48965147756975036,0.014755869743990725,0.34185127632118006,0.04870594857205589,0.16750392273805792,0.7376254273133863,0.6946596335985802,0.2680098018527896,0.4927055062012853,0.579455961549947,0.14091871950563906,0.09489685209378475,0.18226964509153645,0.7165319502613617,0.7099235532201106,0.10837153116446933,0.16025523416482226,0.023266722795076755,0.05159470961303257,0.1845554418037876,0.09701103706090834,0.08257602732664791,0.40726159939000295,0.18568644932526454,0.19432260269793633,0.6938764842731998,0.6957715367958175,0.01872983954077137,0.16302919163156135,0.21261432506554118,0.24712577837319033,0.22815060754199395,0.0999263906621586,0.35220507846560767,0.43915562055980417,0.6361836515952238,0.05959832396837299,0.7701664211465523,0.49968394533339067,0.41295278542682445,0.3756408216377827,0.6630209634579242,0.14523657150681338,0.13343153998103705,0.46064026081183385,0.2466535328105533,0.4312118058397151,0.26358616212464664,0.11721150283159401,0.07054680590596286,0.388773048828671,1.0925763143223188,0.04497198995165789,0.23411501699059414,0.004916984306135416,0.2113820150421663,0.3006169971177361,0.4987646978438172,0.8939402687130461,0.6417536076200874,0.7359786749569543,0.2789172010372564,0.615915159694153,0.674796219329462,0.029773638144893415,0.8278483083731945,0.3304890647054572,0.0801513008129822,0.3749836989576717,0.7501913430391034,0.07541770997441065,0.5222203459277004,0.15002191785491648,0.07089784547394652,0.041003580230038646,0.1582506852044973,0.14049180430917527,0.17783355474133797,0.030187550416950547,0.10044923310180488,0.2975270926624326,0.03968704585367593,0.09497913529722121,0.10098560599765471,0.03079703364434675,0.2289008408544703,0.6390272232961297,0.1395152735847234,0.16427873285183342,0.526269092222343,1.1880351127310382,0.12357490352625082,0.04455437499618147,0.7350325841530561,0.0831141983704696,0.5679816397578562,0.3417935155784152,0.07963670526382528,0.2967935797251196,0.22801182211408044,0.004765595795742818,0.23476382118079028,0.11468311642979669,0.04511029811812646,0.007489965446843688,0.7127677769280631,0.07078626970856723,0.334335251313687,0.33639765351650175,0.12667642898884,0.4722830007794837,0.021470233960540763,0.15894051685714589,0.15543868544634493,0.3368025447291199,0.09235975045037123,0.1801072205089353,0.08786872033474806,0.09195905405280151,0.3533249025784343,0.17588038204895176,0.4336723851648418,0.15713300080193143,0.12649592323048872,0.7498947812538033,0.17748216552018714,0.023207208271051768,1.0002405995001695,0.15467706457193658,0.3602596157077153,0.09805143858525561,0.16865934516056263,0.2625198664053546,0.05892861736839335,0.07256965025350468,0.16027027412069245,0.07754136639965498,0.01654942286920062,0.1721920468023837,0.023847720335198396,0.10048283549244315,0.4484395292306375,0.5226593930291928,0.14274387901672217,0.4144280217465552,0.30778293188273226,0.2675374244934804,0.3892232842642983,0.6046781391345648,0.3214631520105426,0.13340816675421505,0.06448813362022873,0.035463522807968224,0.4399992349718912,0.11596065055611673,0.08678926610862471,0.4867855845091626,0.4153629885979098,0.1370703647540242,0.29416204262384854
KO_190,0.20286353896520842,0.25094194279795445,0.3685615889002217,0.23058171156376714,0.09793993245483953,0.20807944033273584,0.05892171812333111,0.16455203175191113,0.20239335643271938,0.09327119550691262,0.09645345155403544,0.6489432737365212,0.026875633274920145,0.29360476886465675,0.024041252300179262,0.1776261213764058,0.015382167013294954,0.1812788013178835,0.04949998127530188,0.06859086273373163,0.1491380343453063,0.20318303276480326,0.4520521321072439,0.0012734660086167514,0.19929154729222828,0.04108111222444458,0.0342334528323141,0.11656767634389154,0.6762839505069788,0.15892780002630483,0.04138903001245616,0.55223553054213,0.12759358637989673,0.21363738201180357,0.017893171249835266,0.22959023875556267,0.6260334138038648,0.2679005716970376,0.5670129899698145,0.3920348590517595,0.4896749674778737,0.0147496424196037,0.34187417801225845,0.048720822892111625,0.16749951874243793,0.7375490100132458,0.6946070138021618,0.2680128247049227,0.4926918582562943,0.5795081567662534,0.14091805721256742,0.09490086462838963,0.1822520992724477,0.7165023784314292,0.7099485557873342,0.10837752234598665,0.16027630007837995,0.023282145965188093,0.05160010035280785,0.18454346840025496,0.09703298182587135,0.08258237347574303,0.4072156296889935,0.18572377203026155,0.19435919182792444,0.6938730631887895,0.6957225863126089,0.018736556090444362,0.16301853595110777,0.212620257281221,0.24712364671699036,0.22813364308387407,0.09990475961911288,0.35219898805756533,0.43912250839235584,0.6361606319437385,0.059609337825330386,0.7701160563487952,0.499633532860866,0.41297624503160874,0.3756322995181391,0.6629873393928442,0.1452245576122921,0.13345244725030672,0.46059027428085886,0.2466398762897774,0.431122461756646,0.2635807108883199,0.11723300330295254,0.07053600372416881,0.38883093063338037,1.0925536687288506,0.04496858030505511,0.23415046008872087,0.004919627886677796,0.2113993808678896,0.3006291477030429,0.4986959476683812,0.8939378148839969,0.641637928796703,0.7359748075915519,0.2789177056909547,0.6159151915937132,0.6747752291193373,0.029778608799132283,0.8278135038571568,0.3305178343213748,0.08013874960857725,0.37495066162384294,0.750081855567209,0.0754266000012973,0.5222106644835898,0.1500126319023189,0.07090225993564823,0.040991682398279224,0.15829050781445062,0.14049440030162932,0.1778364614883605,0.030190790775828574,0.10043885555064612,0.2975906015072055,0.039683543180753005,0.0949846577209393,0.1009718219758164,0.030798269568181623,0.22887758951036835,0.6390441417203819,0.13954427728413615,0.16425023012505804,0.5263089549137068,1.1879834601921113,0.12355886686149446,0.044549478280011476,0.73505878744206,0.08312180705343467,0.567976425548891,0.34180071436281423,0.07963115090382597,0.2967969705034486,0.22799623759244858,0.004765959083345567,0.234768173550349,0.11469276640002697,0.04511122134403617,0.007490287593682536,0.7126976848228134,0.0707822450317417,0.3343182337465662,0.3363947579097743,0.12667327894380304,0.47224082963944386,0.021463522549180717,0.15892018018217696,0.15542240915816238,0.33683286234643167,0.09237674843201976,0.180125254522092,0.08788744613260982,0.09195277940856436,0.3533696807388036,0.17587287782000077,0.4336481783953997,0.15715404679142717,0.12649963184516827,0.7498775394076641,0.17748756785911632,0.02320840917713539,1.0002560726447716,0.15467269310317583,0.36025228148787414,0.09805646565738188,0.16864347813567548,0.26249630311549876,0.05894228018004535,0.0725588060906867,0.16023622708128166,0.07755344947233807,0.016559177096534143,0.17216265120200192,0.023847544462677644,0.10048559688213238,0.4484338437136297,0.5227256732452843,0.1427619254291762,0.41444025219363234,0.3077951888924985,0.2675545600872243,0.38925113601333045,0.6047075784797562,0.3214650379455072,0.1334088289140249,0.06450960646442698,0.035472917657868204,0.4400358209076526,0.11595323843815687,0.08678552780794643,0.48681828441037245,0.41534147539052996,0.13708775897024758,0.2941827317090206
KO_191,0.20285006445750375,0.2509718796699694,0.36855697892692524,0.23049761146552342,0.09790927535396837,0.20810082628502433,0.05892451172600854,0.16454686982348485,0.20239929883622917,0.09326480927054892,0.09646353309352955,0.6489388685611673,0.026880017909694083,0.2936272421252994,0.024043347450056277,0.1776115288240851,0.01538182404891754,0.18128574516497903,0.04948706047700412,0.06857955844772345,0.14913634611923146,0.20319342569828772,0.45203067245090006,0.0012719833076853704,0.19928818123834313,0.04108724923863137,0.03422993394868192,0.11653788482554572,0.6762898485609563,0.15891411880771456,0.04138408067588933,0.552166041308908,0.12760577374868298,0.213644121757764,0.017881208195115794,0.22961410091747422,0.6260859374469826,0.2678805828412664,0.5670350218036512,0.3920239054876393,0.4896452695344522,0.01475376347077353,0.3418376154280329,0.04872330353383007,0.16751051581660814,0.7376401640589177,0.6946262383281778,0.268024782343992,0.49273282920009936,0.5794687803444585,0.14090971895534848,0.09488748176679962,0.18225798870539792,0.7164743624680795,0.7098969814812639,0.10836799946013702,0.16030393008834,0.023282130384128696,0.051590783582357864,0.1845557791761253,0.09703613909000249,0.08258760583945816,0.40719340538170645,0.18572083798455036,0.19433483877784777,0.693936580932118,0.6957424578571277,0.01873044354461125,0.16301127957017042,0.21260678839791997,0.24715211536599888,0.22814386622591948,0.09991323729165004,0.3522073340986089,0.4391023917629118,0.6362006902794011,0.059601519663363856,0.7701388215538135,0.4996924640076481,0.4129525895140191,0.37561791330880756,0.6629803759951096,0.14524154137582995,0.13343312314662578,0.4606784577145249,0.24663729684278762,0.4311214396155089,0.2635902301938756,0.11721451562856114,0.07054551540817293,0.3887937546699936,1.0924917822859925,0.04497275750613312,0.2341177189529158,0.004916832222380175,0.21138407607973705,0.30061203147369864,0.49866293044674065,0.8939046314093205,0.6416978538775571,0.7359963415288846,0.27890182089526827,0.6159478799150392,0.6748014061395021,0.029782400202176765,0.8278602726180758,0.3304675246716274,0.08014971101824857,0.37496555581226126,0.7501301164909167,0.07541746540923723,0.5222443024150605,0.15003506286686724,0.07091044238004802,0.0410003592763246,0.15824344921101954,0.14050984343950337,0.17784140232083928,0.03018380773915157,0.10043185451167429,0.2975720152626788,0.039677864684762226,0.09499544835613484,0.10098779948859964,0.030808112768304145,0.22888712145406487,0.6390478006538232,0.13952701064004233,0.1642865158277957,0.5262610103831986,1.1879861429446754,0.12358377851990061,0.04455717835295756,0.7349749868518053,0.08312564162750112,0.5679555340616326,0.34177961510558963,0.07964329972166845,0.2967942432049542,0.2280030430246846,0.004767913410806557,0.23477568549071573,0.11469521956963781,0.0450994178767183,0.007490931269925802,0.7127608002885127,0.07077260304417873,0.33428315467774145,0.3363835340231937,0.12669437832126496,0.47226891009295807,0.02146483819083572,0.1589254587763758,0.15543409736979824,0.3368171490765553,0.09238078148136676,0.18012462600080026,0.08786758013863093,0.09195721123430674,0.3533652779322314,0.1758776292763514,0.4336163634805214,0.1571513072838109,0.1264981117826976,0.7499297355674638,0.17750179566755026,0.023209584617656664,1.0002509873228869,0.15468053138715757,0.3602231243580377,0.09803884572740798,0.16864154881823926,0.2624974726948881,0.058938602877704874,0.07256880571180248,0.16024075618708367,0.07755669233078484,0.01655537264113081,0.17219462144155548,0.023854766958930382,0.10047316615908394,0.4484514338134503,0.5226445816992716,0.14275834105112947,0.4144001423914346,0.3077989514959409,0.2675437052265601,0.38927336643320604,0.6046859700250634,0.32147835799788005,0.1334318595695272,0.06448525337343917,0.03546670398146957,0.44003466365468613,0.11596204605327527,0.08679982203376524,0.48685452272863233,0.41537413838921383,0.13706183260274166,0.29412499319162433
KO_192,0.20284085683941222,0.25098003994444,0.3685326854686881,0.23053370382972466,0.09791540458965262,0.2080868945873603,0.058915190462202616,0.16454619836424061,0.20239475885662372,0.09327666344100263,0.09647046938230805,0.6489044518065752,0.02688165731941199,0.293634388971152,0.0240422016250722,0.1776091642016346,0.015381029311373204,0.18127276086974362,0.04949578719873142,0.06859653555738708,0.14913585505452454,0.2032021111369776,0.4520472688557735,0.001272975477205498,0.1992787135809547,0.041085635200616144,0.034228189606193477,0.11656722614040756,0.6762537300135015,0.15890324156064295,0.041374652745652274,0.5522058487263356,0.12760686500116433,0.21361658963315747,0.01788362892760987,0.22959069825465403,0.6260924429296363,0.26790170609182234,0.5669674374638917,0.39202171058914614,0.48967249806072644,0.014754089556405402,0.3418539629749776,0.04872029689521195,0.1675100128299722,0.7375990637761269,0.6946590492969679,0.26805085478150015,0.4926867467373345,0.5794751606318264,0.14092026869146368,0.09489403907197137,0.18225130968556985,0.7164290457398782,0.7099115866359792,0.10837343373333558,0.16030549916939654,0.02328371866451651,0.051601103669114384,0.18451382748140324,0.09702418641708013,0.08256799585021388,0.40720722178828606,0.18570562846619346,0.19435317673438948,0.6939005556260636,0.6957009339709045,0.018729737782757824,0.16301359194923656,0.2126262358928864,0.2471349620389309,0.2281450963748208,0.0999246090409795,0.35223413279643484,0.4391281117752765,0.6361853413668531,0.05961288318567997,0.770127953225523,0.4996666241535649,0.4129452470984976,0.3756631351024591,0.6629977928677877,0.14523189079203513,0.13343221812666098,0.4606733864503787,0.24665358426211603,0.43110438356347236,0.26356383148330914,0.11722784915789379,0.07054607028478477,0.388824048226623,1.0925554149090089,0.044982216197194294,0.2341677522497874,0.0049195030645345205,0.21141592053932232,0.3006294715089802,0.49868983055235094,0.8939595886643938,0.6416725307479603,0.7359592072467648,0.2789037511662822,0.6159073575632016,0.6748241579370255,0.029769541598754196,0.8277801608832598,0.33047297086179217,0.08015505585000458,0.3749715558621663,0.7501452292914209,0.07542617227746418,0.522274852680152,0.15004244079921578,0.07090338260622968,0.04099756882280879,0.1582719341060315,0.14050479387057976,0.17784275451559245,0.030200597996583107,0.10042315382999192,0.29758783645439624,0.039680901296650355,0.09498228538060098,0.10096561646316163,0.030796443453917407,0.2288790206946045,0.6390872783391228,0.13952063983960547,0.16427516723833255,0.5262701718540977,1.1879455724639183,0.12357244833652582,0.04454970850490279,0.7350706496350645,0.0831198803971588,0.5679138145766877,0.3417932442742592,0.07963888066706987,0.2967749482695894,0.227990906836695,0.004768587911696288,0.23478569479340675,0.11469197137296623,0.04511051114788676,0.007490785192279036,0.7127548548255359,0.07077700800352747,0.33431539334955895,0.3363941785381885,0.12669588250723118,0.4722353880184533,0.021465268096689832,0.15895677109654144,0.15545038882684317,0.3368296915404487,0.09237366503715778,0.180109224747648,0.08786695189273094,0.09195229969756914,0.3533197738627248,0.17588990745646157,0.43363326393804347,0.15715049984909915,0.12650036471326206,0.7498842180627958,0.1774860542706815,0.023211389393816083,1.0002711964863489,0.15470326310332283,0.3602303019314922,0.09804095529483463,0.16865166528222195,0.2625046435427647,0.05893088036346292,0.07256435483098052,0.16025334017489581,0.07754279454187626,0.016552902927757858,0.1721896266246611,0.023851402211684938,0.10048045038938953,0.44842849351368796,0.5226464802829441,0.1427733518511627,0.41439870212925667,0.30780300246244596,0.2675411487318961,0.3892340501926293,0.6047351841400535,0.32146396768077395,0.13340674442284722,0.06450239050945585,0.03546180617761733,0.4400098467815548,0.11596268020746064,0.08679388942865135,0.48684263645459397,0.4153511482073843,0.1370615800752233,0.29414863525070284
KO_193,0.20284642386013915,0.2509623244152952,0.36859586236420017,0.23052343089751973,0.09791732459410618,0.20809096908585795,0.058908030273467415,0.16455145193613888,0.2023937016704424,0.0932582386203951,0.09646255222396408,0.648952244748946,0.02688386249930321,0.2936713956685177,0.02404140165884,0.17764252321341253,0.015377656190159274,0.18130011043405808,0.049488292192265707,0.06858265014086508,0.149143040369354,0.20321101089890278,0.4520798806368519,0.0012738461260155163,0.19930844079892912,0.04108120033896457,0.03422180058946471,0.11654000576323979,0.6763023876509414,0.15891126778306106,0.0413849414716801,0.5521836836049491,0.12758574991914032,0.21364575595773888,0.017885704075294422,0.22961577381208084,0.6260318061135882,0.26788648999107045,0.5669994340618799,0.3920166242499256,0.4896644122026855,0.014756940963943718,0.34185583617797866,0.04872571722402017,0.16749597998835397,0.737627412510491,0.694620447903838,0.2680158812575511,0.4927296203778155,0.5795234586750045,0.1409286288602762,0.09489680486136154,0.18225824942855157,0.7164889743181978,0.7099210692068063,0.10837564445574949,0.16029208289989708,0.02327573010124396,0.05158735603073282,0.1845521611197788,0.09702061290174913,0.08257650722962627,0.4071931866414851,0.18570862252734363,0.19433351179948954,0.6939357204492095,0.6957248981807901,0.01873047827486852,0.16301155053224842,0.21261995840084555,0.24716479782570328,0.2281605679962949,0.0999309257416267,0.35219678420913836,0.4391200076680912,0.6361465747508893,0.05960840973711034,0.7701381569082353,0.49972012610321737,0.41292589788507206,0.37565433717114305,0.6630007528439607,0.14522771735426127,0.13344220551386304,0.46063974656042267,0.24664704226120485,0.43114479886824636,0.26360719917039604,0.11722243078819394,0.0705313852842069,0.38883357747443037,1.0925612103399451,0.04497643188566032,0.2341425874481965,0.004922164280871654,0.21138307598871045,0.30064673245912643,0.4987382441425414,0.8938776815419182,0.641679404152429,0.7359929298732601,0.27892338814684153,0.6159079500478194,0.6748133255276407,0.02978417369349157,0.8278495690587809,0.3304826283043225,0.0801463413799057,0.3749632344146428,0.7501813605153493,0.07542649898078273,0.5222340650494155,0.15003458840291994,0.07090039614201436,0.04100376371812084,0.15828511699721343,0.1404996644684955,0.17783949409338867,0.030194162408004176,0.1004391718224118,0.29755269722381184,0.03968060088917089,0.09499336671203099,0.10096731784375484,0.030797419106556267,0.2289181833152564,0.6390642967198222,0.13954533915365402,0.16426640992221497,0.5262750697840516,1.1879924742359775,0.12357430995959101,0.044564809791701264,0.7350346924059641,0.08312844359851097,0.5679590485734313,0.34180872514452715,0.07963548084324916,0.296799555808514,0.22800074601412368,0.004764625476608346,0.23475878843128048,0.11467938240167781,0.04510407322764228,0.007487129499598765,0.7127263397185499,0.07078257727668567,0.33434277946683877,0.336387219982166,0.12668171900298592,0.47226301395495124,0.021467871264847026,0.15893208753921678,0.15544417243808076,0.3368224803860055,0.09237983991919052,0.18011193274697368,0.08786969819897958,0.09196378205278626,0.3533420565334399,0.17586913726847134,0.43362816822156697,0.15713547074850961,0.12649199965606742,0.7498972548342867,0.17748262761069847,0.023205225578804986,1.0002705227824067,0.15468625945850853,0.36027787017422636,0.09804246977344129,0.16865782876320498,0.2625070022403829,0.05893307633836955,0.0725636575497235,0.16025606779965357,0.07754917868899186,0.016556811385302895,0.17218998856826923,0.0238471872389192,0.10047912514530846,0.4484019671342965,0.5226325419768042,0.1427443006749212,0.4143896970165004,0.30779535645436806,0.26753558162278573,0.389257625581088,0.6047571851115994,0.32147296275927556,0.13339222634265985,0.06449236874555915,0.0354604256821694,0.4399711483067604,0.11594861065827276,0.08678826613647249,0.48680685115462924,0.4153579282714412,0.13706645050861813,0.2941668560692736
KO_194,0.20286736947510653,0.2509319170388817,0.36859785989169014,0.23053065527241615,0.09792869205032553,0.20804726145424823,0.05890829695763483,0.16456317159570633,0.20241221664913875,0.09326569770516822,0.09644309930088402,0.6489328115235266,0.026874848128002986,0.29367230074446643,0.024040426526122174,0.1776141975691775,0.015383877269223176,0.1812867207237567,0.04948852344136805,0.06858008644909941,0.14913324876309697,0.20319237600811196,0.4520452233325921,0.0012719907205539559,0.1992787074431056,0.041072285928187305,0.03422401217279323,0.11654106072856474,0.676293746075735,0.15892942812450545,0.041385014222134274,0.5521822069280359,0.12759882835409553,0.21366092556878613,0.017887775531660974,0.22961226844978516,0.6260358879822316,0.2679198797835267,0.5670259856325943,0.3920482896325434,0.48965356819986533,0.014748221425533723,0.3418384661803478,0.04872034687962638,0.16749957664939036,0.7376053001385456,0.6946282909179782,0.26802680820804975,0.4926966594650598,0.5794730082613032,0.14091290079707552,0.09489862755425921,0.18227802902860693,0.7165553104619289,0.7099039035481404,0.10837994524771784,0.1602833042729748,0.023278679843796814,0.05158820412698619,0.18455657816797788,0.09703336472484268,0.08256285906625455,0.4072249077187515,0.1856955667622639,0.1943428414942503,0.6939053440157762,0.6957904974278154,0.018725558354432417,0.1630004593800545,0.21261342875176958,0.2471503209783032,0.2281404683881307,0.09992485391787691,0.35214381293401126,0.43908208775721486,0.6362205850425959,0.05959197559869474,0.7701403342591139,0.4997177128199775,0.41294554092839625,0.375610581993545,0.6629961597151348,0.14524904464431954,0.13345878451133725,0.4606453160586752,0.24666969273687614,0.4312042256147771,0.2635938497368342,0.11720252004038877,0.07054169618213038,0.3887950207266465,1.0925855216842228,0.044974049482855515,0.2341401375866292,0.004920470418349885,0.21138696445754052,0.3006330159279205,0.4987337564087223,0.893970435161086,0.6416944813276478,0.7359790842962829,0.2789265100711003,0.6159229632814777,0.6748075691107321,0.029774924182343013,0.8278632488385219,0.33044842872147845,0.08015224326874248,0.37494819383656136,0.7501720523372659,0.07542389983642589,0.5222179031577815,0.1500380181295487,0.0709132149346479,0.04100050570002832,0.15829296700556492,0.14050003769077402,0.17784537463071193,0.030189583746450883,0.10042855118297613,0.29754422523419927,0.039681055535950555,0.09498326671600874,0.10098286180986189,0.03079918415611702,0.22890103842817008,0.6390582416401601,0.139542914016352,0.16427472271869292,0.5262903043023318,1.1880261382243718,0.12357034635417491,0.044556865898431275,0.7350818994454478,0.08311412497093298,0.5679503177942826,0.3418162966345535,0.07963403008355394,0.2968044270233945,0.22800438128079104,0.004763441333875571,0.23477908344235454,0.11468906617570106,0.045116643087197546,0.007488835250547147,0.7127910849935728,0.07078381053298982,0.33434116027357813,0.33639229987956326,0.12667747948323016,0.47226685579598326,0.021467659507281828,0.158934009207187,0.15542295005711024,0.3368166443725346,0.09236523351644406,0.18011858843279982,0.08786268292004412,0.09196925422009866,0.3533138981127499,0.17588037417161856,0.4336384316696493,0.15716324763448514,0.12650201889471818,0.7498991282223776,0.1774783627155856,0.023208835493153383,1.0002738570676222,0.1546891273639098,0.36027084632613476,0.09804223381520333,0.16864807548358365,0.2625142129270897,0.05893478431641896,0.0725665272090237,0.1602497908129249,0.07754900578215057,0.016544282654640224,0.17218822780132895,0.02383821728670495,0.10047680429527309,0.4484804575225774,0.5226745529446062,0.1427519378172322,0.4144054404812733,0.30777595003826874,0.26754600878108226,0.38926139719990843,0.6047907510785365,0.32144604306379126,0.13340776306143579,0.0644935245145724,0.035468104317743034,0.4399996282288321,0.11595205191845005,0.08679057613377723,0.48678176295609576,0.41534306570356844,0.13704962139295018,0.29416381215094983
KO_195,0.20290751429062634,0.25087350046240636,0.36863822946687513,0.23056645260555161,0.09792196441896277,0.20799956072108572,0.05888159723109264,0.16458041167723675,0.20239606918471947,0.09325584997760306,0.09643271668505367,0.6489831620683143,0.026880008725530195,0.29365158490387455,0.024047491732170523,0.1776725653365808,0.015375774146718183,0.18127744515486893,0.04949800570621644,0.0685472250129909,0.14915045917086298,0.20319962667780564,0.45207524296716295,0.0012728385398219938,0.19931636947939285,0.04107298944945731,0.034224564357534085,0.11651363132984549,0.6763571945533413,0.15891480944513187,0.041381655583127515,0.5521809572074118,0.12758770775481829,0.21369386477535174,0.017887257202782687,0.22965417545294697,0.6260603583110377,0.26796253175886847,0.5670717299894671,0.39204003383560965,0.4896656623511037,0.014750585361066241,0.3418364457187107,0.04872091649503447,0.16749766953630868,0.7375360387515737,0.6946266056041811,0.2679919095172227,0.49270529885521597,0.5794585113818332,0.14090861406294977,0.09489951144249346,0.18224209455664458,0.7166642924622767,0.709992415626426,0.10838977269261628,0.16023370798053735,0.02327026271953418,0.05158773418890707,0.18459748438640236,0.09702034578215805,0.08257210147325429,0.40724141504919437,0.18565731536451038,0.19432706266638108,0.6937827789550763,0.6957633488709798,0.01872968273862301,0.16302122538531696,0.21261834156866832,0.24716991213115863,0.22814115230805423,0.09992874835083056,0.35208408059216934,0.4391032202651683,0.636146184531,0.059606441174022244,0.7702006123633461,0.49977129715356505,0.4129977167913957,0.3756217854474212,0.6630206492831532,0.1452326134180171,0.13346968295793482,0.4606459912982367,0.24666048655356532,0.431233902737831,0.26360420056025935,0.11720742706141182,0.07053488677249684,0.3887856094546994,1.0926786409085694,0.04497285118280243,0.23410187269876792,0.004921167239414456,0.21137192146946496,0.30065810921986225,0.49876497573995093,0.8939531853725334,0.6417655163249322,0.7359963465307687,0.27892172191959747,0.6159452535197222,0.6748317591354468,0.029780377357798593,0.8278303457623615,0.33048371552444983,0.0801528552223782,0.37504191226607464,0.7502215670705537,0.07540505058849144,0.5221776710956088,0.15000691573851999,0.07089795620147245,0.04099820036923287,0.1582941077214438,0.14050091323738217,0.17783481467410422,0.030185829867925687,0.1004600556261117,0.29754693208890415,0.03968329755398306,0.09499184430309605,0.1009754879734036,0.030791383379886243,0.22889520211982067,0.6389412860855636,0.13954197369481938,0.16425488317148404,0.5262739239056738,1.1879516453635612,0.12358067727102287,0.04456157303678654,0.7350768565697996,0.08311867775660976,0.5679654932212311,0.3417752262000567,0.07963850147273485,0.2968077664390908,0.2280054174284648,0.00476430583392064,0.2347889369989035,0.1146369164155083,0.045112039450378394,0.00749066340610498,0.7127728970834581,0.07077444174094787,0.3343601174791472,0.33639531468301404,0.12664809956928655,0.47225506195135414,0.021474276086077042,0.15892826677162938,0.15544025054187746,0.33678274841615224,0.09236069948998735,0.1801260709859798,0.08787891315324967,0.09195531285086139,0.3533335444209368,0.17585908889762922,0.4336154335512282,0.15712938759565853,0.12648527945498342,0.7499085186356749,0.17747471327590358,0.023210071040484566,1.0002781327556047,0.15467114056685313,0.3602673372911261,0.09805533622349204,0.16864685497156723,0.26252956550209533,0.05892746547875644,0.07256857370311716,0.16023986336739496,0.07754490947617478,0.016553580518257494,0.1721827176205174,0.023847812800072445,0.10046903261708118,0.44844010697806647,0.5226944918413176,0.14276568423429517,0.41446475947974487,0.30778809812898345,0.2675084151389061,0.38923935923554936,0.6047364894517597,0.32143042857928744,0.13340844691602263,0.0644864304455249,0.03547592436208249,0.44004346328183525,0.115968317768518,0.08680236818135895,0.4867823428748559,0.4153335710471208,0.13704483173140544,0.294152186261328
KO_196,0.20285734810555184,0.2509749183053782,0.3685841368320281,0.23056370893550457,0.09791714270530263,0.20807354290394406,0.058912104564879664,0.1645605993455301,0.20239692396610615,0.09326565166944745,0.09645995554279206,0.6489816429305656,0.02687043511581507,0.2936361999842186,0.024041029908737785,0.17761114649138698,0.01537766202543187,0.18126357878356442,0.04949293053385379,0.06858968438810534,0.14912620811318714,0.2032009005800148,0.45206179192349055,0.0012724231543844568,0.19930800298055346,0.04108220763042917,0.034225462451741406,0.1165305678863234,0.6763080483082411,0.1589327618682795,0.041393462870462645,0.552193893558729,0.12761122882450682,0.21363213154252658,0.01788585302391127,0.2295941630725777,0.626095598749318,0.2678821953850513,0.5670345764874973,0.39200472870369196,0.4896807660590862,0.014756893316905178,0.341890997437614,0.0487359196122044,0.16750509619631027,0.7376026361845086,0.6946601331322181,0.2680268377183675,0.49270560850203765,0.579500777535577,0.14091154298756314,0.09488441816911371,0.18227571193008574,0.7165430472015017,0.7099100064294276,0.10838312941046384,0.16027622194877467,0.023276408924374884,0.05158707109717126,0.18455993845225152,0.0970287971453048,0.08257025788215955,0.4072071707098866,0.18569892478675729,0.19434705264719715,0.6939387583669909,0.6957043123009181,0.01872647827938823,0.16300413033216143,0.21259380317269844,0.24713338359638043,0.2281458969124658,0.09992434878003795,0.3521861603152621,0.43909750689981797,0.6361572030279047,0.059598186770773505,0.7701327355670898,0.49967577573079613,0.4129269405280052,0.37565325542630335,0.6630081089995372,0.14524647745129782,0.13343292990941336,0.4606274749852981,0.24664577393944714,0.4311160116589567,0.26358689005469266,0.1172205157786072,0.07054704753012192,0.38881058654294226,1.0926334844481234,0.044978160787658525,0.23416841750505515,0.0049214091825235,0.21141352858424325,0.30063552871586313,0.4987323367628106,0.8939184603948753,0.6416872311425472,0.7359913706241752,0.27888883587065105,0.6159637328534431,0.6748243936825826,0.02977860303631428,0.827809259656112,0.33048243895972,0.080151927703914,0.37496154918065216,0.7501182982987336,0.07541380580183435,0.5221889095817536,0.15004230633382182,0.07090203469193262,0.04099137275863469,0.15827434752418584,0.14049397135556455,0.17783885655755763,0.030193981756550803,0.10042822386276842,0.2975420002175349,0.0396888407017336,0.09499195719126055,0.10098706073886987,0.030794108708648998,0.22889889905939537,0.6390639536584947,0.1395348998499549,0.16424848117627602,0.5262548348886352,1.1879714965581285,0.12356823615077406,0.04455434486633849,0.7350250866533189,0.08310189550377667,0.5679418827549466,0.34182043498698444,0.07963958878144806,0.29680529431049113,0.22800957035379096,0.004764627574158876,0.23474964279597335,0.11468263103840287,0.045103073193645066,0.007487716908685475,0.7127285436321877,0.07078857560464452,0.33433851063655984,0.3364127366844392,0.12667978472639585,0.4722274180092299,0.021468786652037015,0.15893440643608375,0.15544038609273347,0.3368361135609034,0.09237779393629587,0.1801208949796056,0.08787745278494506,0.09196246973712585,0.35330930736487925,0.17587845277396008,0.4336080445644539,0.157168436152925,0.12650059779393172,0.74992132211123,0.17749329932775035,0.023216254268368423,1.000294236963,0.15468238514970709,0.360246216310806,0.09805076205992434,0.16864529890366578,0.2624976382195528,0.05893400030163161,0.0725587001811811,0.1602366127596956,0.07754910204611638,0.016549954659456446,0.17219143311756072,0.023845807830871105,0.10048348152314776,0.4484407381796106,0.5226292376295081,0.1427804193650294,0.41439253402942067,0.3077967972646893,0.2675530127671653,0.3892760999823575,0.6047620429444703,0.3214771269103967,0.13340654656473278,0.06449317013979387,0.03546399137514132,0.44002235850037447,0.11595850167253388,0.08678947550558792,0.4868364522455126,0.4153019559751723,0.13707363467995246,0.29415111995675547
KO_197,0.20289091512254306,0.25090947423648274,0.36862496841327036,0.23053372990775606,0.09790408914949351,0.2080378237514736,0.058896431766183206,0.16455852912092392,0.20240316347099238,0.09325300682085892,0.09642853826446306,0.6489790341215667,0.02687741284725255,0.29365689371826165,0.024044682693451183,0.17766036010063727,0.015374551322737916,0.1812918183367313,0.04949124269657802,0.0685611084680297,0.14913673480433312,0.20323139190870101,0.45207636225380465,0.001272224163334469,0.19928558175561042,0.04107286434247592,0.03422637080353296,0.11652274868535896,0.6763633375333133,0.15891190050796652,0.041381919922922054,0.5521702115569043,0.1276021999085533,0.21367114116104588,0.01788503811634381,0.22965087305576518,0.6260250515998617,0.2679597961884523,0.5670962906703894,0.39202824475111114,0.48967911424375565,0.01474788773075895,0.341834222301885,0.04871422971211445,0.16751298131982018,0.7375922145449822,0.6946433901697363,0.2680295734599365,0.4926702132999124,0.5794497258115483,0.1409195050809937,0.0949028996069061,0.1822625872074799,0.7165779817655311,0.7099389969691297,0.10839269158413083,0.16026989592906069,0.023276747178195757,0.05159153432808729,0.18458138699324597,0.09701665118825999,0.08256537405370633,0.4072388918996781,0.18568387948317203,0.19432569203029115,0.6938465257108735,0.6957425126496861,0.01872941026613627,0.1630131119602948,0.21260692141897722,0.24717091542288316,0.22811348973387452,0.09992952723320786,0.35212539159141504,0.4391103735550874,0.6361426028342554,0.059601920319035204,0.7701635804415129,0.49973904901242017,0.413010073919446,0.3756628336444849,0.6630006383811754,0.14524343870082126,0.13344896419593297,0.460672161838061,0.24665948746235528,0.4312067644019761,0.26360876403314853,0.11720795583033565,0.07053748885917584,0.3888077425870941,1.092614971257709,0.04497727304064326,0.2341438241576064,0.0049189179716135146,0.21138536033176658,0.300645573052467,0.4987468731290481,0.8940094218790291,0.6417075355432817,0.7359653694317186,0.2789488495718098,0.615920736132687,0.6748572750780546,0.02978036219470627,0.8278597093394902,0.3304548830205603,0.08014652985953795,0.37497426839123177,0.7502047865783416,0.07541747589964186,0.5222002050047864,0.15001314191258716,0.07089510092097569,0.040997045763505956,0.15829486697666115,0.14050760312640873,0.17784686994350404,0.030189061344052727,0.10044355244269794,0.2975413331008196,0.03968719899311409,0.09498536814202835,0.10098271739283154,0.030791959459298662,0.22889103660079266,0.638980913362426,0.13951137856492668,0.164242877102654,0.5262558364174315,1.1879205156281296,0.12358227543320259,0.04456319303680365,0.7350713060684488,0.08311977527335283,0.5679706518819614,0.3418308852608983,0.07964117736510157,0.2968020007800487,0.22802048349148302,0.004768429460650567,0.2347986034344054,0.11465054474595106,0.04511102755204214,0.007489977583866552,0.712823992269731,0.0707821879095255,0.3343497803714747,0.33641119704275985,0.12667101822735516,0.4722606061996166,0.021470125080771826,0.15893534042069693,0.15544919266481697,0.336811769262209,0.09236861183506549,0.18013396829936057,0.08786385424260289,0.09194613067403593,0.35334319944852793,0.17585745271635217,0.4336219315336001,0.15714677031812022,0.12649580531092652,0.7499518815447651,0.17747635925207145,0.02320429506094887,1.00028954884313,0.15467028806791466,0.3602877702088057,0.09805975054864825,0.16866058364405384,0.2625056814776406,0.05892291148857107,0.07256462842410184,0.16025103903492272,0.07754824163310307,0.01654391945374688,0.17218888122098608,0.023847332729522188,0.10046286074316349,0.4484165810587496,0.52270530087173,0.14276015056976443,0.41443663518875445,0.30780499160168745,0.2675158198735179,0.38925585761853737,0.6047244178934146,0.32147448832994385,0.13341583010896366,0.06448019712848095,0.03547306477095653,0.4399917217678155,0.1159652991144389,0.08678641012966688,0.4868199332274109,0.41536722632264733,0.13707515897408243,0.2941436929778841
KO_198,0.20285831130414148,0.2509382282891481,0.3686092436727132,0.2305544083141912,0.09793434200142105,0.20805972959268307,0.0589140546842424,0.16455727722645436,0.20240352106311496,0.0932666654598591,0.09645820441077523,0.6489649806632883,0.026873031044126992,0.2936599785651174,0.024041595817492857,0.1776440143839046,0.015372740253665465,0.18127425685845672,0.049490885630171295,0.06857747581461596,0.14915295384964633,0.2032228633501309,0.4521022724682631,0.0012710829519172254,0.1993057291438128,0.041061437592219883,0.03422854296924784,0.116550872963426,0.6762885279216326,0.158928093911885,0.04137302351082373,0.5521774031135779,0.1276105820862392,0.21366340411528836,0.017888488074960872,0.22963703866307092,0.62606829264427,0.2678931622155129,0.5670270347686038,0.39202321276013713,0.4896558340560505,0.014755266684189252,0.34184695182984526,0.04872039800696999,0.16749578193674577,0.7376147421617036,0.6945889074136102,0.2679894559018487,0.4927014756607068,0.5794562597623643,0.14093344034234112,0.09490291673108431,0.18224815245861617,0.7165212632859043,0.7098954134421219,0.10837353326304089,0.16026659716312477,0.023275225154167554,0.051583960670729796,0.18457888993004493,0.09701879721160832,0.08257839685569103,0.40722944338902656,0.18571507150126998,0.1943447381844231,0.6938639757678259,0.6957605685781306,0.01873439154825858,0.1630123776893885,0.21263187747721718,0.24716929944619093,0.22816870466636474,0.09993956027927883,0.3521359378394829,0.4390910145913381,0.6361939542631735,0.05959365466398972,0.7701777181320173,0.499725412923662,0.41295854518013725,0.3756583705114443,0.6630178997815954,0.14525246337314376,0.13346154149614184,0.4606269987183988,0.24665641598935686,0.43114150009575747,0.26361273859541323,0.11721337866929649,0.07055171044874373,0.3888189788661262,1.0926382926625338,0.04497688259787105,0.23413149085540227,0.0049184123865478775,0.21138667759611476,0.3006309287684929,0.49870885603037424,0.8939041585137486,0.6416959761240192,0.7359764197873758,0.2789142781572,0.6159226804579876,0.6748186013729139,0.02978224364514892,0.8278936000812355,0.3304575068291388,0.08016559395946422,0.37496370442075594,0.7501701061265783,0.07542525828304594,0.5221951505762328,0.15003773471982643,0.07089912476979039,0.04099017530503676,0.15826866619231522,0.14049878350178707,0.17783423824013506,0.030191477849845945,0.1004478090486421,0.2975723111321841,0.0396825695384923,0.09499729178023888,0.10097832885846418,0.030791403983141685,0.22892618594074338,0.6390386139757995,0.13954490392731328,0.16425168344074736,0.5262277816025036,1.18798945900765,0.12356984277508717,0.04456081080546437,0.7350113591861253,0.08311351940391297,0.567958692579406,0.3418316023658172,0.07963163822998455,0.2968078974333055,0.22800735029650268,0.004767213487240156,0.234771841795937,0.11469744517014444,0.04510602095332737,0.007491285263801832,0.7127329658048754,0.07077099539058267,0.33435452206006167,0.33637308586495146,0.12668198828251362,0.4723012952673463,0.021469290498633373,0.15891999655527253,0.1554348923162118,0.3368029296367269,0.09237482056332716,0.18011246175028822,0.08787595295920154,0.0919565235650413,0.35333300159671843,0.17586139013390228,0.43358050732237047,0.15715600275359778,0.12649453264492552,0.7498936765730396,0.17748556534969953,0.023206481688041646,1.000258461400997,0.15467380540367365,0.3602893532835755,0.09803921769810096,0.1686529552072628,0.2625202952792653,0.05893367309921517,0.07256180895201501,0.1602625475898226,0.07755035247727023,0.01655233945509171,0.17217951807468984,0.023848272595931527,0.10048777757033038,0.4484313801796899,0.5226665702984767,0.1427614833483554,0.4144551998157064,0.30779137322311106,0.26752268950424707,0.3892461189077751,0.6047452573076844,0.3214836211637451,0.13341104189204356,0.06448914245754729,0.03547152533501888,0.43998384889198444,0.11596440554971263,0.08679353682155648,0.4868303816968657,0.4153690185698617,0.13705047895262568,0.29415533483596096
KO_199,0.20284319644341367,0.2509652101506058,0.3685646979826368,0.23051936012887314,0.09791692512468349,0.20809641515657745,0.058918902618655525,0.16454910547915416,0.20240182494676742,0.09326035930395814,0.09645373568248414,0.6489485086727399,0.026873316644105028,0.29366160451750256,0.02404111761559785,0.17762337047584387,0.0153809078231241,0.18129007616077517,0.04947515898772965,0.068598290136289,0.1491279490630829,0.2031963563095604,0.4520519106692235,0.0012726283474941075,0.19929695747524642,0.04107897591428658,0.0342259143172847,0.11653581971242885,0.6762834175627752,0.1589044165814288,0.041385846033957424,0.5521674666575068,0.12762457206232036,0.2136315065290318,0.017878453582811628,0.22960314715648855,0.6260330307922416,0.2678797947973453,0.567047900494713,0.3920144327416728,0.4896613228495663,0.014753060982093516,0.34184234680858583,0.04872308770987647,0.16748776353883543,0.7376142407844718,0.6945927255457849,0.2680444122690605,0.4927021072124946,0.5794718346012387,0.1409205823529858,0.09489145702900594,0.1822681988695927,0.7165256414416151,0.7099000865582499,0.10837471118690718,0.1602947635150801,0.02327606744894173,0.05158346828774417,0.18454518904857548,0.09701681408606093,0.08256936354780084,0.4071651600531788,0.18568555583638446,0.19433584185847086,0.6938963564504501,0.6957553964319401,0.018728453330496324,0.1630052831594741,0.2126177432868282,0.24712143739234843,0.22817682036382786,0.09990973002011781,0.3522113758155148,0.4391065850648268,0.6362069172390767,0.05960263079501751,0.7701151556375385,0.4997174326280616,0.41294455531585417,0.37572352459543296,0.6630165615430182,0.14522549788381078,0.13344780882626509,0.4606815335505864,0.24665894173822894,0.43112524502273014,0.26359351285842497,0.11721612323721425,0.07054602251623442,0.38880513144174256,1.0924346616156961,0.044970884379382604,0.23414286804095658,0.004919622569699495,0.2113936094968251,0.3006384052364292,0.4986937285968379,0.8939206220810385,0.6416880601863946,0.7359776101927739,0.27890210458284326,0.6159358468594553,0.674844616015875,0.029782662297988812,0.827840470955676,0.3304794116275474,0.08013762267198177,0.3749384911507082,0.7501480818043136,0.07542154784247934,0.522218697576831,0.1500351270206561,0.07089903329859122,0.040993019764008244,0.15826366687123403,0.14050985577919106,0.17785646179174947,0.03019411607794937,0.10043450094016107,0.2975677713258665,0.03968447740304128,0.09499892056535154,0.10097602778086588,0.030800661368692202,0.2289054703411234,0.639052530466381,0.13953864875585678,0.1642788506823842,0.5262636790419282,1.188044164633841,0.12357495846683844,0.04456184847263268,0.7350514375202027,0.08313230104099643,0.5679438567654509,0.34183902561937785,0.07964105478965952,0.29678070166502285,0.22801156924725366,0.004766668208908808,0.23475765417323347,0.11467942462717029,0.04511072281234707,0.0074913159057948455,0.7127533173005578,0.07077621513351764,0.3343320559732367,0.3364158288766698,0.12667819508737646,0.47227036155582225,0.021460862356949762,0.1589261148722461,0.15545969578106192,0.336838673671459,0.09237728359679598,0.1801205273341209,0.08787588518425159,0.09196035305275943,0.35334058652789674,0.1758884095299322,0.43361433525909915,0.1571513249015506,0.1264840390076788,0.7498876615846366,0.1774782617928751,0.023211586300337688,1.000260254616962,0.15467177715638222,0.36028423041741525,0.09804297733951971,0.16863853183475958,0.2625132096795251,0.058935610526357825,0.07254807400382149,0.1602476274000145,0.07754608798912271,0.016555284155570216,0.17217983458022698,0.02385060254463979,0.10047961629008585,0.44844690188654474,0.5226902850238861,0.14275522056169626,0.4143871314624405,0.3078060424653383,0.26755102895114413,0.38923245618424207,0.6047323292219038,0.321461377649242,0.13341680173931006,0.06449684769341141,0.03546650919649147,0.4400057921957258,0.11595453136152842,0.08679718370352928,0.4867972457259103,0.4153638584843719,0.13704761759564332,0.29415214163338765
